name,id,dlc,featureflag,factions,category,class,propulsion,wiki,portrait,icon,minimap,tier,requires,formation,emblem,squad type,rank,members,steering type,music intensity,models,volume,tilesize,height,scale,level,tileBlockingLevel,sound,gender,weapon,power shot,abilities,lifetime,hitpoints,armor,armor type,supply,support,funds,materiel,cap,xp mod,build time,speed,rotation,turret,flight,LOS,cone,capture,cargo,garrison,switch,alternateUnitTypes,decoration,hit,death,death.blood,death.deathEffect,attributes,code,traits,transform restrictions,combat stance,target priority,climbing,hopperThings,// Animations,death variations,attack variations,dropship anim,bug mound,heal,carryableConfig,landingPad,transportConfig,spawnConfig,attachment,pupaeDefense,squadDefender,notification,carrying,radiuscapturing,invasionMarker,invasion,construction effect,step effect,constructor,constructable
//,,,,,,,,,,,,,,,,,,,,,"; separated list of [{environmentVariationTag1}:][{environmentVariationTag2}:]{prefabName} | Prefab name can be prefixed with one or more variation tags, which when the tag is enabled in current landscape switch the unit to only use models with that tag",,,// Note: This is multiplied by scale,,,,,,,,,,,,,,,funds used by lava dlc mercs,,,,,,,,,,loscone,,This is the distance from the carrier they will move to,,,"these unit types are ""alternate"" version of this type and count as the same unit in the unit purchase display",,,,,"only actual Effect, no switches etc",,does this unit have in-code configuration,traits support commenting for wip nonimplemented traits: //myprototypetrait,,,,,,,anim,,"Use v2 dropship animation system: animated; landAnim: {landduration} ({keyTime} ({effectTypeName} | ""flare""); ...) ; takeoffAnim: {takeoffduration} ({keyTime} ({effectTypeName} | ""flare""); ...) ",,,,landingpad; [overrideTransportType: {unitTypeName}],,,,,"spawn defenders that follow the ""leader"" unit",,,,configure spawn behaviour of invasion markers,can this unit be used as an invasion wave spawner,,,,
,,,,,,,,,,,,,,,,,,,,,,,,,,,,,,,,,,,,,,,,,,,,,,,,,,,,,,,,,,,,,,,,,,,,,,,,,,,,,,,,,,,,,,,,,
// BASE GAME: FEDERATION,,,,,,,,,,,,,,,,,,,,,,,,,,,,,,,,,,,,,,,,,,,,,,,,,,,,,,,,,,,,,,,,,,,,,,,,,,,,,,,,,,,,,,,,,
,,,,,,,,,,,,,,,,,,,,,,,,,,,,,,,,,,,,,,,,,,,,,,,,,,,,,,,,,,,,,,,,,,,,,,,,,,,,,,,,,,,,,,,,,
Rifle_Squad,0,base,,federation,ground,infantry,foot,Rifle_Squad,trooper,0,,,/,checker; 0.3; 1.4; 1.4; 3,offset: 5,squad,1,12,,,Basic_Infantry_0; Basic_Infantry_1; Basic_Infantry_2,0.7,,1.76,1; 1.1,,,rifle_squad,,Morita_MkI 0,Stungun,Grenade; Shotgun; Bundled_Grenades,,60,0,,3,,,,,,,3.9,360,,,50,,,,,,,,Blood,,156; 10; 10,standard: Blood_Death,human; canCaptureHive,,garrison; canPurchase,,,,,,,3,,,,1,enabled,,preferredTransport: DR-4_Viking,,,,,,,,,,,,,
Radio_Operator,2,base,,federation,ground,infantry,foot,Radio_Operator,radio,5,,,Support_Center,line; 0.3; 2.0; 2.0; 1,offset: 5,squad,2,2,,,Radio_Operator,0.7,,1.76,1; 1.1,,,radio_operator,,Morita_MkI_Secondary,,Reinforce; Dropship_Strike; Propaganda_Broadcast,,60,0,,2,,,,,,,3.9,360,,,50,,,,,,,,Blood,,156; 10; 10,standard: Blood_Death,human,,garrison; canPurchase,,,,,,,3,,,,1,enabled,,preferredTransport: DR-8_Skyhook,,,,,,,,,,,,,
Engineers,42,base,,federation,ground,infantry,foot,Engineers,engineer,4,,,Support_Center,checker; 0.3; 3.0; 1.8; 2,offset: 5,squad,1,3,,,Basic_Engineer,0.7,,1.76,1; 1.1,,,engineers,female,Morita_Flamer,,Fire_Grenade; Demolition_Charge; Blazing_Spear,,80,10,,2,,,,,2,,3.9,360,,,50,,,,,,,,Blood,,156; 10; 10,standard: Blood_Death,human; canCaptureHive,,garrison; canPurchase,,,,,,,3,,,,1,enabled,,preferredTransport: DR-8_Skyhook,,,,,,,,,,welding,,purchase: mg_turret rocket_turret grenade_turret; construct: (attribute: repairable),
Sniper,35,base,,federation,ground,infantry,foot,Sniper,sniper,2,,,Command_Center,line; 0.3; 2.0; 2.0; 1,offset: 5,squad,2,2,,,Basic_Sniper_0,0.7,,1.76,1; 1.1,,,sniper,male,Morita_Sniper 0,,Sprint; Crippling_Shot; Sensor_Flare,,60,0,,2,,,,,0.5,,3.9,360,,,65,,,,,,,,Blood,,156; 10; 10,standard: Blood_Death,human,,garrison; shootThroughSoldiers; noFireBlocking; canPurchase,,,,,,,3,,,,1,enabled,,preferredTransport: DR-8_Skyhook,,,,,,,,,,,,,
Tactical_Officer,83,base,,federation,ground,infantry,foot,Tactical_Officer,vet,7,,,Command_Center,/,offset: 4,direct,2,1,,,Tactical_Officer_0,0.7,,1.76,1,,,tactical_officer,male,Officer_Morita_MkIII,Officer_Morita_MkIII_Grenade,Designate_Target; Tactical_Command; Inspiring_Command,,80,0,,1,,,,,0.5,,3.9,360,,,50,,,,,,,,Blood,,156; 10; 10,standard: Blood_Death,human,,garrison; shootThroughSoldiers; noFireBlocking; singleton; canPurchase,,,,,,,3,,,,1,enabled,,preferredTransport: DR-8_Skyhook,,,,,,,,,,,,,
Rocketeers,21,base,,federation,ground,infantry,foot,Rocketeers,rocket,1,,,Rocket_Depot,line; 0.3; 2.0; 2.0; 1,offset: 5,squad,2,2,,,Basic_Rocketeer_0,1.2,,1.76,1; 1.1,,,rocketeers,male,APHE_Rocket,,HE_Rocket; Canister_Rocket; Fire_Rocket; Klendathu_Nuke,,60,0,,2,,,,,0.7,,3.9,360,,,50,,,,,,,,Blood,,156; 10; 10,standard: Blood_Death,human,,garrison; canPurchase,,,,,,,3,,,,1,enabled,,preferredTransport: DR-8_Skyhook,,,,,,,,,,,,,
,,,,,,,,,,,,,,,,,,,,,,,,,,,,,,,,,,,,,,,,,,,,,,,,,,,,,,,,,,,,,,,,,,,,,,,,,,,,,,,,,,,,,,,,,
// Mk.II TROOPERS,,,,,,,,,,,,,,,,,,,,,,,,,,,,,,,,,,,,,,,,,,,,,,,,,,,,,,,,,,,,,,,,,,,,,,,,,,,,,,,,,,,,,,,,,
Heavy_Troopers,23,base,,federation,ground,infantry,foot,Heavy_Troopers,heavy,3,,,Grenade_Depot,checker; 0.3; 1.4; 1.6; 2,offset: 5,squad,1,8,,,Basic_Heavy_Trooper,0.7,,1.76,1; 1.1,,,heavy_troopers,,Morita_MkII 0,Morita_MkII_Grenade,Grenade_Barrage; Flak_Grenades; Ripper_Barrage,,60,0,,3,,,,,,,3.9,360,,,50,,,,,,,,Blood,,156; 10; 10,standard: Blood_Death,human; canCaptureHive,,garrison; canPurchase,,,,,,,3,,,,1,enabled,,preferredTransport: DR-4_Viking,,,,,,,,,,,,,
,,,,,,,,,,,,,,,,,,,,,,,,,,,,,,,,,,,,,,,,,,,,,,,,,,,,,,,,,,,,,,,,,,,,,,,,,,,,,,,,,,,,,,,,,
// M4 GRINDER,,,,,,,,,,,,,,,,,,,,,,,,,,,,,,,,,,,,,,,,,,,,,,,,,,,,,,,,,,,,,,,,,,,,,,,,,,,,,,,,,,,,,,,,,
Hover_HMG,4010,base,,federation,ground,vehicle,mech,Hover_HMG,,133,,,Grenade_Depot,/,,direct,2,1,BigUnit 120,,Hover_HMG,3,,1.8,1,,,Hover_HMG,,Hover_HMG_Burst,,Hover_HMG_Hover; Hover_HMG_Elite_A; Hover_HMG_Elite_B,,200,20,,2,,,10,,,20,4,200,80; pitch: 60 -5 85,,30,,,,,Hover_HMG_Airborne,Hover_HMG_Airborne,,Sparks,ragdoll: (),,E_Turret_Death,human,,suppressionImmune; cannotCapture; bigCollisionLayer; canSelfDestruct; canPurchase; overwatch,,,,,,,,,,,,enabled,,preferredTransport: DR-4_Viking; disband: false,,,,,,,,,,,,,
Hover_HMG_Airborne,4045,base,,federation,air,vehicle,static,Hover_HMG,,133,,,/,/,offset: 4,direct,2,1,BigUnit 120,,Hover_HMG_Airborne,3,,1.8,1,2,,Hover_HMG,,Hover_HMG_Airborne_Burst,,Hover_HMG_Descend; Hover_HMG_Elite_A; Hover_HMG_Elite_B,,200,20,,2,,,10,,,20,/,200,80; pitch: 60 -20 85,5,50,,,,,Hover_HMG,,,Sparks,ragdoll: (),,Hover_HMG_Death,human; fireproof,1,suppressionImmune; cannotCapture; canSelfDestruct; noEditor; noCollider,,,,,,,,,,,,enabled,,preferredTransport: DR-4_Viking; noPlayerInput: (),,,,,,exit: instant,,,,,,,
Hover_HMG_Hellraiser_Fire,4087,base,,gaia,ground,device,static,,,/,none,,,/,type: none,direct,/,1,,,Fire_Medium,12,,0.1,1,,,,,Hover_HMG_Hellraise_Shot,,/,15 remove,/,/,,,,,,,,,/,/,,,15,,,,,,,,,,,,,,noUnitCard; inaccessible; noEditor; forceRogue; alwaysVisible; noCollider; nightVision,,,,,,,,,,,,,,,,,,,,,,,,,,,
,,,,,,,,,,,,,,,,,,,,,,,,,,,,,,,,,,,,,,,,,,,,,,,,,,,,,,,,,,,,,,,,,,,,,,,,,,,,,,,,,,,,,,,,,
// E-PULSE TROOPERS,,,,,,,,,,,,,,,,,,,,,,,,,,,,,,,,,,,,,,,,,,,,,,,,,,,,,,,,,,,,,,,,,,,,,,,,,,,,,,,,,,,,,,,,,
E-Pulse_Infantry,1101,base,,federation,ground,infantry,foot,E-Pulse_Infantry,epulse,28,,,Grenade_Depot,checker; 0.3; 1.4; 1.4; 3,offset: 5,squad,1,12,,,E-Pulse_Trooper_0,0.7,,1.76,1; 1.1,,,E-Pulse_Infantry,,E-Pulse_44 0,,Battery_Overload; Battery_Bomb; Battery_Light; E-Pulse_Welder,,60,0,,3,,,,,,,3.9,360,,,50,,,,,,E-Pulse_Welders,,Blood,,156; 10; 10,standard: Blood_Death,human; canCaptureHive,,garrison; canPurchase,,,,,,,3,,,,1,enabled,,preferredTransport: DR-4_Viking,,,,,,,,,,,,,
E-Pulse_Welders,166,base,test,federation,ground,infantry,foot,E-Pulse_Infantry,epulse,28,,,Grenade_Depot,checker; 0.3; 1.4; 1.4; 3,offset: 4,squad,1,12,,,E-Pulse_Welder_0,0.7,,1.76,1; 1.1,,,E-Pulse_Infantry,,E-Pulse_44 0,,Battery_Overload,,60,0,,3,,,,,,,3.9,360,,,50,,,,,,,,Blood,,156; 10; 10,standard: Blood_Death,human; canCaptureHive,,garrison; noEditor,,,,,,,3,,,,1,enabled,,preferredTransport: DR-4_Viking,,,,,,,,,,welding,,purchase: mg_turret rocket_turret grenade_turret; construct: (attribute: repairable),
,,,,,,,,,,,,,,,,,,,,,,,,,,,,,,,,,,,,,,,,,,,,,,,,,,,,,,,,,,,,,,,,,,,,,,,,,,,,,,,,,,,,,,,,,
// FORTIS E-PULSE TROOPERS,,,,,,,,,,,,,,,,,,,,,,,,,,,,,,,,,,,,,,,,,,,,,,,,,,,,,,,,,,,,,,,,,,,,,,,,,,,,,,,,,,,,,,,,,
Exosuit_E-Troopers,124,base,,federation,ground,infantry,foot,Exosuit_E-Troopers,,131,,,Power_Plant,checker; 0.3; 1.6; 1.6; 3,offset: 5,squad,1,10,,,Exosuit_E_Pulse,0.8,,1.76,1.12; 1.15,,,Exosuit_E-Troopers,,E-Pulse_44 0,,Exosuit_Bastion_Deploy; Exosuit_Battery_Overload; Exosuit_Electrocute,,100,40,,3,,,5,,,,3.9,360,,,50,,,,,Exosuit_E-Troopers_Deployed,Exosuit_E-Troopers_Deployed,,Blood,,156; 10; 10,standard: Blood_Death,human; canCaptureHive,,garrison; canPurchase,,,,,,,3,,,,1,enabled,,preferredTransport: DR-4_Viking,,,,,,,,,,,,,
Exosuit_E-Troopers_Deployed,1154,base,,federation,ground,infantry,static,Exosuit_E-Troopers,,131,,,Power_Plant,checker; 0.3; 1.6; 1.6; 3,offset: 5,squad,1,10,,,Exosuit_E_Pulse_Deployed,0.8,,1.76,1.12; 1.15,,,Exosuit_E-Troopers,,E-Pulse_44 0,,Exosuit_Bastion_Undeploy; Exosuit_Battery_Overload; Exosuit_Electrocute,,100,60,,3,,,5,,,,/,360,,,30,,,,,Exosuit_E-Troopers,,,Blood,,156; 10; 10,standard: Blood_Death,human; canCaptureHive,,garrison; noEditor; noAutoTarget,,,,,,,3,,,,1,enabled,,preferredTransport: DR-4_Viking; noPlayerInput: (),,,,,,exit: instant,,,,,,,
,,,,,,,,,,,,,,,,,,,,,,,,,,,,,,,,,,,,,,,,,,,,,,,,,,,,,,,,,,,,,,,,,,,,,,,,,,,,,,,,,,,,,,,,,
// M6 JAEGER,,,,,,,,,,,,,,,,,,,,,,,,,,,,,,,,,,,,,,,,,,,,,,,,,,,,,,,,,,,,,,,,,,,,,,,,,,,,,,,,,,,,,,,,,
Mech_AT,1102,base,,federation,ground,vehicle,mech,Mech_AT,,86,,,Power_Plant,/,offset: 5.5,direct,2,1,BigUnit 150,,Mech_AT,3,,1.8,0.9,1,,Mech_AT,,Mech_Cannon_Shot,,Mech_AT_Proximity_Defense; Mech_AT_Elite_A; Mech_AT_Elite_B,,300,60,,2,,,20,,,20,6,200,120; pitch: 120 -10 20,,30,,,,,#REF!,,,Sparks,ragdoll: (),,E_Turret_Death,human,,suppressionImmune; cannotCapture; bigCollisionLayer; canSelfDestruct; canPurchase; overwatch,,,,,,,,,,,,enabled,,preferredTransport: Drop_Pod; noPlayerInput: (),,,,spawn: (type: Mech_AT_Drone; interval: 10; amount: 1); followRange: 5; returner: (maxRange: 20; minRange: 5); teleportBackRange: 40; dieWithLeader: (),,,,,,,,,
Mech_AT_Drone,1127,base,,federation,air,generic,rotor,,,/,none,,,/,type: none; offset: 2,direct,1,1,,,Mech_AT_Drone,1,,1,1,,,,,Mech_AT_Drone_Laser,,Grenade,,40,0,,/,,,,,,,10,300,,8,30,,,,,Mech_AT_Drone_Kamikaze,,,Sparks,ragdoll: (),,Flak_Explosion,inanimate,,suppressionImmune; inaccessible; noExperience; cannotCapture,,aggressive,,,,,,,,,2,,,,,,,,,,,,,,,,
Mech_AT_Drone_Kamikaze,1128,base,,federation,air,generic,rotor,,,/,none,,,/,type: simple; offset: 2,direct,1,1,,,Mech_AT_Drone,1,,1,1,,,Kamikaze_Drone,male,Mech_AT_Drone_Kamikaze,,/,10 kill,40,0,,/,,,,,,,10,300,,8,30,,,,,,,,Sparks,ragdoll: (),,Flak_Explosion,inanimate,,suppressionImmune; noExperience; cannotCapture,,holdFire,,,,,,,,,,,,,,,,,,,,,,,,,
,,,,,,,,,,,,,,,,,,,,,,,,,,,,,,,,,,,,,,,,,,,,,,,,,,,,,,,,,,,,,,,,,,,,,,,,,,,,,,,,,,,,,,,,,
// M9 SLEDGEHAMMER,,,,,,,,,,,,,,,,,,,,,,,,,,,,,,,,,,,,,,,,,,,,,,,,,,,,,,,,,,,,,,,,,,,,,,,,,,,,,,,,,,,,,,,,,
Mech_Mortar,4017,base,,federation,ground,vehicle,mech,Mech_Mortar,,85,,,Fleet_Relay,/,offset: 7,direct,1,1,BigUnit 90,,Sledgehammer_Mech,4,,4.5,0.95,1,,Mech_Mortar,,Mech_Mortar_Shot,,Mech_Mortar_Deploy; Mech_Mortar_Firewall; Mech_Mortar_Turret_Pod,,500,70,,3,,,25,,,20,4,100,,,40,,,,,Mech_Mortar_Deployed,Mech_Mortar_Deployed,,Sparks,ragdoll: (),,E_Turret_Death,inanimate; temp-minrangepowershot,,suppressionImmune; cannotCapture; bigCollisionLayer; canSelfDestruct; canPurchase,,,,,,,,,,,,enabled,,preferredTransport: Drop_Pod; noPlayerInput: (),,,,,,,,,,,,,
Mech_Mortar_Deployed,4026,base,,federation,ground,vehicle,mech,Mech_Mortar,,85,,,Fleet_Relay,/,offset: 7,direct,2,1,BigUnit 90,,Sledgehammer_Mech_Deployed,4,,4.5,0.95,1,,Mech_Mortar,,Mech_Mortar_Deployed_Shot,,Mech_Mortar_Undeploy; Mech_Mortar_Firewall; Mech_Mortar_Turret_Pod,,500,70,,3,,,25,,,20,3,100,,,80,,,,,Mech_Mortar,,,Sparks,ragdoll: (),,E_Turret_Death,inanimate,,suppressionImmune; cannotCapture; bigCollisionLayer; canSelfDestruct,,,,,,,,,,,,enabled,,preferredTransport: Drop_Pod; noPlayerInput: (),,,,,,,,,,,,,
Mech_Mortar_Turret,1129,base,,federation,ground,structure,fundament,,,/,,,/,/,type: simple,direct,/,1,,,Mortar_Mech_Turret_Shell,0.8,,,,,,,,Mech_Mortar_Turret_Shot 0,,/,25 kill,40,10,,/,,,,,,,/,/,120; pitch: 120 -35 80,,30,,,,,,,,Sparks,ragdoll: (),,Mortar_Mech_Turret_Death,inanimate,,noCollider; noUnitCard; noCollider; uncontrollable; noExperience; noEditor,,,,,,,,,,,,,,,,,,,attack: turret,,,,,,,,
,,,,,,,,,,,,,,,,,,,,,,,,,,,,,,,,,,,,,,,,,,,,,,,,,,,,,,,,,,,,,,,,,,,,,,,,,,,,,,,,,,,,,,,,,
// POWER SUIT TROOPERS,,,,,,,,,,,,,,,,,,,,,,,,,,,,,,,,,,,,,,,,,,,,,,,,,,,,,,,,,,,,,,,,,,,,,,,,,,,,,,,,,,,,,,,,,
Power_Infantry,10,base,,federation,ground,infantry,foot,Power_Infantry,power,24,,,Sector_Headquarters,mob; 0.3; 2.8,offset: 5,squad,1,7,,,Power_Infantry,1,,1.76,1.12; 1.15,,,Power_Infantry,,PS_Light_AR,,Grenade; Heavy_AR; Rocket_Pack; Engineering_Tools,,120,50,,3,,,10,,3,,7,360,,,50,,,,,Power_Infantry_Hover,Power_Rocketeers; Power_Heavy; Power_Engineers,,Sparks,,156; 10; 10,,human; canCaptureHive; gasImmune,,garrison; canPurchase,,,,,,,3,,,,1,enabled,,preferredTransport: DR-4_Viking,,,,,,,,,,,,,
Power_Infantry_Hover,37,base,,federation,ground,infantry,foot,Power_Infantry,power,24,,,/,mob; 0.3; 2.8,offset: 5,squad,1,7,,,Power_Infantry_Hover,1,,1.76,1.12; 1.15,,,Power_Infantry,,PS_Light_AR_Hover,,Deactivate_Jetpack; Heavy_AR; Rocket_Pack,,120,50,,3,,,10,,3,,8.5,1000,1000,,50,,,,,Power_Infantry,,,Sparks,,156; 10; 10,,human; canCaptureHive; gasImmune,,garrison; noEditor; suppressionResistant; hasFuel; burnFuel,,,,,,,3,,,,1,enabled,,preferredTransport: DR-4_Viking,,,,,,,,,,,,,
Power_Rocketeers,22,base,,federation,ground,infantry,foot,Power_Infantry,power,24,,,/,mob; 0.3; 2.8,offset: 5,squad,1,7,,,Power_Rocketeer,1,,1.76,1.12; 1.15,,,Power_Infantry,,PS_Light_AR 0,PS_Missile_Launcher 1,Grenade; Rocket_Pack_Unlocked,,120,50,,3,,,10,,,,7,360,,,50,,,,,Power_Rocketeers_Hover,,,Sparks,,156; 10; 10,,human; canCaptureHive; gasImmune,,garrison; noEditor,,,,,,,3,,,,1,enabled,,preferredTransport: DR-4_Viking,,,,,,,,,,,,,
Power_Rocketeers_Hover,24,base,,federation,ground,infantry,foot,Power_Infantry,power,24,,,/,mob; 0.3; 2.8,offset: 5,squad,1,7,,,Power_Rocketeer_Hover,1,,1.76,1.12; 1.15,,,Power_Infantry,,PS_Light_AR_Hover,,Deactivate_Jetpack; Rocket_Pack_Unlocked,,120,50,,3,,,10,,,,8.5,1000,1000,,50,,,,,Power_Rocketeers,,,Sparks,,156; 10; 10,,human; canCaptureHive; gasImmune,,garrison; noEditor; suppressionResistant; hasFuel; burnFuel,,,,,,,3,,,,1,enabled,,preferredTransport: DR-4_Viking,,,,,,,,,,,,,
Power_Heavy,36,base,,federation,ground,infantry,foot,Power_Infantry,power,24,,,/,mob; 0.3; 2.8,offset: 5,squad,1,7,,,Power_Heavy,1,,1.76,1.12; 1.15,,,Power_Infantry,,PS_Heavy_AR,,Grenade; Heavy_AR_Unlocked,,120,50,,3,,,10,,,,7,360,,,50,,,,,Power_Heavy_Hover,,,Sparks,,156; 10; 10,,human; canCaptureHive; gasImmune,,garrison; noEditor,,,,,,,3,,,,1,enabled,,preferredTransport: DR-4_Viking,,,,,,,,,,,,,
Power_Heavy_Hover,33,base,,federation,ground,infantry,foot,Power_Infantry,power,24,,,/,mob; 0.3; 2.8,offset: 5,squad,1,7,,,Power_Heavy_Hover,1,,1.76,1.12; 1.15,,,Power_Infantry,,/,,Deactivate_Jetpack; Heavy_AR_Unlocked,,120,50,,3,,,10,,,,8.5,1000,1000,,50,,,,,Power_Heavy,,,Sparks,,156; 10; 10,,human; canCaptureHive; gasImmune,,garrison; noEditor; suppressionResistant; hasFuel; burnFuel,,,,,,,3,,,,1,enabled,,preferredTransport: DR-4_Viking,,,,,,,,,,,,,
Power_Engineers,43,base,,federation,ground,infantry,foot,Power_Infantry,power,24,,,/,mob; 0.3; 2.8,offset: 5,squad,1,7,,,Power_Engineer,1,,1.76,1.12; 1.15,,,Power_Infantry,,PS_AR_Welder,,Engineering_Tools_Unlocked,,120,50,,3,,,10,,,,7,360,,,50,,,,,Power_Engineers_Hover,,,Sparks,,156; 10; 10,,human; canCaptureHive; gasImmune,,garrison; noEditor,,,,,,,3,,,,1,enabled,,preferredTransport: DR-4_Viking,,,,,,,,,,welding,,purchase: mg_turret rocket_turret grenade_turret; construct: (attribute: repairable),
Power_Engineers_Hover,90,base,,federation,ground,infantry,foot,Power_Infantry,power,24,,,/,mob; 0.3; 2.8,offset: 5,squad,1,7,,,Power_Heavy_Hover,1,,1.76,1.12; 1.15,,,Power_Infantry,,/,,Deactivate_Jetpack; Engineering_Tools_Unlocked,,120,50,,3,,,10,,,,8.5,1000,1000,,50,,,,,Power_Engineers,,,Sparks,,156; 10; 10,,human; canCaptureHive; gasImmune,,garrison; noEditor; suppressionResistant; hasFuel; burnFuel,,,,,,,3,,,,1,enabled,,preferredTransport: DR-4_Viking,,,,,,,,,,,,,
,,,,,,,,,,,,,,,,,,,,,,,,,,,,,,,,,,,,,,,,,,,,,,,,,,,,,,,,,,,,,,,,,,,,,,,,,,,,,,,,,,,,,,,,,
// SPECIAL,,,,,,,,,,,,,,,,,,,,,,,,,,,,,,,,,,,,,,,,,,,,,,,,,,,,,,,,,,,,,,,,,,,,,,,,,,,,,,,,,,,,,,,,,
Chemical_Troopers,2007,base,,federation,ground,infantry,foot,Chemical_Troopers,,9,,,Support_Center,checker; 0.3; 3.0; 1.8; 2,offset: 5,squad,2,3,,,Chemical_Trooper_0,0.7,,1.76,1; 1.1,,,chemical_troopers,,Insecticide_Grenade,,Gas_Volley; Gas_Canister; Gasthrower,,80,10,,2,,,,,,,3.9,360,,,50,,,,,,,,Blood,,156; 10; 10,standard: Blood_Death,human; gasImmune,,garrison; canPurchase,,,,,,,3,,,,1,enabled,,preferredTransport: DR-8_Skyhook,,,,,,,,,,,,,
Fleet_Liaison,85,base,,federation,ground,infantry,foot,Fleet_Liaison,fleet,6,,,Fleet_Relay,/,offset: 4,direct,2,1,,,Fleet_Liaison_0,0.7,,1.76,1; 1.1,,,fleet_liaison,female,TAC_Strafe,/,Reinforce; TAC_Strike; Orbital_Strike; Marines_Drop; TAC_Strike_Cutscene; TAC_Strike_Tripple; TAC_FlyBy,,80,0,,2,,,,,,,3.9,360,,,50,,,,,,,,Blood,,156; 10; 10,standard: Blood_Death,human,,garrison; noFireBlocking; singleton; shootThroughSoldiers; canPurchase,,,,,,,3,,,,1,enabled,,preferredTransport: DR-8_Skyhook,,,,,,,,,,,,,
Marines,114,base,,federation,ground,infantry,foot,Marines,marine,49,,,/,mob; 0.3; 2,offset: 5,squad,1,7,,,Marine_0,0.7,,1.76,1; 1.1,,,marines,,Morita_Carbine 0,,,,80,10,,2,,,,,,,5,360,,,50,,,,,,,,Blood,,156; 10; 10,standard: Blood_Death,human; canCaptureHive,,noExperience; garrison; suppressionResistant; noFireBlocking,,,,,,,3,,,,1,enabled,,preferredTransport: DR-8_Skyhook,,,,,,,,,,,,,
,,,,,,,,,,,,,,,,,,,,,,,,,,,,,,,,,,,,,,,,,,,,,,,,,,,,,,,,,,,,,,,,,,,,,,,,,,,,,,,,,,,,,,,,,
// M11 MARAUDERS,,,,,,,,,,,,,,,,,,,,,,,,,,,,,,,,,,,,,,,,,,,,,,,,,,,,,,,,,,,,,,,,,,,,,,,,,,,,,,,,,,,,,,,,,
M11_Marauder_HM,25,base,,federation,ground,vehicle,mech,M11_Marauder_HM,Marauder_How,26,,,Machine_Bay,/,offset: 7.5,direct,1,1,BigUnit 90,,M11_Marauder_HM,2.5,,3.63,1.5,1,,marauder,,M11_Howitzer; M11_MG,,M11_Jet_Blast; M11_Mortar_Barrage,,1000,80,,4,,,30,,0.5,40,4.4,100,110; fliprotation: true; feetalignangle: 70,,60,,,,,,,,Sparks,bloodTexture: 3 always,,Marauder_Death,armored; gasImmune; fireproof; smogImmune,,performanceDamage; suppressionImmune; cannotCapture; bigCollisionLayer; canSelfDestruct; canPurchase,,,,,,,2,,,,,enabled,,preferredTransport: Drop_Pod; noPlayerInput: (),,,,,,exit: anim,,,,,,,
M11_Marauder_FM,18,base,,federation,ground,vehicle,mech,M11_Marauder_FM,Marauder_Flame,27,,,Machine_Bay,/,offset: 7.5,direct,1,1,BigUnit 90,,M11_Marauder_FF,2.5,,3.63,1.5,1,,marauder,,M11_Flamethrower; M11_Flamethrower_Silent,,M11_Fire_Blast; M11_AA_Barrage,,1000,80,,4,,,30,,0.5,40,4.4,100,110; fliprotation: true; feetalignangle: 70,,60,,,,,,,,Sparks,bloodTexture: 3 always,,Marauder_Death,armored; gasImmune; fireproof; smogImmune,,performanceDamage; suppressionImmune; cannotCapture; bigCollisionLayer; canSelfDestruct; canPurchase,,,,,,,2,,,,,enabled,,preferredTransport: Drop_Pod; noPlayerInput: (),,,,,,exit: anim,,,,,,,
M11_Marauder_GM,40,base,,federation,ground,vehicle,mech,M11_Marauder_GM,Marauder_Chain,25,,,Machine_Bay,/,offset: 7.5,direct,1,1,BigUnit 90,,M11_Marauder_GM,2.5,,3.63,1.5,1,,marauder,,M11_Gatling; M11_MG,,M11_Jet_Blast; M11_AA_Barrage,,1000,80,,4,,,30,,0.5,40,4.4,100,110; fliprotation: true; feetalignangle: 70,,60,,,,,,,,Sparks,bloodTexture: 3 always,,Marauder_Death,armored; gasImmune; fireproof; smogImmune,,performanceDamage; suppressionImmune; cannotCapture; bigCollisionLayer; canSelfDestruct; canPurchase,,,,,,,2,,,,,enabled,,preferredTransport: Drop_Pod; noPlayerInput: (),,,,,,exit: anim,,,,,effect: Bullet_Impact_Dust_Heavy,,
M11_Guard,66,base,,federation,ground,vehicle,mech,,,29,,,Machine_Bay,/,offset: 7.5,direct,1,1,BigUnit 90,,M11_Parade_Marauder,2.5,,3.63,1.5,1,,marauder,,M11_Howitzer; M11_Gatling,,Reinforce; M11_AA_Barrage; M11_Mortar_Barrage,,600,80,,/,/,,/,,0.5,40,5,100,110; fliprotation: true; feetalignangle: 70,,60,,,,,,,,Sparks,bloodTexture: 3 always,,Marauder_Death,armored; gasImmune; fireproof; smogImmune,,performanceDamage; suppressionImmune; cannotCapture; bigCollisionLayer; canPurchase; singleton,,,,,,,2,,,,,enabled,,preferredTransport: Drop_Pod; noPlayerInput: (),,,,,,exit: anim,,,,,,,
,,,,,,,,,,,,,,,,,,,,,,,,,,,,,,,,,,,,,,,,,,,,,,,,,,,,,,,,,,,,,,,,,,,,,,,,,,,,,,,,,,,,,,,,,
Exosuit_Fortification,1151,base,,federation,ground,structure,fundament,,,70,none,,/,/,type: simple; offset: 3.5,direct,/,1,,,Exosuit_Fortification,10,,0.8,,,,,,/,,/,,500,80,,/,/,,,,,,/,/,,,/,,,,,,,,Sparks,,,Exosuit_Fortification_Death,inanimate,,alwaysVisible; noUnitCard; noCollider; inaccessible,,,,,,,,,,,2,,,,,,,,,exit: instant,,,,,,,
Pilot,4059,base,,federation,ground,infantry,foot,,,51,,,,/,type: simple; offset: 3.5,direct,1,1,,,Pilot_0,0.7,,1.76,1; 1.1,,,Metro_Robber,,Morita_Pistol,,/,,35,20,,/,,,,,,,3.9,360,,,70,,,,,,,,Blood,,156; 10; 10,standard: Blood_Death,human,,garrison,,,,,,,3,,,,1,enabled,,preferredTransport: DR-4_Viking; noPlayerInput: (),,,,,,,,,,,,,
Scientists,46,base,,federation,ground,infantry,foot,,portrait_scientist,48,,,/,mob; 0.3; 2.2,offset: 5,squad,2,5,,,Scientist_0; Scientist_1; Scientist_2,0.7,,1.76,1; 1.1,,,scientists,,/,,/,,50,0,,/,,,,,,,3.9,360,,,50,,,,,,,,Blood,,156; 10; 10,standard: Blood_Death,human,,garrison; noFireBlocking,,,,,,,3,,,,1,enabled,,preferredTransport: DR-4_Viking,,,,,,,,,,,,,
Camera_Crew,65,base,,federation,ground,infantry,foot,,,64,,,/,line; 0.3; 2.0; 2.0; 1,offset: 5,squad,2,2,,,Camera_Crew,0.7,,1.76,1; 1.1,,,Generic_Humans,,Camera,,/,,60,0,,2,,,,,,,3.9,360,,,50,,,,,,,,Blood,,156; 10; 10,standard: Blood_Death,human,,noFireBlocking,,,,,,,3,,,,1,enabled,,preferredTransport: DR-8_Skyhook,,,,,,,,,,,,,
Colonists,64,base,,federation,ground,infantry,foot,,portrait_civilian,55,,,/,mob; 0.3; 2.2,type: none; offset: 5,squad,2,8,,,Civilian_0; Civilian_1; Civilian_2,0.7,,1.76,1; 1.1,,,Generic_Humans,,/,,/,,50,0,,/,,,,,,,3.9,360,,,50,,,,,,,,Blood,,156; 10; 10,standard: Blood_Death,human,,inaccessible; noFireBlocking,,,,,,,3,,,,1,enabled,,preferredTransport: DR-4_Viking,,,,,,,,,,,,,
Personnel,44,base,,federation,ground,infantry,foot,,,55,,,/,mob; 0.2; 1.1,offset: 5,squad,2,6,,,Personnel_0; Personnel_1,0.7,,1.76,1; 1.1,,,Generic_Humans,,/,,/,,50,0,,/,,,,,,,3.9,360,,,50,,,,,,,,Blood,,156; 10; 10,standard: Blood_Death,human,,,,,,,,,3,,,,1,enabled,,preferredTransport: DR-4_Viking,,,,,,,,,,,,,
General,170,base,,federation,ground,infantry,foot,,,39,,,/,/,offset: 4,direct,2,1,,,General,0.7,,1.76,1.1,,,Generic_Humans,male,/,/,/,,80,0,,1,,,,,,,3.9,360,,,50,,,,,,,,Blood,,156; 10; 10,standard: Blood_Death,human,,garrison; noFireBlocking,,,,,,,3,,,,,enabled,,preferredTransport: DR-4_Viking,,,,,,,,,,,,,
DR-4_Viking,38,base,,federation,air,transport_air,hover,,,59,,,/,/,type: none,direct,/,1,,,DR-4_Viking,12,,,,,,,,/,,/,,/,0,,/,,,,,,,39,130,,,10,,,10,,,,,Sparks,,,,,,noEditor; inaccessible; dropship,,,,,,,,,animated; landAnim: 4 (flare: 0; effect: 0 dropship_land); takeoffAnim: 5 (effect: 0 dropship_takeoff),,,,,,,,,,,,,,,,,,
DR-8_Skyhook,113,base,,federation,air,transport_air,hover,,,59,,,/,/,type: none,direct,/,1,,,DR-8_Skyhook,9.6,,,0.8,,,,,/,,/,,/,0,,/,,,,,,,39,130,,,10,,,10,,,,,Sparks,,,,,,noEditor; inaccessible; dropship,,,,,,,,,animated; landAnim: 4 (flare: 0; effect: 0 Skyhook_Land); takeoffAnim: 4 (effect: 0 Skyhook_Takeoff),,,,,,,,,,,,,,,,,,
DR-8_Skyhook_Building,2141,base,,federation,air,transport_air,hover,,,59,,,/,/,type: none,direct,/,1,,,DR-8_Skyhook_Building,9.6,,,0.8,,,,,/,,/,,/,0,,/,,,,,,,39,130,,,10,,,10,,,,,Sparks,,,,,,noEditor; inaccessible; dropship,,,,,,,,,animated; landAnim: 4 (flare: 0; effect: 0 Skyhook_Land); takeoffAnim: 5 (effect: 0 Skyhook_Takeoff),,,,,,,,,,,,,,,,,,
Drop_Pod,69,base,,federation,air,transport_air,hover,,,0,,,/,/,type: none,direct,/,1,,,Drop_Pod,2.3,,,2.2,,,,,/,,/,,/,0,,/,,,,,,,/,/,,,10,,,10,,,,,Sparks,,,,,,noEditor; inaccessible; dropship,,,,,,,,,animated; landAnim: 4.3 (flare: 0; effect: 0 drop_pod_land); takeoffAnim: 7.5 (effect: 0 Drop_Pod_Explode),,,,,,,,,,,,,,,,,,
Drop_Pod_Small,400,base,,federation,air,transport_air,hover,,,0,,,/,/,type: none,direct,/,1,,,Drop_Pod_Bug,2.3,,,1,,,,,/,,/,,/,0,,/,,,,,,,/,/,,,10,,,10,,,,,Sparks,,,,,,noEditor; inaccessible; dropship,,,,,,,,,animated; landAnim: 3 (effect: 0 Bug_Drop_Pod_Land); takeoffAnim: 7.5 (effect: 0 Bug_Drop_Pod_Explode),,,,,,,,,,,,,,,,,,
Drop_Pod_Medium,401,base,,federation,air,transport_air,hover,,,0,,,/,/,type: none,direct,/,1,,,Drop_Pod_Bug,2.3,,,1.25,,,,,/,,/,,/,0,,/,,,,,,,/,/,,,10,,,10,,,,,Sparks,,,,,,noEditor; inaccessible; dropship,,,,,,,,,animated; landAnim: 3 (effect: 0 Bug_Drop_Pod_Land); takeoffAnim: 7.5 (effect: 0 Bug_Drop_Pod_Explode),,,,,,,,,,,,,,,,,,
Drop_Pod_Large,402,base,,federation,air,transport_air,hover,,,0,,,/,/,type: none,direct,/,1,,,Drop_Pod_Bug,2.3,,,1.6,,,,,/,,/,,/,0,,/,,,,,,,/,/,,,10,,,10,,,,,Sparks,,,,,,noEditor; inaccessible; dropship,,,,,,,,,animated; landAnim: 3 (effect: 0 Bug_Drop_Pod_Land); takeoffAnim: 7.5 (effect: 0 Bug_Drop_Pod_Explode),,,,,,,,,,,,,,,,,,
MG_Turret,9,base,,federation; gaia,ground,construction,fundament,MG_Turret,HMGTurret,57,,,/,/,offset: 4.5,direct,/,1,,,MG_Turret_Manned,0.8,1,1.8,1.2,,,,,Turret_HMG 0,,/,,120,10,,/,,,10,,,10,/,/,120; pitch: 120 -35 80,,60,,,,,MG_Turret_Unmanned,,,Sparks,ragdoll: (),,MG_Turret_Death,repairable,,ragdollDeath; noUnitCard; overwatch; suppressionResistant; noCollider; canSelfDestruct; canPurchase,,,,,,,,,,,,,,,,,,,attack: turret,,,,,,,,flatGroundOnly: true; requirePavement: true; requiresTileSpacing: 1
MG_Turret_Unmanned,84,base,,federation; gaia,ground,construction,fundament,MG_Turret,HMGUnmanned,57,,,/,/,offset: 4.5,direct,/,1,,,MG_Turret,0.8,1,1.8,1.2,,,,,Turret_HMG 0,,OnCapture_Switch,,120,10,,/,,,,,,10,/,/,120; pitch: 120 -35 80,,60,,,,,MG_Turret,,,Sparks,ragdoll: (),,MG_Turret_Death,repairable,,ragdollDeath; noUnitCard; capturable; overwatch; forceGaia; noCollider; alwaysVisible,,,,,,,,,,,,,,,,,,,,,,,,,,,flatGroundOnly: true; requirePavement: true; requiresTileSpacing: 1
MG_Tower,95,base,,federation; gaia,ground,structure,fundament,,HMGTurret,57,,,/,/,type: simple; offset: 12,direct,/,1,,,MG_Tower,4,1,9,,3,,,,Turret_HMG 0,,/,,600,40,,/,/,,,,,20,/,/,120; pitch: 120 -35 80,,60,,,,,,,,Sparks,deathSwitch: MG_Tower_Destroyed,,,repairable,,noUnitCard; suppressionResistant; alwaysVisible; tileBlocking; noFireBlocking,facing: tile,,,,,,,,,,,,,,,,,,attack: turret,,,,,,,,flatGroundOnly: true; requirePavement: true; requiresTileSpacing: 1
MG_Tower_Unmanned,81,base,,federation; gaia,ground,structure,fundament,,HMGUnmanned,57,,,/,/,type: none; offset: 12,direct,/,1,,,MG_Tower_Unmanned,4,1,9,,3,,,,/,,/,,600,40,,/,/,,,,,20,/,/,120; pitch: 120 -35 80,,60,,,,,,,,Sparks,deathSwitch: MG_Tower_Destroyed,,,repairable,,noUnitCard; capturable; forceGaia; alwaysVisible; tileBlocking; noFireBlocking,facing: tile,,,,,,,,,,,,,,,,,,,,,,,,,,flatGroundOnly: true; requirePavement: true; requiresTileSpacing: 1
MG_Tower_Destroyed,98,base,,federation; gaia,ground,structure,fundament,,HMGUnmanned,57,none,,/,/,type: none; offset: 12,direct,/,1,,,MG_Tower_Destroyed,4,1,9,,,,,,/,,/,,/,/,,/,/,,,,,/,/,/,,,/,,,,,,,,Sparks,,,,,,noUnitCard; alwaysVisible; tileBlocking; inaccessible; forceGaia; alwaysVisible; noFireBlocking,facing: tile,,,,,,,,,,,,,,,,,,,,,,,,,,flatGroundOnly: true; requirePavement: true; requiresTileSpacing: 1
Rocket_Turret,67,base,,federation; gaia,ground,construction,fundament,,,44,,,Rocket_Depot,/,offset: 4.5,direct,/,1,,,Rocket_Turret_Manned,0.8,1,1.8,,,,,,Turret_Rocket,,/,,120,10,,/,,,15,,,20,/,/,90,,60,,,,,,,,Sparks,,,Rocket_Turret_Death,repairable,,noUnitCard; overwatch; suppressionResistant; noCollider; canSelfDestruct; canPurchase,,,,,,,,,,,,,,,,,,,attack: turret,,,,,,,,flatGroundOnly: true; requirePavement: true; requiresTileSpacing: 1
Grenade_Turret,68,base,,federation; gaia,ground,construction,fundament,,,43,,,Grenade_Depot,/,offset: 4.5,direct,/,1,,,Grenade_Turret_Manned,0.8,1,1.8,,,,,,Turret_Grenade,,/,,120,10,,/,,,15,,,20,/,/,90,,60,,,,,,,,Sparks,,,Grenade_Turret_Death,repairable,,noUnitCard; overwatch; suppressionResistant; noCollider; canSelfDestruct; canPurchase,,,,,,,,,,,,,,,,,,,attack: turret,,,,,,,,flatGroundOnly: true; requirePavement: true; requiresTileSpacing: 1
Wavebreaker_Ghost,71,base,,federation,ground,structure,fundament,,,53,none,,/,/,type: simple; offset: 7,direct,/,1,,,Wave_Breaker_Ghost,4,2,,1.8,1,,,,/,,Repair_To_Default,,100; onDeployOrSwitch: 1,/,,/,/,/,,,,20,/,/,,,/,,,,,Wavebreaker,,,/,,,,repairable,,noUnitCard; alwaysVisible; tileBlocking; invulnerable,facing: tile,,,,,,,,,,,,,,,,,,,,,,,,,,blockConstruction: true
Wavebreaker,8,base,,federation,ground,structure,fundament,,,53,,,/,/,offset: 7,direct,/,1,,,Wave_Breaker,4,2,,1.8,1,,Turret,male,Wavebreaker_Volley,,/,,1000,80,,/,,,,,,60,/,/,20; pitch: 10 -13 30,,50,,,,,,,,Sparks,deathSwitch: Wavebreaker_Damaged,,Bunker_Explosion,armored; repairable,,noUnitCard; tileBlocking,facing: tile,,,,,,,,,,,,,,,,,,attack: turret,,,,,,,,flatGroundOnly: true; requirePavement: true; blockConstruction: true
Wavebreaker_Damaged,171,base,,federation,ground,structure,fundament,,,53,none,,/,/,offset: 7,direct,/,1,,,Wave_Breaker_Damaged,4,2,,1.8,1,,,,/,,Repair_To_Default,,500; onDeployOrSwitch: 1,/,,/,,,,,,30,/,/,,,/,,,,,Wavebreaker,,,Sparks,,,,armored; repairable,,noUnitCard; tileBlocking; invulnerable,facing: tile,,,,,,,,,,,,,,,,,,,,,,,,,,flatGroundOnly: true; requirePavement: true; blockConstruction: true
Wavebreaker_Destroyed,53,base,,federation,ground,structure,fundament,,,53,none,,/,/,type: none; offset: 7,direct,/,1,,,Wave_Breaker_Destroyed,4,2,,1.8,1,,,,/,,/,,/,/,,/,,,,,,,/,/,,,/,,,,,,,,Sparks,,,,armored,,noUnitCard; forceGaia; inaccessible; tileBlocking,,,,,,,,,,,,,,,,,,,,,,,,,,,blockConstruction: true
Shock_Turret,136,base,,federation,ground,construction,fundament,,,54,,,Power_Plant,/,type: simple,direct,/,1,,,Shock_Node,2,1,0,,,,,,Electro_Shock,,/,,10,/,,/,,,,,,10,/,/,,,/,,,,,,,,Sparks,,,Turret_Explosion,burried,,noUnitCard; noCollider; invulnerable; noAutoTarget; uncontrollable; canSelfDestruct; noEditor,,,,,,,,,,,,,,,,,,,attack: turret,,,,,,,,blockConstruction: true
Searchlight,73,base,,federation,ground,structure,fundament,,,50,,,Power_Plant,/,offset: 4.5,direct,/,1,,,Searchlight_Manned,2,1,1.8,,,,,,/,,Pre_Aim,,100,2,,/,,,,,,10,/,50,,,70,20,,,,Searchlight_Unmanned,,,Sparks,deathSwitch: Searchlight_Unmanned,,,repairable,,noCollider; ragdollDeath; noUnitCard; nightVision; defaultAbility; noFireBlocking,,,,,,,,,,,,,,,,,,,,,,,,,,,blockConstruction: true
Searchlight_Unmanned,60,base,,federation,ground,structure,fundament,,,50,,,Power_Plant,/,offset: 4.5,direct,/,1,,,Searchlight,2,1,1.8,,,,,,/,,OnCapture_Switch,,/,/,,/,,,,,,10,/,50,,,70,20,,,,Searchlight,,,Sparks,,,,,,noCollider; ragdollDeath; noUnitCard; noFireBlocking; capturable; forceGaia; alwaysVisible,,,,,,,,,,,,,,,,,,,,,,,,,,,blockConstruction: true
Camera,131,base,,federation,ground,structure,fundament,,,64,none,,/,/,offset: 4.5,direct,/,1,,,Camera,2,,1.8,,,,,,/,,Pre_Aim,,100,2,,/,,,,,,,/,100,,,50,30,,,,,,,Sparks,,,,,,ragdollDeath; noUnitCard; defaultAbility; noFireBlocking; noAutoTarget; nightVision,,,,,,,,,,,,,,,,,,,,,,,,,,,blockConstruction: true
Demolition_Charge,61,base,,federation,ground,device,static,,,61,none,,/,/,,direct,/,1,,,Demolition_Charge,0.5,,0.1,1,,,,,/,,Activate_Demolition_Charge,60 remove,10,0,,/,,,,,,,/,/,,,/,,,,,,,,Sparks,,,,,,noAutoTarget; noUnitCard; noCollider,,,,,,,,,,,,,,,,,,,,,,,,,,,
Demolition_Charge_Short,148,base,,federation,ground,device,static,,,61,none,,/,/,type: simple,direct,/,1,,,Demolition_Charge_Active,0.5,,0.1,1,,,,,/,,/,3 kill,10,0,,/,,,,,,,/,/,,,/,,,,,,,,Sparks,deathWeapon: Demolition_Explosion,,Demolition_Explosion,,,noEditor; noAutoTarget; noUnitCard; noCollider; forceRogue; remainVisible,,,,,,,,,,,,,,,,,,,,,,,,,,,
Demolition_Charge_Long,149,base,,federation,ground,device,static,,,61,none,,/,/,type: simple,direct,/,1,,,Demolition_Charge_Active,0.5,,0.1,1,,,,,/,,/,30 kill,10,0,,/,,,,,,,/,/,,,/,,,,,,,,Sparks,deathWeapon: Demolition_Explosion,,Demolition_Explosion,,,noEditor; noAutoTarget; noUnitCard; noCollider; forceRogue; remainVisible,,,,,,,,,,,,,,,,,,,,,,,,,,,
Steel_Bunker,4,base,,federation; gaia,ground,structure,fundament,,,65,,,/,/,offset: 7,direct,/,1,,,Steel_Bunker,7,2,3.02,,/,/,,,Bunker_MG,,/,,1400,40,,/,,,,,,,/,/,90,,50,/,,,,,,,Sparks,deathSwitch: Steel_Bunker_Destroyed,,Bunker_Explosion,solid; armored; structure,,noUnitCard; tileBlocking,,,,,,,,,,,,,,,,,,,,,,,,,,,blockConstruction: true
Steel_Bunker_Destroyed,133,base,,gaia,ground,structure,fundament,,,65,none,,/,/,type: none; offset: 7,direct,/,1,,,Steel_Bunker_Destroyed,7,2,3.02,,/,/,,,/,,/,,/,/,,/,,,,,,,/,/,,,/,,,,,,,,Sparks,,,,solid; armored; structure,,noUnitCard; forceGaia; inaccessible; tileBlocking; alwaysVisible,,,,,,,,,,,,,,,,,,,,,,,,,,,blockConstruction: true
Gate_Closed,88,base,,federation; gaia,ground,structure,fundament,,,66,none,,/,/,type: simple; offset: 5,direct,/,1,,,Gate_Heavy_Closed,6,2 1,3,,1,1,,,/,,Gate_Open,,1000,60,,/,,,,,,,/,/,,,/,,,,,Gate_Open,,,Sparks,deathSwitch: Gate_Destroyed,,,solid; inanimate,,baseHeight; noUnitCard; alwaysVisible; noCollider; tileBlocking; isClearableBuilding,facing: tile,,,,,,,,,,,,,,,,,,,,,,,,,,blockConstruction: true
Gate_Open,89,base,,federation; gaia,ground,structure,fundament,,,66,none,,/,/,type: simple; offset: 5,direct,/,1,,,Gate_Heavy_Open,6,2 1,3,,,,,,/,,Gate_Close,,1000,60,,/,,,,,,,/,/,,,/,,,,,Gate_Closed,,,Sparks,deathSwitch: Gate_Destroyed,,,solid; inanimate,,baseHeight; noUnitCard; noAutoTarget; alwaysVisible; noCollider,facing: tile,,,,,,,,,,,,,,,,,,,,,,,,,,blockConstruction: true
Gate_Destroyed,80,base,,federation; gaia,ground,structure,fundament,,,66,none,,/,/,type: none; offset: 5,direct,/,1,,,Gate_Heavy_Destroyed,6,2 1,3,,,,,,/,,/,,/,/,,/,,,,,,,/,/,,,/,,,,,Gate_Open,,,Sparks,,,,solid; inanimate,,baseHeight; noUnitCard; noAutoTarget; alwaysVisible; noCollider,facing: tile,,,,,,,,,,,,,,,,,,,,,,,,,,
Gate_Traffic_Closed,120,base,,federation; gaia,ground,structure,fundament,,,66,none,,/,/,type: simple; offset: 7,direct,/,1,,,Gate_Traffic_Closed,6,2 1,3,,,,,,/,,Gate_Traffic_Open,,/,/,,/,,,,,,,/,/,,,/,,,,,Gate_Traffic_Open,,,Sparks,,,,solid; inanimate,,baseHeight; noUnitCard; alwaysVisible; noCollider; tileBlocking,facing: tile,,,,,,,,,,,,,,,,,,,,,,,,,,blockConstruction: true
Gate_Traffic_Open,119,base,,federation; gaia,ground,structure,fundament,,,66,none,,/,/,type: simple; offset: 7,direct,/,1,,,Gate_Traffic_Open,6,2 1,3,,,,,,/,,Gate_Traffic_Close,,/,/,,/,,,,,,,/,/,,,/,,,,,Gate_Traffic_Closed,,,Sparks,,,,solid; inanimate,,baseHeight; noUnitCard; noAutoTarget; alwaysVisible; noCollider,facing: tile,,,,,,,,,,,,,,,,,,,,,,,,,,blockConstruction: true
Gate_Tall_Closed,2041,base,,federation; gaia,ground,structure,fundament,,,66,none,,/,/,type: simple; offset: 7,direct,/,1,,,Gate_Tall_Closed,6,2 1,3,,1,1,,,/,,Gate_Tall_Open,,1000,60,,/,,,,,,,/,/,,,/,,,,,Gate_Tall_Open,,,Sparks,deathSwitch: Gate_Destroyed,,,solid; inanimate,,baseHeight; noUnitCard; alwaysVisible; noCollider; tileBlocking; isClearableBuilding,facing: tile,,,,,,,,,,,,,,,,,,,,,,,,,,blockConstruction: true
Gate_Tall_Open,2042,base,,federation; gaia,ground,structure,fundament,,,66,none,,/,/,type: simple; offset: 7,direct,/,1,,,Gate_Tall_Open,6,2 1,3,,,,,,/,,Gate_Tall_Close,,1000,60,,/,,,,,,,/,/,,,/,,,,,Gate_Tall_Closed,,,Sparks,deathSwitch: Gate_Destroyed,,,solid; inanimate,,baseHeight; noUnitCard; noAutoTarget; alwaysVisible; noCollider,facing: tile,,,,,,,,,,,,,,,,,,,,,,,,,,blockConstruction: true
Gate_Taller_Closed,2043,base,,federation; gaia,ground,structure,fundament,,,66,none,,/,/,type: simple; offset: 7,direct,/,1,,,Gate_Taller_Closed,6,2 1,3,,1,1,,,/,,Gate_Tall_Open,,1000,60,,/,,,,,,,/,/,,,/,,,,,Gate_Taller_Open,,,Sparks,deathSwitch: Gate_Destroyed,,,solid; inanimate,,baseHeight; noUnitCard; alwaysVisible; noCollider; tileBlocking; isClearableBuilding,facing: tile,,,,,,,,,,,,,,,,,,,,,,,,,,blockConstruction: true
Gate_Taller_Open,2044,base,,federation; gaia,ground,structure,fundament,,,66,none,,/,/,type: simple; offset: 7,direct,/,1,,,Gate_Taller_Open,6,2 1,3,,,,,,/,,Gate_Tall_Close,,1000,60,,/,,,,,,,/,/,,,/,,,,,Gate_Taller_Closed,,,Sparks,deathSwitch: Gate_Destroyed,,,solid; inanimate,,baseHeight; noUnitCard; noAutoTarget; alwaysVisible; noCollider,facing: tile,,,,,,,,,,,,,,,,,,,,,,,,,,blockConstruction: true
Gate_Narrow_Closed,167,base,,federation; gaia,ground,structure,fundament,,,66,none,,/,/,type: simple; offset: 5,direct,/,1,,,Gate_Short_Closed,6,2 1,3,,1,1,,,/,,Gate_Open,,1000,60,,/,,,,,,,/,/,,,/,,,,,Gate_Narrow_Open,,,Sparks,deathSwitch: Gate_Narrow_Destroyed,,Bunker_Explosion,solid; inanimate,,baseHeight; noUnitCard; alwaysVisible; noCollider; tileBlocking; isClearableBuilding,facing: tile,,,,,,,,,,,,,,,,,,,,,,,,,,blockConstruction: true
Gate_Narrow_Open,168,base,,federation; gaia,ground,structure,fundament,,,66,none,,/,/,type: simple; offset: 5,direct,/,1,,,Gate_Short_Open,6,2 1,3,,,,,,/,,Gate_Close,,1000,60,,/,,,,,,,/,/,,,/,,,,,Gate_Narrow_Closed,,,Sparks,deathSwitch: Gate_Narrow_Destroyed,,Bunker_Explosion,solid; inanimate,,baseHeight; noUnitCard; noAutoTarget; alwaysVisible; noCollider,facing: tile,,,,,,,,,,,,,,,,,,,,,,,,,,blockConstruction: true
Gate_Narrow_Destroyed,169,base,,federation; gaia,ground,structure,fundament,,,66,none,,/,/,type: none; offset: 5,direct,/,1,,,Gate_Short_Destroyed,6,2 1,3,,,,,,/,,/,,/,/,,/,,,,,,,/,/,,,/,,,,,Gate_Narrow_Open,,,Sparks,,,,solid; inanimate,,baseHeight; noUnitCard; noAutoTarget; alwaysVisible; noCollider,facing: tile,,,,,,,,,,,,,,,,,,,,,,,,,,
Door_Closed,91,base,,federation; gaia,ground,structure,fundament,,,66,none,,/,/,type: simple; offset: 6,direct,/,1,,,Door_0_Closed,2,1,2.5,,1,1,,,/,,Gate_Tall_Open,,500,30,,/,,,,,,,/,/,,,/,,,,,Door_Open,,,Sparks,,,,solid; inanimate,,baseHeight; noUnitCard; alwaysVisible; noCollider; tileBlocking; isClearableBuilding,facing: tile,,,,,,,,,,,,,,,,,,,,,,,,,,blockConstruction: true
Door_Open,92,base,,federation; gaia,ground,structure,fundament,,,66,none,,/,/,type: simple; offset: 6,direct,/,1,,,Door_0_Open,2,1,2.5,,,,,,/,,Gate_Tall_Close,,500,30,,/,,,,,,,/,/,,,/,,,,,Door_Closed,,,Sparks,,,,solid; inanimate,,baseHeight; noUnitCard; noAutoTarget; alwaysVisible; noCollider,facing: tile,,,,,,,,,,,,,,,,,,,,,,,,,,blockConstruction: true
Noise_Maker,79,base,,federation,ground,device,static,,,0,arrow,,/,/,,direct,/,1,,,Demolition_Charge_Active,0.5,,0.1,,,,,,/,,/,,10,0,,/,,,,,,,/,/,,,/,,,,,,,,Sparks,,,,,,noEditor; noAutoTarget; noUnitCard,,,,,,,,,,,,,,,,,,,,,,,,,,,blockConstruction: true
Sensor_Array_Uncaptured,34,base,,federation,ground,structure,fundament,,,74,,,/,/,type: simple; offset: 8,direct,/,1,,,Sensor_Array_Uncaptured,2,1,5,,3,,,,/,,OnCapture_Switch,,/,/,,/,,,,,,,/,/,,,/,,,,,Sensor_Array,,,Sparks,,,,,,noUnitCard; nightVision; tileBlocking; capturable; alwaysVisible; forceGaia,,,,,,,,,,,,,,,,,,,,,,,,,,,blockConstruction: true
Sensor_Array,150,base,,federation,ground,structure,fundament,,,74,,,/,/,type: none; offset: 8,direct,/,1,,,Sensor_Array,2,1,5,,3,,,,/,,/,,/,/,,/,,,,,,,/,/,,,100,,,,,,,,Sparks,,,,,,noUnitCard; nightVision; tileBlocking; alwaysVisible,,,,,,,,,,,,,,,,,,,,,,,,,,,blockConstruction: true
Alarm_Tower,159,base,,federation,ground,device,fundament,,,74,none,,/,/,type: none; offset: 8,direct,/,1,,,Alarm_Tower,1,,4,1.5,,,,,Proximity_Alarm,,/,,/,/,,/,,,,,,,/,/,,,20,,,,,,,,Sparks,,,,,,noUnitCard; inaccessible,,,,,,,,,,,,,,,,,,,,,,,,,,,blockConstruction: true
ADR-4_Thor,142,not base,,federation,ground,transport_air,hover,,,59,,,/,/,type: simple,direct,/,1,,,ADR-4_Thor,12,,,,,,,,Dropship_Guns,,/,15 remove,/,0,,/,,,,,,,/,/,,,15,,,,,,,,Sparks,,,,,,noEditor; inaccessible; noCollider,,,,,,,,,,,,,,,,,,,,,,,,,,,
,,,,,,,,,,,,,,,,,,,,,,,,,,,,,,,,,,/,,,,,,,,,,,,,,,,,,,,,,,,,,,,,,,,,,,,,,,,,,,,,,,,,,,,,,,
Radio_Station_Captured,4000,base,,federation,ground,station,static,,,62,base,,/,/,type: simple; offset: 5.5,direct,/,1,,,Radio_Station,8,2,1.737,,1,0,,,/,,/,,500,/,,/,,,,,,60,/,/,,,40,,,,,,,,Sparks,deathSwitch: Radio_Station_Neutral,,,repairable; station; immuneToPlasmaBug,,noUnitCard; alwaysVisible; tileBlocking; station,facing: tile,,,,,,,,,,,,,,,,,,,,,,,,,,blockConstruction: true
Radio_Station_Neutral,4001,base,,gaia,ground,station,static,,,62,base,,/,/,type: simple; offset: 5.5,direct,/,1,,,Radio_Station_Destroyed,8,2,1.737,,1,0,,,/,,OnCapture_Switch,,/,/,,/,,,,,,,/,/,,,/,,10,,,Radio_Station_Captured,,,Sparks,,,,station,,noUnitCard; alwaysVisible; tileBlocking; station; capturable; invulnerable; forceGaia,facing: tile,,,,,,,,,,,,,,,,,,,,,,,,,,blockConstruction: true
Radio_Station_Neutral_Destroyable,4112,base,,gaia,ground,station,static,,,62,base,,/,/,type: simple; offset: 5.5,direct,/,1,,,Radio_Station_Destroyed,8,2,1.737,,1,0,,,/,,OnCapture_Switch,,/,/,,/,,,,,,,/,/,,,/,,10,,,Radio_Station_Destroyable,,,Sparks,,,,station,,noUnitCard; alwaysVisible; tileBlocking; station; capturable; invulnerable; forceGaia,facing: tile,,,,,,,,,,,,,,,,,,,,,,,,,,blockConstruction: true
Radio_Station_Destroyable,4106,base,,federation,ground,station,static,,,62,base,,/,/,type: simple; offset: 5.5,direct,/,1,,,Radio_Station,8,2,1.737,,1,0,,,/,,/,,500,/,,/,,,,,,60,/,/,,,40,,,,,,,,Sparks,deathSwitch: Radio_Station_Destroyed,,Radio_House_Explosion,repairable; station; immuneToPlasmaBug,,noUnitCard; alwaysVisible; tileBlocking; station,facing: tile,,,,,,,,,,,,,,,,,,,,,,,,,,blockConstruction: true
Radio_Station_Destroyed,4100,base,,gaia,ground,station,static,,,62,base,,/,/,type: simple; offset: 5.5,direct,/,1,,,Radio_Station_Broken,8,2,1.737,,1,0,,,/,,OnCapture_Switch,,/,/,,/,,,,,,,/,/,,,/,,10,,,Radio_Station_Neutral,,,Sparks,,,,station,,noUnitCard; alwaysVisible; tileBlocking; invulnerable; forceGaia,facing: tile,,,,,,,,,,,,,,,,,,,,,,,,,,blockConstruction: true
Radio_House_Captured,300,base,,federation,ground,station,static,,,62,base,,/,/,type: simple; offset: 5.5,direct,/,1,,,Radio_House,8,2,1.737,,1,0,,,/,,/,,500,/,,/,,,,,,60,/,/,,,40,,,,,,,,Sparks,deathSwitch: Radio_House_Neutral,,,repairable; station; immuneToPlasmaBug,,noUnitCard; alwaysVisible; tileBlocking; station,facing: tile,,,,,,,,,,,,,,,,,,,,,,,,,,blockConstruction: true
Radio_House_Neutral,301,base,,gaia,ground,station,static,,,62,base,,/,/,type: simple; offset: 5.5,direct,/,1,,,Radio_House_Destroyed,8,2,1.737,,1,0,,,/,,OnCapture_Switch,,/,/,,/,,,,,,,/,/,,,/,,10,,,Radio_House_Captured,,,Sparks,,,,station,,noUnitCard; alwaysVisible; tileBlocking; station; capturable; invulnerable; forceGaia,facing: tile,,,,,,,,,,,,,,,,,,,,,,,,,,blockConstruction: true
Radio_House_Neutral_Destroyable,4113,base,,gaia,ground,station,static,,,62,base,,/,/,type: simple; offset: 5.5,direct,/,1,,,Radio_House_Destroyed,8,2,1.737,,1,0,,,/,,OnCapture_Switch,,/,/,,/,,,,,,,/,/,,,/,,10,,,Radio_House_Destroyable,,,Sparks,,,,station,,noUnitCard; alwaysVisible; tileBlocking; station; capturable; invulnerable; forceGaia,facing: tile,,,,,,,,,,,,,,,,,,,,,,,,,,blockConstruction: true
Radio_House_Destroyable,4107,base,,federation,ground,station,static,,,62,base,,/,/,type: simple; offset: 5.5,direct,/,1,,,Radio_House,8,2,1.737,,1,0,,,/,,/,,500,/,,/,,,,,,60,/,/,,,40,,,,,,,,Sparks,deathSwitch: Radio_House_Destroyed,,Radio_House_Explosion,repairable; station; immuneToPlasmaBug,,noUnitCard; alwaysVisible; tileBlocking; station,facing: tile,,,,,,,,,,,,,,,,,,,,,,,,,,blockConstruction: true
Radio_House_Destroyed,4101,base,,gaia,ground,station,static,,,62,base,,/,/,type: simple; offset: 5.5,direct,/,1,,,Radio_House_Broken,8,2,1.737,,1,0,,,/,,OnCapture_Switch,,/,/,,/,,,,,,,/,/,,,/,,10,,,Radio_Station_Neutral,,,Sparks,,,,station,,noUnitCard; alwaysVisible; tileBlocking; invulnerable; forceGaia,facing: tile,,,,,,,,,,,,,,,,,,,,,,,,,,blockConstruction: true
Radio_Bunker_Captured,302,base,,federation,ground,station,static,,,62,base,,/,/,type: simple; offset: 5.5,direct,/,1,,,Radio_Bunker,8,2,1.737,,1,0,,,Radio_HMG,,/,,500,/,,/,,,,,,60,/,/,90; pitch: 90 -35 80,,40,,,,,,,,Sparks,deathSwitch: Radio_Bunker_Neutral,,,repairable; station; immuneToPlasmaBug,,noUnitCard; alwaysVisible; tileBlocking; station,facing: tile,,,,,,,,,,,,,,,,,,,,,,,,,,blockConstruction: true
Radio_Bunker_Neutral,303,base,,gaia,ground,station,static,,,62,base,,/,/,type: simple; offset: 5.5,direct,/,1,,,Radio_Bunker_Destroyed,8,2,1.737,,1,0,,,Radio_HMG,,OnCapture_Switch,,/,/,,/,,,,,,,/,/,,,/,,10,,,Radio_Bunker_Captured,,,Sparks,,,,station,,noUnitCard; alwaysVisible; tileBlocking; station; capturable; invulnerable; forceGaia,facing: tile,,,,,,,,,,,,,,,,,,,,,,,,,,blockConstruction: true
Radio_Bunker_Neutral_Destroyable,4114,base,,gaia,ground,station,static,,,62,base,,/,/,type: simple; offset: 5.5,direct,/,1,,,Radio_Bunker_Destroyed,8,2,1.737,,1,0,,,Radio_HMG,,OnCapture_Switch,,/,/,,/,,,,,,,/,/,,,/,,10,,,Radio_Bunker_Destroyable,,,Sparks,,,,station,,noUnitCard; alwaysVisible; tileBlocking; station; capturable; invulnerable; forceGaia,facing: tile,,,,,,,,,,,,,,,,,,,,,,,,,,blockConstruction: true
Radio_Bunker_Destroyable,4108,base,,federation,ground,station,static,,,62,base,,/,/,type: simple; offset: 5.5,direct,/,1,,,Radio_Bunker,8,2,1.737,,1,0,,,Radio_HMG,,/,,500,/,,/,,,,,,60,/,/,90; pitch: 90 -35 80,,40,,,,,,,,Sparks,deathSwitch: Radio_Bunker_Destroyed,,Radio_House_Explosion,repairable; station; immuneToPlasmaBug,,noUnitCard; alwaysVisible; tileBlocking; station,facing: tile,,,,,,,,,,,,,,,,,,,,,,,,,,blockConstruction: true
Radio_Bunker_Destroyed,4102,base,,gaia,ground,station,static,,,62,base,,/,/,type: simple; offset: 5.5,direct,/,1,,,Radio_Bunker_Broken,8,2,1.737,,1,0,,,/,,OnCapture_Switch,,/,/,,/,,,,,,,/,/,,,/,,10,,,Radio_Station_Neutral,,,Sparks,,,,station,,noUnitCard; alwaysVisible; tileBlocking; invulnerable; forceGaia,facing: tile,,,,,,,,,,,,,,,,,,,,,,,,,,blockConstruction: true
Radio_Mainframe_Captured,304,base,,federation,ground,station,static,,,62,base,,/,/,type: simple; offset: 5.5,direct,/,1,,,Radio_Mainframe,8,2,1.737,,1,0,,,/,,/,,500,/,,/,,,,,,60,/,/,,,40,,,,,,,,Sparks,deathSwitch: Radio_Mainframe_Neutral,,,repairable; station; immuneToPlasmaBug,,noUnitCard; alwaysVisible; tileBlocking; station,facing: tile,,,,,,,,,,,,,,,,,,,,,,,,,,blockConstruction: true
Radio_Mainframe_Neutral,305,base,,gaia,ground,station,static,,,62,base,,/,/,type: simple; offset: 5.5,direct,/,1,,,Radio_Mainframe_Destroyed,8,2,1.737,,1,0,,,/,,OnCapture_Switch,,/,/,,/,,,,,,,/,/,,,/,,10,,,Radio_Mainframe_Captured,,,Sparks,,,,station,,noUnitCard; alwaysVisible; tileBlocking; station; capturable; invulnerable; forceGaia,facing: tile,,,,,,,,,,,,,,,,,,,,,,,,,,blockConstruction: true
Radio_Mainframe_Neutral_Destroyable,4115,base,,federation,ground,station,static,,,62,base,,/,/,type: simple; offset: 5.5,direct,/,1,,,Radio_Mainframe,8,2,1.737,,1,0,,,/,,OnCapture_Switch,,500,/,,/,,,,,,60,/,/,,,40,,,,,Radio_Mainframe_Destroyable,,,Sparks,deathSwitch: Radio_Mainframe_Destroyed,,Radio_Mainframe_Explosion,repairable; station; immuneToPlasmaBug,,noUnitCard; alwaysVisible; tileBlocking; station,facing: tile,,,,,,,,,,,,,,,,,,,,,,,,,,blockConstruction: true
Radio_Mainframe_Destroyable,4109,base,,federation,ground,station,static,,,62,base,,/,/,type: simple; offset: 5.5,direct,/,1,,,Radio_Mainframe,8,2,1.737,,1,0,,,/,,/,,500,/,,/,,,,,,60,/,/,,,40,,,,,,,,Sparks,deathSwitch: Radio_Mainframe_Destroyed,,Radio_Mainframe_Explosion,repairable; station; immuneToPlasmaBug,,noUnitCard; alwaysVisible; tileBlocking; station,facing: tile,,,,,,,,,,,,,,,,,,,,,,,,,,blockConstruction: true
Radio_Mainframe_Destroyed,4103,base,,gaia,ground,station,static,,,62,base,,/,/,type: simple; offset: 5.5,direct,/,1,,,Radio_Mainframe_Broken,8,2,1.737,,1,0,,,/,,OnCapture_Switch,,/,/,,/,,,,,,,/,/,,,/,,10,,,Radio_Station_Neutral,,,Sparks,,,,station,,noUnitCard; alwaysVisible; tileBlocking; invulnerable; forceGaia,facing: tile,,,,,,,,,,,,,,,,,,,,,,,,,,blockConstruction: true
Radio_Facility_Captured,306,lava,,federation,ground,station,static,,,62,base,,/,/,type: simple; offset: 5.5,direct,/,1,,,Radio_Facility,8,2,1.737,,1,0,,,/,,/,,500,/,,/,,,,,,60,/,/,,,40,,,,,,,,Sparks,deathSwitch: Radio_Facility_Neutral,,,repairable; station; immuneToPlasmaBug,,noUnitCard; alwaysVisible; tileBlocking; station,facing: tile,,,,,,,,,,,,,,,,,,,,,,,,,,blockConstruction: true
Radio_Facility_Neutral,307,lava,,gaia,ground,station,static,,,62,base,,/,/,type: simple; offset: 5.5,direct,/,1,,,Radio_Facility_Destroyed,8,2,1.737,,1,0,,,/,,OnCapture_Switch,,/,/,,/,,,,,,,/,/,,,/,,10,,,Radio_Facility_Captured,,,Sparks,,,,station,,noUnitCard; alwaysVisible; tileBlocking; station; capturable; invulnerable; forceGaia,facing: tile,,,,,,,,,,,,,,,,,,,,,,,,,,blockConstruction: true
Radio_Facility_Neutral_Destroyable,4416,lava,,gaia,ground,station,static,,,62,base,,/,/,type: simple; offset: 5.5,direct,/,1,,,Radio_Facility_Destroyed,8,2,1.737,,1,0,,,/,,OnCapture_Switch,,/,/,,/,,,,,,,/,/,,,/,,10,,,Radio_Facility_Destroyable,,,Sparks,,,,station,,noUnitCard; alwaysVisible; tileBlocking; station; capturable; invulnerable; forceGaia,facing: tile,,,,,,,,,,,,,,,,,,,,,,,,,,blockConstruction: true
Radio_Facility_Destroyable,4110,lava,,federation,ground,station,static,,,62,base,,/,/,type: simple; offset: 5.5,direct,/,1,,,Radio_Facility,8,2,1.737,,1,0,,,/,,/,,500,/,,/,,,,,,60,/,/,,,40,,,,,,,,Sparks,deathSwitch: Radio_Facility_Destroyed,,Radio_House_Explosion,repairable; station; immuneToPlasmaBug,,noUnitCard; alwaysVisible; tileBlocking; station,facing: tile,,,,,,,,,,,,,,,,,,,,,,,,,,blockConstruction: true
Radio_Facility_Destroyed,4104,lava,,gaia,ground,station,static,,,62,base,,/,/,type: simple; offset: 5.5,direct,/,1,,,Radio_Facility_Broken,8,2,1.737,,1,0,,,/,,OnCapture_Switch,,/,/,,/,,,,,,,/,/,,,/,,10,,,Radio_Station_Neutral,,,Sparks,,,,station,,noUnitCard; alwaysVisible; tileBlocking; invulnerable; forceGaia,facing: tile,,,,,,,,,,,,,,,,,,,,,,,,,,blockConstruction: true
Satellite_Station_Captured,308,base,,federation,ground,station,static,,,63,base,,/,/,type: simple; offset: 12,direct,/,1,,,Satellite_Station,8,2,14.21,,2,1,,,/,,/,,500,/,,/,,,,,,60,/,/,,,40,,,,,,,,Sparks,deathSwitch: Satellite_Station_Neutral,,,repairable; station; immuneToPlasmaBug,,noUnitCard; alwaysVisible; tileBlocking; station,facing: tile,,,,,,,,,,,,,,,,,,,,,,,,,,blockConstruction: true
Satellite_Station_Neutral,309,base,,gaia,ground,station,static,,,63,base,,/,/,type: simple; offset: 12,direct,/,1,,,Satellite_Station_Destroyed,8,2,14.21,,2,1,,,/,,OnCapture_Switch,,/,/,,/,,,,,,,/,/,,,/,,10,,,Satellite_Station_Captured,,,Sparks,,,,station,,noUnitCard; alwaysVisible; tileBlocking; station; capturable; invulnerable; forceGaia,facing: tile,,,,,,,,,,,,,,,,,,,,,,,,,,blockConstruction: true
Satellite_Station_Neutral_Destroyable,4417,base,,gaia,ground,station,static,,,63,base,,/,/,type: simple; offset: 12,direct,/,1,,,Satellite_Station_Destroyed,8,2,14.21,,2,1,,,/,,OnCapture_Switch,,/,/,,/,,,,,,,/,/,,,/,,10,,,Satellite_Station_Destroyable,,,Sparks,,,,station,,noUnitCard; alwaysVisible; tileBlocking; station; capturable; invulnerable; forceGaia,facing: tile,,,,,,,,,,,,,,,,,,,,,,,,,,blockConstruction: true
Satellite_Station_Destroyable,4111,base,,federation,ground,station,static,,,63,base,,/,/,type: simple; offset: 12,direct,/,1,,,Satellite_Station,8,2,14.21,,2,1,,,/,,/,,500,/,,/,,,,,,60,/,/,,,40,,,,,,,,Sparks,deathSwitch: Satellite_Station_Destroyed,,Radio_House_Explosion,repairable; station; immuneToPlasmaBug,,noUnitCard; alwaysVisible; tileBlocking; station,facing: tile,,,,,,,,,,,,,,,,,,,,,,,,,,blockConstruction: true
Satellite_Station_Destroyed,4105,base,,gaia,ground,station,static,,,63,base,,/,/,type: simple; offset: 5.5,direct,/,1,,,Satellite_Station_Broken,8,2,1.737,,1,0,,,/,,OnCapture_Switch,,/,/,,/,,,,,,,/,/,,,/,,10,,,Radio_Station_Neutral,,,Sparks,,,,station,,noUnitCard; alwaysVisible; tileBlocking; invulnerable; forceGaia,facing: tile,,,,,,,,,,,,,,,,,,,,,,,,,,blockConstruction: true
,,,,,,,,,,,,,,,,,,,,,,,,,,,,,,,,,,/,,,,,,,,,,,,,,,,,,,,,,,,,,,,,,,,,,,,,,,,,,,,,,,,,,,,,,,
Delivery_Platform,100,base,,federation; gaia,ground,platform,fundament,,,103,none,,/,/,offset: 5.5,direct,/,1,,,Delivery_Platform,8,2,1.737,,,,,,/,,/,,/,/,,/,/,,,,,,/,/,,,16,,,,,,,,Sparks,,,,,,platformBuilding; alwaysVisible; noUnitCard; tileBlocking; noFireBlocking; baseHeight,facing: tile,,,,,,,,,,,,,,,,,,,,,,,,,,
Support_Center,109,base,,federation; gaia,ground,platform,fundament,,,104,none,1,/,/,offset: 5.5,direct,/,1,,,Support_Center,8,2,1.737,,,,,,/,,/,,/,/,,/,/,,,,,3,/,/,,,16,,,,,Delivery_Platform,,,Sparks,,,,,,platformBuilding; alwaysVisible; noUnitCard; tileBlocking; autoConstructed; singleton; canPurchase; baseHeight,facing: tile,,,,,,,,,,,,,,,,,,,,,,,,,,
Command_Center,117,base,,federation; gaia,ground,platform,fundament,,,105,none,1,/,/,offset: 5.5,direct,/,1,,,Command_Center,8,2,1.737,,,,,,/,,/,,/,/,,/,/,,,,,3,/,/,,,16,,,,,Delivery_Platform,,,Sparks,,,,,,platformBuilding; alwaysVisible; noUnitCard; tileBlocking; autoConstructed; singleton; canPurchase; baseHeight,facing: tile,,,,,,,,,,,,,,,,,,,,,,,,,,
Rocket_Depot,102,base,,federation; gaia,ground,platform,fundament,,,106,none,2,/,/,offset: 5.5,direct,/,1,,,Rocket_Depot,8,2,1.737,,,,,,/,,/,,/,/,,/,/,,,,,3,/,/,,,16,,,,,Delivery_Platform,,,Sparks,,,,,,platformBuilding; alwaysVisible; noUnitCard; tileBlocking; autoConstructed; singleton; canPurchase; baseHeight,facing: tile,,,,,,,,,,,,,,,,,,,,,,,,,,
Grenade_Depot,101,base,,federation; gaia,ground,platform,fundament,,,107,none,2,/,/,offset: 5.5,direct,/,1,,,Grenade_Depot,8,2,1.737,,,,,,/,,/,,/,/,,/,/,,,,,3,/,/,,,16,,,,,Delivery_Platform,,,Sparks,,,,,,platformBuilding; alwaysVisible; noUnitCard; tileBlocking; autoConstructed; singleton; canPurchase; baseHeight,facing: tile,,,,,,,,,,,,,,,,,,,,,,,,,,
Power_Plant,115,base,,federation; gaia,ground,platform,fundament,,,108,none,3,/,/,offset: 5.5,direct,/,1,,,Power_Plant,8,2,1.737,,,,,,/,,/,,/,/,,/,/,,,,,3,/,/,,,16,,,,,Delivery_Platform,,,Sparks,,,,,,platformBuilding; alwaysVisible; noUnitCard; tileBlocking; autoConstructed; singleton; canPurchase; baseHeight,facing: tile,,,,,,,,,,,,,,,,,,,,,,,,,,
Fleet_Relay,39,base,,federation; gaia,ground,platform,fundament,,,109,none,3,/,/,offset: 5.5,direct,/,1,,,Fleet_Relay,8,2,1.737,,,,,,/,,/,,/,/,,/,/,,,,,3,/,/,,,16,,,,,Delivery_Platform,,,Sparks,,,,,,platformBuilding; alwaysVisible; noUnitCard; tileBlocking; autoConstructed; singleton; canPurchase; baseHeight,facing: tile,,,,,,,,,,,,,,,,,,,,,,,,,,
Machine_Bay,116,base,,federation; gaia,ground,platform,fundament,,,110,none,4,/,/,offset: 5.5,direct,/,1,,,Machine_Workshop,8,2,1.737,,,,,,/,,/,,/,/,,/,/,,,,,3,/,/,,,16,,,,,Delivery_Platform,,,Sparks,,,,,,platformBuilding; alwaysVisible; noUnitCard; tileBlocking; autoConstructed; singleton; canPurchase; baseHeight,facing: tile,,,,,,,,,,,,,,,,,,,,,,,,,,
Sector_Headquarters,105,base,,federation; gaia,ground,platform,fundament,,,111,none,4,/,/,offset: 5.5,direct,/,1,,,Sector_Headquarters,8,2,1.737,,,,,,/,,/,,/,/,,/,/,,,,,3,/,/,,,16,,,,,Delivery_Platform,,,Sparks,,,,,,platformBuilding; alwaysVisible; noUnitCard; tileBlocking; autoConstructed; singleton; canPurchase; baseHeight,facing: tile,,,,,,,,,,,,,,,,,,,,,,,,,,
,,,,,,,,,,,,,,,,,,,,,,,,,,,,,,,,,,,,,,,,,,,,,,,,,,,,,,,,,,,,,,,,,,,,,,,,,,,,,,,,,,,,,,,,,
Radio_House,112,base,,federation; gaia,ground,station,fundament,,,62,base,,/,/,type: simple; offset: 5.5,direct,/,1,,,Radio_House,8,2,1.737,,0,0,,,/,,/,,/,/,,/,,,,,,,/,/,,,30,,10,,,,,,Sparks,,,,,,capturable; alwaysVisible; noUnitCard; tileBlocking; station; noUnitCard,facing: tile,,,,,,,,,,,,,,,,,,,,,,,,,,
Radio_Station,3,base,,federation; gaia,ground,station,fundament,,,62,base,,/,/,type: simple; offset: 5.5,direct,/,1,,,Radio_Station,8,2,1.737,,0,0,,,/,,/,,/,/,,/,,,,,,,/,/,,,30,,10,,,,,,Sparks,,,,,,capturable; alwaysVisible; noUnitCard; tileBlocking; station; noUnitCard,facing: tile,,,,,,,,,,,,,,,,,,,,,,,,,,
Radio_Bunker,125,base,,federation; gaia,ground,station,fundament,,,62,base,,/,/,type: simple; offset: 5.5,direct,/,1,,,Radio_Bunker,8,2,1.737,,0,0,,,Radio_HMG,,/,,/,/,,/,,,,,,,/,/,90; pitch: 90 -35 80,,35,,10,,,,,,Sparks,,,,,,capturable; alwaysVisible; noUnitCard; tileBlocking; station; noUnitCard; overwatch,facing: tile,,,,,,,,,,,,,,,,,,,,,,,,,,
Satellite_Station,31,base,,federation; gaia,ground,station,fundament,,,63,base,,/,/,type: simple; offset: 12,direct,/,1,,,Satellite_Station,8,2,14.21,,2,2,,,/,,/,,/,/,,/,,,,,,,/,/,,,40,,10,,,,,,Sparks,,,,,,capturable; alwaysVisible; noUnitCard; tileBlocking; station; noUnitCard,facing: tile,,,,,,,,,,,,,,,,,,,,,,,,,,
Radio_Mainframe,2036,base,,federation; gaia,ground,station,fundament,,,62,base,,/,/,type: simple; offset: 5.5,direct,/,1,,,Radio_Mainframe,8,2,1.737,,0,0,,,/,,/,,/,/,,/,,,,,,,/,/,,,30,,10,,,,,,Sparks,,,,,,capturable; alwaysVisible; noUnitCard; tileBlocking; station; noUnitCard,facing: tile,,,,,,,,,,,,,,,,,,,,,,,,,,
Radio_Facility,2040,lava,,federation; gaia,ground,station,fundament,,,62,base,,/,/,type: simple; offset: 5.5,direct,/,1,,,Radio_Facility,8,2,1.737,,0,0,,,/,,/,,/,/,,/,,,,,,,/,/,,,30,,10,,,,,,Sparks,,,,,,capturable; alwaysVisible; noUnitCard; tileBlocking; station; noUnitCard,facing: tile,,,,,,,,,,,,,,,,,,,,,,,,,,
,,,,,,,,,,,,,,,,,,,,,,,,,,,,,,,,,,/,,,,,,,,,,,,,,,,,,,,,,,,,,,,,,,,,,,,,,,,,,,,,,,,,,,,,,,
Supply_Platform,108,base,,federation; gaia,ground,platform,fundament,,,102,none,,/,/,offset: 5.5,direct,/,1,,,Supply_Platform,8,2,1.737,,,,,,/,,/,,/,/,,/,/,,,supply: 5,,,/,/,,,16,,,,,Delivery_Platform,,,Sparks,,,,,,alwaysVisible; noUnitCard; tileBlocking,facing: tile,,,,,,,,,,,,,,,,,,,,,,,,,,
Supply_Platform_Empty,154,base,,federation; gaia,ground,platform,fundament,,,102,none,,/,/,type: none; offset: 5.5,direct,/,1,,,Supply_Platform_Empty,8,2,1.737,,,,,,/,,/,,/,/,,/,/,,,,,,/,/,,,16,,,,,Delivery_Platform,,,Sparks,,,,,,alwaysVisible; noUnitCard; tileBlocking,facing: tile,,,,,,,,,,,,,,,,,,,,,,,,,,
Drop_Site,29,base,,federation; gaia,ground,marker,fundament,,,56,none,,/,/,type: none,direct,/,1,,,Drop_Site,12,3,1.737,,,,,,/,,/,,/,/,,/,,,,,,,/,/,,,/,,,,,,,Drop_Site,/,,,,,,inaccessible; alwaysVisible; noCollider,position: grid,,,,,,,,,,,,padType: Outside,,,,,,,,,,,,,,
Radio_Dropzone,5000,base,,federation; gaia,ground,platform,fundament,,,56,none,,/,/,type: simple,direct,/,1,,,Radio_Dropzone,/,3,1.737,,,,,,/,,/,50 remove,/,/,,/,,,,,,,/,/,,,/,,,,,,,Drop_Point,/,,,,,,inaccessible; alwaysVisible; noUnitCard; noCollider; noEditor,position: grid,,,,,,,,,,,,padType: Outside,,,,,,,,,,,,,,
Hidden_Dropzone,5001,base,,federation; gaia,ground,marker,fundament,,,56,none,,/,/,type: none,direct,/,1,,,Hidden_Dropzone,1,/,1.737,,,,,,/,,/,30 remove,/,/,,/,,,,,,,/,/,,,/,,,,,,,,/,,,,,,inaccessible; noUnitCard; noCollider; noEditor,,,,,,,,,,,,,padType: Outside,,,,,,,,,,,,,,
Orbital_Striker,30,base,,federation,ground,transport_air,static,,,/,none,,/,/,type: none,direct,,1,,,Orbital_Striker,12,,,,10,,,,/,,Orbital_Strike,15 remove,/,0,,/,,,,,,,/,/,,,/,,,,,,,,/,,,,,,inaccessible; noEditor; noCollider,,,,,,,,,,,,,,,,,,,,,,,,,,,
Designated_Target_Marker,32,base,,federation,ground,device,static,,,/,none,,/,/,type: simple,direct,/,1,,,Designated_Target,0.05,,0.1,,,,,,/,,/,10 remove,/,/,,/,,,,,,,/,/,,,/,,,,,,,,/,,,,,,inaccessible; noUnitCard; noCollider; noEditor; designatedTarget,,,,,,,,,,,,,,,,,,,,,,,,,,,
Sensor,122,base,,federation,ground,device,static,,,/,none,,/,/,type: simple,direct,/,1,,,Sensor,0.05,,0.1,,,,,,Sensor_Pulse,,/,10 kill,200,/,,/,,,,,,,/,/,,,15,,,,,,,,/,,,,,,inaccessible; noUnitCard; noCollider; noEditor; nightVision,,,,,,,,,,,,,,,,,,,,,,,,,,,
Battery_Bomb,118,base,,federation,ground,device,static,,,/,none,,/,/,type: simple,direct,/,1,,,Battery_Bomb,0.5,,0.1,,,,,,/,,/,4 kill,200,0,,/,,,,,,,/,/,,,/,,,,,,,,Sparks,deathWeapon: Battery_Explosion,,Battery_Explosion,,,inaccessible; noEditor; noAutoTarget; noUnitCard; noCollider; forceRogue,,,,,,,,,,,,,,,,,,,,,,,,,,,
CANNOT_REMOVE_THIS_LINE,1000000,chem,UnitPrototyping,federation,ground,device,static,,,/,none,,/,/,type: simple,direct,/,1,,,Marker_Flare_Nuke,0.05,,0.1,,,,,,Sensor_Pulse,,/,10 kill,200,/,,/,,,,,,,/,/,,,15,,,,,,,,/,,,,,,inaccessible; noUnitCard; noCollider; noEditor; nightVision,,,,,,,,,,,,,,,,,,,,,,,,,,,
,,,,,,,,,,,,,,,,,,,,,,,,,,,,,,,,,,/,,,,,,,,,,,,,,,,,,,,,,,,,,,,,,,,,,,,,,,,,,,,,,,,,,,,,,,
TAC_Grounded,99,base,,federation,ground,device,fundament,,,60,,,/,/,type: simple,direct,/,1,,,TAC_Grounded,10,,1.737,0.6,,,,,/,,,,400,/,,/,,,,,,,/,/,,,/,,,,,,,,Sparks,deathWeapon: TAC_Explosion,,,,,alwaysVisible; noUnitCard,,,,,,,,,,,,,,,,,,,,,,,,,,,
Viking_Grounded,106,base,,federation,ground,device,fundament,,,59,,,/,/,type: simple,direct,/,1,,,DR-4_Grounded,10,,6,1,,,,,/,,,,/,/,,/,,,,,,,/,/,,,/,,,10,,,,,Sparks,,,,,,alwaysVisible; noUnitCard,,,,,,,,,,,,,,,,,,,,,,,,,,,
Viking_Takeoff,104,base,,federation,ground,device,fundament,,,59,,,/,/,type: none,direct,/,1,,,DR-4_Takeoff,/,,6,1,,,,,/,,,10 remove,/,/,,/,,,,,,,/,/,,,/,,,10,,,,,Sparks,,,,,,alwaysVisible; noUnitCard; inaccessible; noCollider,,,,,,,,,,,,,,,,,,,,,,,,,,,
Viking_Landing,121,base,,federation,ground,device,fundament,,,59,,,/,/,type: none,direct,/,1,,,DR-4_Landing,12,,6,1,,,,,/,,,,/,/,,/,,,,,,,/,/,,,/,,,10,,,,,Sparks,,,,,,alwaysVisible; noUnitCard; inaccessible,,,,,,,,,,,,,,,,,,,,,,,,,,,
Skyhook_grounded,163,base,,federation,ground,device,fundament,,,59,,,/,/,type: simple,direct,/,1,,,DR-8_Grounded,7,,3.5,1,,,,,/,,,,/,/,,/,,,,,,,/,/,,,/,,,10,,,,,Sparks,,,,,,alwaysVisible; noUnitCard,,,,,,,,,,,,,,,,,,,,,,,,,,,
,,,,,,,,,,,,,,,,,,,,,,,,,,,,,,,,,,/,,,,,,,,,,,,,,,,,,,,,,,,,,,,,,,,,,,,,,,,,,,,,,,,,,,,,,,
Heavy_Turret,2009,base,,federation; gaia,ground,structure,fundament,,HMGTurret,57,,,/,/,offset: 5,direct,/,1,,,Heavy_Turret,1.8,1,1.5,,,,,,Heavy_Turret_HMG,,Turret_Switch_AA,,600,40,,/,,/,,,,20,/,/,60; pitch: 60 -20 80,,60,,,,,Heavy_Turret_AA,,,Sparks,,,Bunker_Explosion,repairable,,noUnitCard; suppressionImmune; canSelfDestruct; tileBlocking; remainVisible,,,,,,,,,,,,,,,,,,,attack: turret,,,,,,,,blockConstruction: true
Heavy_Turret_AA,2012,base,,federation; gaia,ground,structure,fundament,,HMGTurret,57,,,/,/,offset: 5,direct,/,1,,,Heavy_Turret_AA,1.8,1,1.5,,,,,,Heavy_Turret_AA,,Turret_Switch_Default,,initialHitpoints:600,40,,/,,/,,,,20,/,/,60; pitch: 30 -5 60,,60,,,,,Heavy_Turret,,,Sparks,,,Bunker_Explosion,repairable,,noUnitCard; suppressionImmune; canSelfDestruct; tileBlocking; remainVisible,,,,,,,,,,,,,,,,,,,attack: turret,,,,,,,,blockConstruction: true
Electro-Generator,2013,base,,federation; gaia,ground,structure,fundament,,,68,,,,/,,direct,/,1,,,Electro-Generator,1.8,1,0.5,,,,,,/,,/,,200,/,,/,,/,,,,40,/,/,,,/,,,,,,,,Sparks,deathWeapon: Electro_Shock,,,repairable,,noUnitCard; canSelfDestruct; tileBlocking; remainVisible,,,,,,,,,,,,,,,,,,,,,,,,,,,blockConstruction: true
Electro-Battery,2021,base,,federation; gaia,ground,structure,fundament,,,68,,,,/,,direct,/,1,,,Electro-Battery,1.8,1,0.5,,,,,,/,,/,,100,/,,/,/,/,,,,/,/,/,,,/,,,,,,,,Sparks,deathWeapon: Electro_Shock,,,repairable,,noUnitCard; tileBlocking; alwaysVisible,,,,,,,,,,,,,,,,,,,,,,,,,,,blockConstruction: true
Insecticide_Gas_Cloud,2008,base,,gaia,ground,device,static,,,/,none,,,/,type: none,direct,/,1,,,Gas_Pool,8,,0.1,1,,,,,/,,Insecticide_Gas,18 remove,/,/,,,,,,,,,/,/,,,/,,,,,,,/,,,,,,,noCollider; noUnitCard; inaccessible; noEditor; alwaysVisible,,,,,,,,,,,,,,,,,,,,,,,,,,,
Chemical_Barrels,2024,base,,gaia,ground,device,static,,,47,none,,,mob; 0.3; 1.5,type: none,squad,/,5,,,Chemical_Barrel_0,3,,1,1,,,,,/,,/,,1,20,,,,,,,,,/,/,,,1,,,,,,,,Sparks,deathWeapon: Chemical_Barrel,,,inanimate,,forceRogue; noAutoTarget; noUnitCard; noCollider,,,,,,,,,,,,,,,,,,,,,,,,,,,
Gas_Canister,2034,base,,gaia,ground,device,static,,,/,none,,/,/,type: simple,direct,/,1,,,Gas_Canister,0.5,,0.1,1.2,,,,,/,,/,6 kill,/,/,,/,,,,,,,/,/,,,/,,,,,,,,Sparks,deathSwitch: Lethal_Gas_Cloud,,,,,noEditor; noAutoTarget; noUnitCard; noCollider; forceRogue,,,,,,,,,,,,,,,,,,,,,,,,,,,
Lethal_Gas_Cloud,2023,base,,gaia,ground,device,static,,,/,none,,,/,type: none,direct,/,1,,,Lethal_Gas_Pool,8,,0.1,1,,,,,Lethal_Gas,,/,18 remove,/,/,,,,,,,,,/,/,,,10,,,,,,,/,,,,,,,noCollider; noUnitCard; inaccessible; noEditor; alwaysVisible; forceRogue,,,,,,,,,,,,,,,,,,,,,,,,,,,
,,,,,,,,,,,,,,,,,,,,,,,,,,,,,,,,,,/,,,,,,,,,,,,,,,,,,,,,,,,,,,,,,,,,,,,,,,,,,,,,,,,,,,,,,,
// Characters,,,,,,,,,,,,,,,,,,,,,,,,,,,,,,,,,,/,,,,,,,,,,,,,,,,,,,,,,,,,,,,,,,,,,,,,,,,,,,,,,,,,,,,,,,
Miner_Leader,202,base,,gaia,ground,infantry,foot,,,52,,,,/,offset: 5,direct,2,1,,,Prisoner_0,0.7,,1.76,1.05,,,/,male,/,,,,20,0,,/,,,,,,,3.9,360,,,70,,,,,,,,Blood,,156; 10; 10,standard: Blood_Death,human,,garrison; noFireBlocking,,,,,,,,,,,,enabled,,preferredTransport: DR-4_Viking; noPlayerInput: (),,,,,,,,,,,,,
Victor_Yarrow,204,base,,federation,ground,infantry,foot,,portrait_Victor,39,,,/,/,offset: 5,direct,2,1,,,Psi_Ops_0,0.7,,1.76,1; 1.1,,,yarrow,male,Morita_Pistol,,/,,200,0,,/,,,,,,,3.9,360,,,60,,,,,,,,Blood,,156; 10; 10,standard: Blood_Death,human; airImmune,,garrison; nightVision; singleton; noFireBlocking,,,,,,,,,,,,enabled,,preferredTransport: DR-8_Skyhook; noPlayerInput: (),,,,,,,,,,,,,
,,,,,,,,,,,,,,,,,,,,,,,,,,,,,,,,,,/,,,,,,,,,,,,,,,,,,,,,,,,,,,,,,,,,,,,,,,,,,,,,,,,,,,,,,,
,,,,,,,,,,,,,,,,,,,,,,,,,,,,,,,,,,,,,,,,,,,,,,,,,,,,,,,,,,,,,,,,,,,,,,,,,,,,,,,,,,,,,,,,,
// BASE GAME: ARACHNIDS,,,,,,,,,,,,,,,,,,,,,,,,,,,,,,,,,,/,,,,,,,,,,,,,,,,,,,,,,,,,,,,,,,,,,,,,,,,,,,,,,,,,,,,,,,
,,,,,,,,,,,,,,,,,,,,,,,,,,,,,,,,,,/,,,,,,,,,,,,,,,,,,,,,,,,,,,,,,,,,,,,,,,,,,,,,,,,,,,,,,,
Chariot_Bugs,50,base,,arachnid,ground,horde,claw,Chariot_Bugs,chariot_bug,121,,,,mob; 0.6; 2,type: none; offset: 2,individual,2,8,individual,0.15,Chariot_Bug_0,1.5,,0.62,0.8; 1,,,Chariot,,Chariot_Claws,,/,,40,30,,1,,,,,,5,2.6,170,,,40,,,,,Chariot_Bugs_Burrowed,,,Yellow,,244; 205; 77,standard: Yellow_Death,mindControllable,,garrison; canAttackAllClearableBuildings,,aggressive,,,,,,,,,,enabled,,,spawnType: burrow,,,,,,,,,,,,
Pupae_Bugs,77,base,,arachnid,ground,horde,claw,Pupae_Bugs,drone,112,,,,mob; 0.3; 2.8,type: none; offset: 3,individual,1,8,individual,0.25,Pupa_Bug_0,3.7,,2.46,0.5; 0.65,,,Drone,,Pupae_Claws,,/,,80,10,,2,,,,,,/,8.5,360,,,45,,,,,,,,Green,perType:(radiation:(ragdoll:()); explosive:(ragdoll:())),118; 165; 61,standard: Green_Death ; radiation: Radiation_Death; explosive: Green_Death_Large,mindControllable,,canAttackAllClearableBuildings,,aggressive,,climbing,,,4,4,,,,enabled,,,spawnType: burrow,,,,,,,,,,,,
Brood_Nest_Bugs,127,base,,arachnid,ground,horde,claw,Pupae_Bugs,drone,112,,,,mob; 0.3; 2.8,type: none; offset: 3,individual,1,8,individual,0.25,Pupa_Bug_0,3.7,,2.46,0.5; 0.65,,,Drone,,Pupae_Claws,,/,,80,10,,2,,,,,,/,8.5,360,,,45,,,,,,,,Green,,118; 165; 61,standard: Green_Death ; radiation: Radiation_Death; explosive: Green_Death_Large,mindControllable,,canAttackAllClearableBuildings; noEditor,,aggressive,,,,,4,4,,,,enabled,,,spawnType: burrow,,,,,,,,,,,,
Warrior_Bugs,1,base,,arachnid,ground,horde,claw,Warrior_Bugs,warrior,113,,,,mob; 0.3; 2.8,type: none; offset: 3.5,individual,1,12,individual,0.25,Warrior_Bug_0,3.7,,2.46,0.8; 0.85,,,Warrior,,Warrior_Claws,,/,,120,30,,5,,,,,,2,7,360,,,50,,,,,,,,Green,perType:(radiation:(ragdoll:()); explosive:(ragdoll:())),118; 165; 61,standard: Green_Death ; radiation: Radiation_Death; explosive: Green_Death_Large,mindControllable,,canAttackAllClearableBuildings,,aggressive,,climbing,,,4,4,,,,enabled,,,spawnType: burrow,,,,,,,,,,,,
Spitter_Bugs,28,base,,arachnid,ground,horde,claw,Spitter_Bugs,spitter,123,,,,mob; 0.3; 3.8,type: none; offset: 4,individual,2,5,individual,0.25,Spitter_Bug_0,2,,1.1,1; 1.1,,,Spitter,,Spitter_Spit,,/,,100,10,,3,,,,,,2,7,360,,,50,,,,,,,,Green,perType:(radiation:(ragdoll:()); explosive:(ragdoll:())),161; 231; 81,standard: Green_Death ; radiation: Radiation_Death; explosive: Green_Death_Large,druggedSpitterPrio; mindControllable,,canAttackAllClearableBuildings,,aggressive,attribute: eradicators,climbing,,,2,,,,,enabled,,,spawnType: burrow,,,,,,,,,,,,
Tiger_Bugs,11,base,,arachnid,ground,horde,claw,Tiger_Bugs,tiger,114,,,,mob; 0.3; 3.0,type: none; offset: 4,individual,1,10,individual,0.3,Tiger_Bug_0,3.7,,2.46,0.85; 0.9,,,Warrior,,Tiger_Claws,,/,,150,60,,7,,,,,,3,6,360,,,50,,,,,,,,Green,perType:(radiation:(ragdoll:()); explosive:(ragdoll:())),161; 231; 81,standard: Green_Death ; radiation: Radiation_Death; explosive: Green_Death_Large,mindControllable,,suppressionResistant; canAttackAllClearableBuildings,,aggressive,,climbing,,,4,4,,,,enabled,,,spawnType: burrow,,,,,,,,,,,,
Royal_Guard_Bug,19,base,,arachnid,ground,horde,claw,Royal_Guard_Bug,,115,,,,/,type: simple; offset: 4,direct,1,1,,0.35,Guard_Bug_0,3.7,,2.46,0.9; 0.95,,,Warrior,,Guard_Claws,,/,,300,80,,2,,,,,,3,5.5,300,,,50,,,,,,,,Orange,deathSwitch: Raged_Guard_Bug; bloodTexture: 2,195; 196; 69,,mindControllable,,suppressionImmune; canAttackAllClearableBuildings,,aggressive,,,,,4,4,,,,enabled,,,spawnType: burrow,,,,,,,,,,,,
Raged_Guard_Bug,160,base,,arachnid,ground,horde,claw,Royal_Guard_Bug,,115,,,,/,type: simple; offset: 4,direct,1,1,,0.45,Rage_Bug_0,3.7,,2.46,0.9; 0.95,,,Warrior,,Rage_Claws,,/,5 kill,300,100,,2,,,,,,/,2.5,360,,,50,,,,,,,,Orange,bloodTexture: 2,195; 196; 69,standard: Orange_Death,,,suppressionImmune; noEditor; canAttackAllClearableBuildings,,aggressive,,,,,4,4,,,,enabled,,,spawnType: burrow,,,,,,,,,,,,
Tanker_Bug,12,base,,arachnid,ground,behemoth,claw,Tanker_Bug,tanker,116,,,,/,type: simple; offset: 6,direct,1,1,BigUnit 20,5,Tanker_Bug_0,8,,3.65,,,,Tanker,male,Tanker_Acid,,Tanker_Roar,,800,100,,4,,,,,,5,3.9,70,,,70,,,,,,,,Orange,bloodTexture: 1,233; 126; 12,standard: Tanker_Death,mindControllable,1,suppressionImmune; canAttackAllClearableBuildings; bigCollisionLayer,,aggressive,,,,,,,,,,enabled,,,spawnType: burrow,,,,,exit: burrow,,,,,,,
Scorpion_Bug,13,base,,arachnid,ground,behemoth,claw,Scorpion_Bug,scorpion,117,,,,/,type: simple; offset: 6,direct,2,1,BigUnit 20,1,Scorpion_Bug_0,4.4,,3,1,,,Scorpion,male,Scorpion_Plasma 0,,Scorpion_Claw_Crush,,400,100,,3,,,,,,4,6,130,,,70,,,,,,,,Orange,bloodTexture: 2,219; 163; 74,standard: Yellow_Death,mindControllable,1,overwatch; suppressionResistant; canAttackAllClearableBuildings,,aggressive,attribute: eradicators,,,,2,,,,,enabled,,,spawnType: burrow,,,,,exit: burrow,,,,,,,
Grenadier_Bug,15,base,,arachnid,ground,horde,claw,Grenadier_Bug,plasmaGrenadier,118,,,,/,type: simple; offset: 7,direct,2,1,,0.75,Grenadier_Bug_0,5,,3,1.05; 1.10,,,Grenadier,male,Grenadier_Plasma,,Homing_Plasma; Grenadier_Cluster_Plasma,,300,50,,4,,,,,,4,4,104,,,40,,,,,,,,Yellow,bloodTexture: 2,,standard: Yellow_Death,mindControllable,,,,aggressive,attribute: eradicators,,,,,,,,,enabled,,,spawnType: burrow,,,,,,,,,,,,
Plasma_Bug,14,base,,arachnid,ground,behemoth,static,Plasma_Bug,plasma,119,,,,/,type: simple; offset: 7.5,direct,2,1,BigUnit 1,0.75,Plasma_Bug_0,12,3,3.63,1.2,2,,Plasma,,/,,Plasma_Strike; Plasma_Strike_Scripted; Plasma_Orbital_Scripted,,600,100,,7,,,,,,5,/,78,,,70,,,,,,,,Purple,deathWeapon: Plasma_Bug_Explosion; bloodTexture: 1,,,massive,,rearAttack; remainVisible,position: grid,aggressive,attribute: eradicators,,,,,,,,,enabled,,,spawnType: burrow,,,,,exit: burrow,,,,,,,
Bombardier_Bugs,16,base,,arachnid,ground,horde,claw,,bombardier,120,,,,mob; 0.3; 4,type: none; offset: 2,individual,2,3,individual,0.15,Bombardier_Bug_0,0.8,,0.5,1.2,,,,,Bombardier_Launch,,/,,20,30,,2,,,,,,2,4,195,,,70,,,,,,,,Green,perType:(radiation:(ragdoll:())),,standard: Green_Death; radiation:Radiation_Death,druggedSpitterPrio; mindControllable,,suppressionResistant; noCollider; canAttackAllClearableBuildings,,aggressive,attribute: eradicators,,,,,,,,,enabled,,,spawnType: burrow,,,,,,,,,,,,
Brain_Bug,17,base,,arachnid,ground,overseer,claw,,brainbug,122,,,,/,type: simple; offset: 7.5,direct,2,1,,1.5,Brain_Bug_0,3.7,,3.75,,,,,,/,,/,,200,20,,100,,,,,,80,2,78,,,70,,,,,,,,Brain_Bug_Hit,bloodTexture: 2,247; 197; 31,standard: Yellow_Death,,,garrison; noAutoTarget,,aggressive,,,,,,,,,,enabled,,,spawnType: burrow,,,,,,,,,,,,
Infested_Trooper,82,base,,arachnid,ground,infantry,foot,,,64,,,,/,offset: 5; type: noneIfEnemy,direct,2,1,,/,Basic_Infantry_0; Basic_Infantry_1; Basic_Infantry_2,0.7,,1.76,1; 1.1,,,,,/,,/,,40,20,,2,,,,,,5,3.9,360,,,70,,,,,,,,Yellow,,247; 197; 31,standard: Yellow_Death,,,noAutoTarget; garrison,,,,,,,,,,,,enabled,,preferredTransport: DR-4_Viking,,,,,,,,,,,,,
Hopper_Bugs,6,base,,arachnid,air,swarm,wing,Hopper_Bugs,hopper,124,,,,mob; 1.5; 5,type: none; offset: 5.5,squad,2,5,air,0.25,Hopper_Bug_0,3,,2,0.8,,,Hopper,,Hopper_Claws,,/,,100,10,,2,,,,,,3,10,200,,6,50,,,,,,,,Green,ragdoll: (crashEffect: Crash_Impact),23; 139; 43,standard: Green_Death,,,constantMotion; ragdollDeath; suppressionImmune,,aggressive,attribute: eradicators,,true,,,,,,,enabled,,,spawnType: burrow,,,,,exit: instant,,,,,,,
,,,,,,,,,,,,,,,,,,,,,,,,,,,,,,,,,,/,,,,,,,,,,,,,,,,,,,,,,,,,,,,,,,,,,,,,,,,,,,,,,,,,,,,,,,
Cave,45,base,,arachnid; gaia,ground,hive,fundament,,,126,hive,,,/,type: hatchery,direct,/,1,,,Bug_Hive; lava:Bug_Hive_Lava; jungle:Bug_Hive_Jungle,14,4 1,,,,,,,/,,/,,/,/,,,,,,,,,/,/,,,40,,40,4,attribute: canCaptureHive,,,,Dust,,,,,1,baseHeight; noUnitCard; hive; garrisonCapture; noCollider; noAutoTarget; alwaysVisible,facing: tile,,,,,,,,,,,,,,,,,,,,,,,,,,blockConstruction: true
Cave_Collapsed,54,base,,gaia,ground,hive,fundament,,,126,hive,,,/,type: simple,direct,/,1,,,Bug_Hive_Collapsed; lava:Bug_Hive_Collapsed,14,4 1,,,,,,,/,,/,,/,/,,,,,,,,,/,/,,,8,,/,/,,,,,Dust,,,,,,baseHeight; noUnitCard; noCollider; forceRogue; noAutoTarget; alwaysVisible,facing: tile,,,,,,,,,,,,,,,,,,,,,,,,,,blockConstruction: true
Hive_Concrete,137,base,,arachnid; gaia,ground,hive,fundament,,,126,hive,,,/,type: hatchery,direct,/,1,,,Hive_Concrete,14,4 1,,,,,,,/,,/,,/,/,,,,,,,,,/,/,,,40,,40,4,attribute: canCaptureHive,,,,Dust,,,,,1,baseHeight; noUnitCard; hive; garrisonCapture; noCollider; noAutoTarget; alwaysVisible,facing: tile,,,,,,,,,,,,,,,,,,,,,,,,,,blockConstruction: true
Hive_Concrete_Collapsed,138,base,,gaia,ground,hive,fundament,,,126,hive,,,/,type: simple,direct,/,1,,,Hive_Concrete_Collapsed,14,4 1,,,,,,,/,,/,,/,/,,,,,,,,,/,/,,,8,,/,/,,,,,Dust,,,,,,baseHeight; noUnitCard; noCollider; forceRogue; noAutoTarget; alwaysVisible,facing: tile,,,,,,,,,,,,,,,,,,,,,,,,,,blockConstruction: true
Tunnel,56,base,,arachnid; gaia,ground,hive,fundament,,,126,hive,,,/,type: hatchery,direct,/,1,,,Bug_Hive_Sloped; lava:Bug_Hive_Sloped_Lava; metro:City_Hive_Tunnel; jungle:Bug_Hive_Sloped_Jungle,12,3,0.5,,,,,,/,,/,,/,/,,,,,,,,,/,/,,,40,,40,7,attribute: canCaptureHive,,,Bug_Cave_Sloped,Dust,,,,,1,baseHeight; noUnitCard; hive; garrisonCapture; noCollider; noAutoTarget; alwaysVisible; tileBlocking,facing: tile,,,,,,,,,,,,,,,,,,,,,,,,,,blockConstruction: true
Tunnel_Collapsed,57,base,,gaia,ground,hive,fundament,,,126,hive,,,/,type: simple,direct,/,1,,,Bug_Hive_Sloped_Collapsed; lava:Bug_Hive_Sloped_Collapsed,12,3,4,,,,,,/,,/,,/,/,,,,,,,,,/,/,,,8,,/,/,,,,Bug_Cave_Sloped,Dust,,,,,,baseHeight; noUnitCard; noCollider; forceRogue; noAutoTarget; alwaysVisible,facing: tile,,,,,,,,,,,,,,,,,,,,,,,,,,blockConstruction: true
,,,,,,,,,,,,,,,,,,,,,,,,,,,,,,,,,,/,,,,,,,,,,,,,,,,,,,,,,,,,,,,,,,,,,,,,,,,,,,,,,,,,,,,,,,
Bug_Tunnel,62,base,,arachnid; gaia,ground,cavern,fundament,,,125,none,,,/,type: hatchery,direct,/,1,,,Bug_Tunnel; lava:Bug_Tunnel_Lava; metro:Bug_Tunnel_Concrete; jungle:Bug_Tunnel_Jungle,8,2,3,,,,,,/,,/,,/,/,,,,,,,,,/,/,,,30,,/,8,,,,Bug_Tunnel,Dust,,,,,,baseHeight; noUnitCard; tileBlocking; noAutoTarget; alwaysVisible; bugTunnel,,,,,,,,,,,,,,,,,,,,,,,,,,,blockConstruction: true
Bug_Tunnel_Collapsed,87,base,,arachnid; gaia,ground,cavern,fundament,,,125,none,,,/,type: simple,direct,/,1,,,Bug_Tunnel_Collapsed; lava:Bug_Tunnel_Collapsed_Lava; metro:Bug_Tunnel_Collapsed_Concrete; jungle:Bug_Tunnel_Collapsed_Jungle,8,2,3,,,,,,/,,/,,/,/,,,,,,,,,/,/,,,8,,/,/,,,,Bug_Tunnel,Dust,,,,,,baseHeight; noUnitCard; tileBlocking; noAutoTarget; alwaysVisible,,,,,,,,,,,,,,,,,,,,,,,,,,,blockConstruction: true
Bug_Shaft,2038,base,,arachnid; gaia,ground,cavern,fundament,,,125,none,,,/,type: hatchery,direct,/,1,,,Bug_Shaft,8,2,3,,,,,,/,,/,,/,/,,,,,,,,,/,/,,,30,,/,8,,,,Bug_Shaft,Dust,,,,,,baseHeight; noUnitCard; tileBlocking; noAutoTarget; alwaysVisible; bugTunnel,facing: tile,,,,,,,,,,,,,,,,,,,,,,,,,,blockConstruction: true
Bug_Shaft_Collapsed,2039,base,,arachnid; gaia,ground,cavern,fundament,,,125,none,,,/,type: simple,direct,/,1,,,Bug_Shaft_Closed,8,2,3,,,,,,/,,/,,/,/,,,,,,,,,/,/,,,8,,/,/,,,,Bug_Shaft,Dust,,,,,,baseHeight; noUnitCard; tileBlocking; noAutoTarget; alwaysVisible,facing: tile,,,,,,,,,,,,,,,hideVisualInBattle,,,,,,,,,,,blockConstruction: true
Bug_Tunnel_Metro,2037,base,,arachnid; gaia,ground,cavern,fundament,,,125,none,,,/,type: hatchery,direct,/,1,,,Bug_Tunnel_Metro,8,2,3,,,,,,/,,/,,/,/,,,,,,,,,/,/,,,30,,/,8,,,,Bug_Metro,Dust,,,,,,baseHeight; noUnitCard; tileBlocking; noAutoTarget; alwaysVisible; bugTunnel,facing: tile,,,,,,,,,,,,,,,,,,,,,,,,,,blockConstruction: true
Bug_Tunnel_Metro_Collapsed,2051,base,,arachnid; gaia,ground,cavern,fundament,,,125,none,,,/,type: simple,direct,/,1,,,Bug_Tunnel_Metro_Collapsed,8,2,3,,,,,,/,,/,,/,/,,,,,,,,,/,/,,,8,,/,/,,,,Bug_Metro,Dust,,,,,,baseHeight; noUnitCard; tileBlocking; noAutoTarget; alwaysVisible,facing: tile,,,,,,,,,,,,,,,,,,,,,,,,,,blockConstruction: true
Bug_Sewer,3300,metro,,arachnid; gaia,ground,cavern,fundament,,,125,none,,,/,type: hatchery,direct,/,1,,,Sewer_Pipe,4,/,3,,,,,,/,,/,,/,/,,,,,,,,,/,/,,,30,,/,8,,,,/,Dust,,,,,,baseHeight; noUnitCard; noAutoTarget; alwaysVisible; bugTunnel,,,,,,,,,,,,,,,,,,,,,,,,,,,blockConstruction: true
Bug_Sewer_Collapsed,3270,metro,,arachnid; gaia,ground,cavern,fundament,,,125,none,,,/,type: simple,direct,/,1,,,Sewer_Pipe_Collapsed,4,/,3,,,,,,/,,/,,/,/,,,,,,,,,/,/,,,8,,/,/,,,,/,Dust,,,,,,baseHeight; noUnitCard; tileBlocking; noAutoTarget; alwaysVisible,,,,,,,,,,,,,,,,,,,,,,,,,,,blockConstruction: true
,,,,,,,,,,,,,,,,,,,,,,,,,,,,,,,,,,/,,,,,,,,,,,,,,,,,,,,,,,,,,,,,,,,,,,,,,,,,,,,,,,,,,,,,,,
Bug_Lair,86,base,,arachnid; gaia,ground,cavern,fundament,,,126,,,,/,type: simple; offset: 4,direct,/,1,,,Bug_Lair; lava:Bug_Lair_Lava,8,2,3,,,,,,/,,/,,250,45,granite,,,,,,,,/,/,,,8,,/,8,,,,,Dust,deathSwitch: Bug_Lair_Collapsed,,Brood_Chamber_Collapse,structure,,baseHeight; noUnitCard; tileBlocking; remainVisible; noCollider,,,,,,,,,,respawnTime: 30; spawnBehaviour: PerSoldier,,,,,,,,,,,,,,,,,blockConstruction: true
Bug_Lair_Collapsed,153,base,,gaia,ground,cavern,fundament,,,126,none,,,/,type: none; offset: 4,direct,/,1,,,Bug_Lair_Collapsed; lava:Bug_Lair_Collapsed_Lava,8,2,3,,,,,,/,,/,,/,,,,,,,,,,/,/,,,/,,/,/,,,,,Dust,,,,structure,,baseHeight; noUnitCard; noAutoTarget; alwaysVisible; forceGaia; inaccessible; noCollider,,,,,,,,,,,,,,,,,,,,,,,,,,,blockConstruction: true
Bug_Vent,2096,base,,arachnid; gaia,ground,cavern,fundament,,,126,,,,/,type: simple; offset: 7,direct,/,1,,,Bug_Vent,8,2,1,,,,,,/,,/,,500,45,,,,,,,,,/,/,,,8,,/,8,,,,Bug_Vent,Dust,deathSwitch: Bug_Vent_Collapsed,,Bunker_Explosion,structure,,baseHeight; noUnitCard; tileBlocking; alwaysVisible,facing: tile,,,,,,,,,respawnTime: 30; spawnBehaviour: PerSoldier,,,,,,,,,,,,,,,,,blockConstruction: true
Bug_Vent_Collapsed,2097,base,,gaia,ground,cavern,fundament,,,126,none,,,/,type: none; offset: 7,direct,/,1,,,Bug_Vent_Destroyed,8,2,1,,,,,,/,,/,,/,,,,,,,,,,/,/,,,/,,/,/,,,,Bug_Vent,Dust,,,,structure,,baseHeight; noUnitCard; tileBlocking; alwaysVisible; noAutoTarget; forceGaia; inaccessible,facing: tile,,,,,,,,,,,,,,,,,,,,,,,,,,blockConstruction: true
Brood_Chamber,63,base,,arachnid; gaia,ground,cavern,fundament,,,97,,,,/,type: simple; offset: 7,direct,/,1,,,Brood_Nest; lava:Brood_Nest_Lava,8,2,4,,,,,,/,,/,,400,50,granite,,,,,,,,/,/,,,20,,/,10,Pupae_Bugs,,,,Dust,deathSwitch: Brood_Chamber_Collapsed,,Brood_Chamber_Collapse,structure,,baseHeight; noUnitCard; tileBlocking; alwaysVisible; critterSpawner; noCollider,,,,,,,,,,,,,,,,,spawnDelay: 5; maxDefenderCount: 10; unitType: brood_nest_bugs; activationDelay: 5; waves: 5 4 4 3 3 2 2 2 2 2; waveDelay: 1.5; waveSlowDown: 0.333,,,,,,,,,,blockConstruction: true
Brood_Chamber_Collapsed,93,base,,gaia,ground,cavern,fundament,,,97,none,,,/,type: none; offset: 7,direct,/,1,,,Brood_Nest_Collapsed; lava:Brood_Nest_Collapsed_Lava,8,2,4,,,,,,/,,/,,/,/,,,,,,,,,/,/,,,/,,/,/,,,,,Dust,deathSwitch: Brood_Chamber_Collapsed,,,structure,,baseHeight; noUnitCard; noAutoTarget; alwaysVisible; forceGaia; inaccessible; noCollider,,,,,,,,,,,,,,,,,,,,,,,,,,,blockConstruction: true
Burrow,74,base,,arachnid,ground,cavern,fundament,,,/,none,,,/,type: none,direct,/,1,,,Burrow,8,2,0.5,,,,,,/,,/,,/,/,,,,,,,,,/,/,,,/,,/,5,,,,,Sparks,,,,,,inaccessible; noEditor; noUnitCard; noCollider,,,,,,,,,,,,,,,,,,,,,,,,,,,blockConstruction: true
Burrow_Test,200,base,,arachnid,ground,cavern,fundament,,,/,none,,,/,type: none,direct,/,1,,,Burrow,8,2,0.5,,,,,,/,,/,,/,/,,,,,,,,,/,/,,,/,,/,5,,,,,Sparks,,,,,,inaccessible; noEditor; noUnitCard; noCollider,,,,,,,,,,,,,,,,,,,,,,,,,,,blockConstruction: true
Invasion_Arrow,123,base,,gaia; arachnid,ground,marker,static,,,/,arrow,,,/,type: none,direct,/,1,,,Arrow,2,,0.1,,,,,,/,,/,,/,/,,,,,,,,,/,/,,,/,,,,,,,,,,,,,,inaccessible; alwaysVisible; noCollider; usePlayerColor,,,,,,,,,,,,,,,,,,,,,,,yes,,,,
Invasion_Arrow_Small,158,base,,gaia; arachnid,ground,marker,static,,,/,smallarrow,,,/,type: none,direct,/,1,,,Arrow,2,,0.1,0.3,,,,,/,,/,,/,/,,,,,,,,,/,/,,,/,,,,,,,,,,,,,,inaccessible; alwaysVisible; noCollider; usePlayerColor,,,,,,,,,,,,,,,,,,,,,,,yes,,,,
,,,,,,,,,,,,,,,,,,,,,,,,,,,,,,,,,,/,,,,,,,,,,,,,,,,,,,,,,,,,,,,,,,,,,,,,,,,,,,,,,,,,,,,,,,
,,,,,,,,,,,,,,,,,,,,,,,,,,,,,,,,,,/,,,,,,,,,,,,,,,,,,,,,,,,,,,,,,,,,,,,,,,,,,,,,,,,,,,,,,,
// GAIA,,,,,,,,,,,,,,,,,,,,,,,,,,,,,,,,,,/,,,,,,,,,,,,,,,,,,,,,,,,,,,,,,,,,,,,,,,,,,,,,,,,,,,,,,,
,,,,,,,,,,,,,,,,,,,,,,,,,,,,,,,,,,/,,,,,,,,,,,,,,,,,,,,,,,,,,,,,,,,,,,,,,,,,,,,,,,,,,,,,,,
Minutemen,58,base,,gaia,ground,infantry,foot,,,51,,,,checker; 0.6; 1.6; 1.8; 2,offset: 5,squad,1,12,,0.3,Militia_0; Militia_1; Militia_2,0.7,,1.76,1; 1.1,,,Generic_Humans,,Rifle 0,,,,35,20,,3,,,,,,,3.9,360,,,70,,,,,,,,Blood,,156; 10; 10,standard: Blood_Death,human,,garrison,,,,,,,,,,,1,enabled,,preferredTransport: DR-4_Viking; noPlayerInput: (),,,,,,,,,,,,,
Prison_Guards,132,base,,federation,ground,infantry,foot,,,51,,,/,mob; 0.3; 2.0,offset: 5,squad,1,4,,,Basic_Sniper_0,0.7,,1.76,1; 1.1,,,Generic_Humans,,Morita_MkI,,/,,60,20,,3,,,,,,,2,360,,,50,,,,,,,,Blood,,156; 10; 10,standard: Blood_Death,human,,garrison,,,,,,,,,,,1,enabled,,preferredTransport: DR-4_Viking; noPlayerInput: (),,,,,,,,,,,,,
Civilians,59,base,,gaia,ground,infantry,foot,,portrait_civilian,55,,,,mob; 0.3; 2.0,offset: 5,squad,2,12,,,Civilian_0; Civilian_1; Civilian_2,0.7,,1.76,1; 1.1,,,Generic_Humans,,/,,,,20,20,,3,,,,,,,3.9,360,,,40,,,,,,,,Blood,,156; 10; 10,standard: Blood_Death,human,,garrison; noFireBlocking,,,,,,,,,,,1,enabled,,preferredTransport: DR-4_Viking; noPlayerInput: (),,,,,,,,,,,,,
Civilians_Disband_Only,3312,base,,gaia,ground,infantry,foot,,portrait_civilian,55,,,,mob; 0.3; 2.0,offset: 5,squad,2,5,,,Civilian_0; Civilian_1; Civilian_2,0.7,,1.76,1; 1.1,,,Generic_Humans,,/,,,,20,20,,,,,,,,,3.9,360,,,40,,,,,,,,Blood,,156; 10; 10,standard: Blood_Death,human,,garrison; noFireBlocking,,,,,,,,,,,1,enabled,,preferredTransport: DR-4_Viking; reinforce: false; transport: false,,,,,,,,,,,,,
Miners,151,base,,gaia,ground,infantry,foot,,portrait_civilian,55,,,,mob; 0.3; 2.0,offset: 5,squad,2,12,,,Civilian_0; Civilian_1; Civilian_2,0.7,,1.76,1; 1.1,,,Generic_Humans,,/,,,,20,20,,3,,,,,,,3.9,360,,,40,,,,,,,,Blood,,156; 10; 10,standard: Blood_Death,human,,garrison; noFireBlocking,,,,,,,,,,,1,enabled,,preferredTransport: DR-8_Skyhook; noPlayerInput: (),,,,,,,,,,,,,
Prisoners,129,base,,gaia,ground,infantry,foot,,portrait_prisoners,52,,,,mob; 0.3; 2.0,offset: 5,squad,2,12,,0.3,Prisoner_0;Prisoner_1;Prisoner_2,1.2,,1.76,1; 1.1,,,Generic_Humans,,Fist,,,,35,20,,3,,,,,,,3.9,360,,,50,,,,,,,,Blood,,156; 10; 10,standard: Blood_Death,human,,garrison; noFireBlocking,,aggressive,,,,,,,,,1,enabled,,preferredTransport: DR-4_Viking; noPlayerInput: (),,,,,,,,,,,,,
Prisoners_New,2144,base,,gaia,ground,infantry,foot,,portrait_prisoners,52,,,,mob; 0.3; 2.0,offset: 5,individual,2,12,,0.3,Prisoner_0;Prisoner_1;Prisoner_2,1.2,,1.76,1; 1.1,,,Generic_Humans,,Fist,,,,35,20,,3,,,,,,,3.9,360,,,50,,,,,,,,Blood,,156; 10; 10,standard: Blood_Death,human,,garrison; noFireBlocking,,aggressive,,,,,,,,,1,enabled,,preferredTransport: DR-4_Viking; noPlayerInput: (),,,,,,,,,,,,,
Prisoners_Melee,156,base,,gaia,ground,infantry,foot,,portrait_prisoners,52,,,,mob; 0.3; 2.0,offset: 5,individual,2,12,,0.3,Prisoner_Melee_0;Prisoner_Melee_1;Prisoner_Melee_2,1.2,,1.76,1; 1.1,,,Generic_Humans,,Rioter_Bat,,,,35,20,,3,,,,,,,3.9,360,,,50,,,,,,,,Blood,,156; 10; 10,standard: Blood_Death,human,,garrison; noFireBlocking; suppressionResistant,,aggressive,,,,,,,,,1,enabled,,preferredTransport: DR-4_Viking; noPlayerInput: (),,,,,,,,,,,,,
Prisoners_AR,130,base,,gaia,ground,infantry,foot,,portrait_prisoners,52,,,,checker; 0.6; 1.6; 1.8; 2,offset: 5,squad,1,12,,0.4,Prisoner_AR_0;Prisoner_AR_1;Prisoner_AR_2,0.7,,1.76,1; 1.1,,,Generic_Humans,,Morita_MkI 0,,,,35,20,,3,,,,,,,3.9,360,,,50,,,,,,,,Blood,,156; 10; 10,standard: Blood_Death,human,,garrison,,,,,,,,,,,1,enabled,,preferredTransport: DR-4_Viking; noPlayerInput: (),,,,,,,,,,,,,
Explosive_Barrels,72,base,,gaia,ground,device,static,,,47,none,,,mob; 0.3; 1.5,type: none,squad,/,5,,,Explosive_Barrel_0,3,,1,1,,,,,/,,/,,1,20,,,,,,,,,/,/,,,1,,,,,,,,Sparks,deathWeapon: Explosive_Barrel,,,inanimate,,forceRogue; noAutoTarget; noUnitCard; noCollider,,,,,,,,,,,,,,,,,,,,,,,,,,,
Flag,75,base,,gaia,ground,marker,static,,,67,none,,,/,type: none,direct,/,1,,,Flag,2,,3,,,,,,/,,/,,/,/,,,,,,,,,/,/,,,/,,,,,,,,Sparks,,,,,,alwaysVisible; noCollider; usePlayerColor,,,,,,,,,,,,,,,,,,,,,,,,,,,blockConstruction: true
Capture_Point,76,base,,federation; gaia; arachnid,ground,device,static,,,67,none,,,/,type: simple,direct,/,1,,,Capture_Point,2,,,,,,,,/,,/,,/,/,,,,,,,,,/,/,,,/,,,,,,,,,,,,,,noCollider; capturable; alwaysVisible; noUnitCard,,,,,,,,,,,,,,,,,,,,,,,,,,,blockConstruction: true
Capture_Site,20,base,,federation; gaia,ground,device,static,,,67,none,,,/,type: simple,direct,/,1,,,Capture_Site,8,2,,,,,,,/,,/,,/,/,,,,,,,,,/,/,,,/,,,,,,,,,,,,,,noCollider; capturable; alwaysVisible; noUnitCard; tileBlocking,position: grid; facing: tile,,,,,,,,,,,,,,,,,,,,,,,,,,blockConstruction: true
Marker_Flare,27,base,,federation; gaia,ground,device,static,,,/,point,,/,/,type: none,direct,/,1,,,Designated_Target,0.05,,0.1,,,,,,/,,/,,/,/,,/,,,,,,,/,/,,,/,,,,,,,,/,,,,,,inaccessible; noUnitCard; noCollider,,,,,,,,,,,,,,,,,,,,,,,,,,,
Marker,107,base,,gaia,ground,marker,static,,,67,none,,,/,type: none,direct,/,1,,,Marker,2,,0.1,,,,,,/,,/,,/,/,,,,,,,,,/,/,,,/,,,,,,,,,,,,,,inaccessible; noCollider; usePlayerColor; alwaysVisible; hiddenInBattle,,,,,,,,,,,,,,,,,,,,,,,,,,,
Marker_InstantSpawn,157,base,,gaia,ground,marker,static,,,67,none,,,/,type: none,direct,/,1,,,Marker,2,,0.1,,,,,,/,,/,,/,/,,,,,,,,,/,/,,,/,,,,,,,,,,,,,,inaccessible; noCollider; usePlayerColor; alwaysVisible; hiddenInBattle,,,,,,,,,,,,,,,,,,,,,,spawnBehaviour: alwaysInstantSpawn,,,,,
Invisible_Carrier,78,base,,gaia,ground,marker,static,,,76,none,,,/,type: none,direct,/,1,,,Invisible_Carrier,2,,0.1,,,,,,/,,/,,/,/,,,,,,,,,/,/,,,/,,,10,,,,,,,,,,,inaccessible; noCollider; usePlayerColor; alwaysVisible; hiddenInBattle,,,,,,,,,,,,,,,,,,,,,,,,,,,
Invisible_Carrier2,2076,base,,gaia,ground,marker,static,,,76,none,,,/,type: none,direct,/,1,,,Invisible_Carrier2,2,,0.1,,,,,,/,,/,,/,/,,,,,,,,,/,/,,,/,,,10,,,,,,,,,,,inaccessible; noCollider; usePlayerColor; alwaysVisible; hiddenInBattle,,,,,,,,,,,,,,,,,,,,,,,,,,,
Ammo_Stash,110,base,,federation; gaia,ground,structure,fundament,,,70,,,/,/,,direct,/,1,,,Ammo_Stash,3,1,1.737,,,,,,/,,/,,/,/,,/,,,,,,,/,/,,,/,,,,,,,,Sparks,,,,,,alwaysVisible; noUnitCard; tileBlocking; noAutoTarget; captureUndeploy; noFireBlocking,facing: tile,,,,,,,,,,,enabled,,preferredTransport: Drop_Pod,,,,,,exit: instant,,,,,,,blockConstruction: true
Capturable_Crate,1204,base,,federation; gaia,ground,structure,fundament,,,70,,,/,/,,direct,/,1,,,Capturable_Crate,3,1,1.737,,,,,,/,,/,,/,/,,/,,,,,,,/,/,,,/,,,,,,,,Sparks,,,,,,alwaysVisible; noUnitCard; tileBlocking; noAutoTarget; captureUndeploy; noFireBlocking,facing: tile,,,,,,,,,,,enabled,,preferredTransport: Drop_Pod,,,,,,exit: instant,,,,,,,blockConstruction: true
Supply_Stash,111,base,,federation; gaia,ground,structure,fundament,,,71,supply,,/,/,,direct,/,1,,,Supply_Stash,3,1,1.737,,,,,,/,,/,,/,/,,/,,,,supply: 2,,,/,/,,,/,,,,,,,,Sparks,,,,,,alwaysVisible; noUnitCard; tileBlocking; noAutoTarget; captureUndeploy; noFireBlocking,facing: tile,,,,,,,,,,,enabled,,preferredTransport: Drop_Pod,,,,,,exit: instant,,,,,,,blockConstruction: true
Supply_Stash_3,164,base,,federation; gaia,ground,structure,fundament,,,71,supply,,/,/,,direct,/,1,,,Supply_Stash_3,3,1,1.737,,,,,,/,,/,,/,/,,/,,,,supply: 3,,,/,/,,,/,,,,,,,,Sparks,,,,,,alwaysVisible; noUnitCard; tileBlocking; noAutoTarget; captureUndeploy; noFireBlocking,facing: tile,,,,,,,,,,,enabled,,preferredTransport: Drop_Pod,,,,,,exit: instant,,,,,,,blockConstruction: true
Fire_Small_Unit,26,base,,gaia,ground,device,static,,,/,none,,,/,type: none,direct,/,1,,,Fire_Small,8,,0.1,1,,,,,Fire_Small_Pool,,/,15 remove,/,/,,,,,,,,,/,/,,,10,,,,,,,,,,,,,,noUnitCard; inaccessible; noEditor; forceRogue; alwaysVisible; noCollider; nightVision,,,,,,,,,,,,,,,,,,,,,,,,,,,
Fire_Medium_Unit,96,base,,gaia,ground,device,static,,,/,none,,,/,type: none,direct,/,1,,,Fire_Medium,12,,0.1,1,,,,,Fire_Medium_Pool,,/,15 remove,/,/,,,,,,,,,/,/,,,15,,,,,,,,,,,,,,noUnitCard; inaccessible; noEditor; forceRogue; alwaysVisible; noCollider; nightVision,,,,,,,,,,,,,,,,,,,,,,,,,,,
Fire_Large_Unit,97,base,,gaia,ground,device,static,,,/,none,,,/,type: none,direct,/,1,,,Fire_Large,16,,0.1,1,,,,,Fire_Large_Pool,,/,15 remove,/,/,,,,,,,,,/,/,,,20,,,,,,,,,,,,,,noUnitCard; inaccessible; noEditor; forceRogue; alwaysVisible; noCollider; nightVision,,,,,,,,,,,,,,,,,,,,,,,,,,,
Tanker_Acid_Pool,55,base,,gaia,ground,device,static,,,/,none,,,/,type: none,direct,/,1,,,Acid_Pool,8,,0.1,1,,,,,/,,Acid_Pool,5 remove,/,/,,,,,,,,,/,/,,,8,,,,,,,/,,,,,,,noCollider; noUnitCard; inaccessible; noEditor; forceRogue; alwaysVisible,,,,,,,,,,,,,,,,,,,,,,,,,,,
Mining_Drill,126,base,,federation; gaia,ground,structure,fundament,,,69,,,,/,type: simple,direct,/,1,,,Mining_Drill,14,4,0.5,0.8,,,,,/,,/,,10000,20,,,,,,,,,/,/,,,14,,,,,,,Mining_Hole,Sparks,,,Tunnel_Collapse,solid,,baseHeight; noUnitCard; noAutoTarget; alwaysVisible; capturable,,,,,,,,,,,,,,,,,,,,,,,,,,,blockConstruction: true
Power_Core,155,base,,federation; gaia,ground,structure,fundament,,,68,,,,/,type: simple,direct,/,1,,,Power_Core,20,5,0.5,,,,,,/,,/,,10000,20,,,,,,,,,/,/,,,14,,,,,,,,Sparks,deathSwitch: Power_Core_Destroyed; deathWeapon: Power_Core_Explosion,,,solid,,baseHeight; noUnitCard; noAutoTarget; alwaysVisible; capturable; tileBlocking,,,,,,,,,,,,,,,,,,,,,,,,,,,blockConstruction: true
Power_Core_Repairable,161,base,,federation; gaia,ground,structure,fundament,,,68,,,,/,type: simple,direct,/,1,,,Power_Core,20,5,0.5,,,,,,/,,/,,10000,20,,,,,,,,60,/,/,,,14,,,,,,,,Sparks,deathSwitch: Power_Core_Destroyed,,,solid; repairable,,baseHeight; noUnitCard; noAutoTarget; alwaysVisible; tileBlocking,,,,,,,,,,,,,,,,,,,,,,,,,,,blockConstruction: true
Power_Core_Destroyed,128,base,,federation; gaia,ground,structure,fundament,,,68,,,,/,type: simple,direct,/,1,,,Power_Core_Destroyed,20,5,0.5,,,,,,/,,/,,/,/,,,,,,,,,/,/,,,/,,,,,,,,Sparks,,,,solid,,baseHeight; noUnitCard; noAutoTarget; alwaysVisible; forceGaia; tileBlocking,,,,,,,,,,,,,,,,,,,,,,,,,,,blockConstruction: true
Power_Turbine,134,base,,federation; gaia,ground,structure,fundament,,,68,none,,,/,type: simple,direct,/,1,,,Power_Turbine,12,3 3,4.6,,5,,,,/,,/,,1500,20,,,,,,,,30,/,/,,,14,,,,,,,,Sparks,deathSwitch: Power_Turbine_Destroyed,,Bunker_Explosion,solid; repairable,,noUnitCard; noCollider; noAutoTarget; tileBlocking; alwaysVisible,facing: tile,,,,,,,,,,,,,,,,,,,,,,,,,,blockConstruction: true
Power_Turbine_Attackable,175,base,,federation; gaia,ground,structure,fundament,,,68,none,,,/,type: simple,direct,/,1,,,Power_Turbine,12,3 3,4.6,,5,,,,/,,/,,2500,25,,,,,,,,30,/,/,,,14,,,,,,,,Sparks,deathSwitch: Power_Turbine_Destroyed,,Bunker_Explosion,gasImmune; repairable,,noUnitCard; noCollider; tileBlocking; alwaysVisible,facing: tile,,,,,,,,,,,,,,,,,,,,,,,,,,blockConstruction: true
Power_Turbine_Damaged,140,base,,federation; gaia,ground,structure,fundament,,,68,none,,,/,type: simple,direct,/,1,,,Power_Turbine_Damaged,12,3 3,4.6,,5,,,,/,,/,,1500,20,,,,,,,,30,/,/,,,14,,,,,,,,Sparks,deathSwitch: Power_Turbine_Destroyed,,,solid; repairable,,noUnitCard; noCollider; noAutoTarget; tileBlocking; alwaysVisible,facing: tile,,,,,,,,,,,,,,,,,,,,,,,,,,blockConstruction: true
Power_Turbine_Destroyed,135,base,,federation; gaia,ground,structure,fundament,,,68,none,,,/,type: simple,direct,/,1,,,Power_Turbine_Destroyed,12,3 3,4.6,,5,,,,/,,/,,/,20,,,,,,,,,/,/,,,/,,,,,,,,Sparks,,,,solid,,noUnitCard; noCollider; noAutoTarget; tileBlocking; alwaysVisible; forceGaia,facing: tile,,,,,,,,,,,,,,,,,,,,,,,,,,blockConstruction: true
Terminal_On,139,base,,federation,ground,device,static,,,73,none,,/,/,type: simple,direct,/,1,,,Terminal_On,3.8,,1.5,,,,,,/,,/,,/,/,,,,,,,,,/,/,,,/,,,,,Terminal_Off,,,Sparks,,,,,,noCollider; alwaysVisible; noUnitCard,,,,,,,,,,,,,,,,,,,,,,,,,,,blockConstruction: true
Terminal_Off,145,base,,federation; gaia,ground,device,static,,,73,none,,,/,type: simple,direct,/,1,,,Terminal_Off,3.8,,1.5,,,,,,/,,Terminal_Turn_On,,/,/,,,,,,,,,/,/,,,/,,,,,Terminal_On,,,Sparks,,,,,,noCollider; capturable; alwaysVisible; noUnitCard; forceGaia,,,,,,,,,,,,,,,,,,,,,,,,,,,blockConstruction: true
Terminal_Disabled,141,base,,federation,ground,device,static,,,73,none,,/,/,type: simple,direct,/,1,,,Terminal_Disabled,3.8,,1.5,,,,,,/,,/,,/,/,,,,,,,,,/,/,,,/,,,,,,,,Sparks,,,,,,noCollider; alwaysVisible; noUnitCard,,,,,,,,,,,,,,,,,,,,,,,,,,,blockConstruction: true
Invisible_Targetable,230,base,,federation; arachnid,ground,device,static,,,40,none,,,/,type: none,direct,/,1,,,Invisible_Repairable,1,,0.1,1,,,,,/,,/,,100000,100000,,/,/,/,,,,,/,/,,,/,,,,,,,,/,,,,,,noUnitCard; noAutoTarget; hiddenInBattle,,,,,,,,,,,,,,,,,,,,,,,,,,,
,,,,,,,,,,,,,,,,,,,,,,,,,,,,,,,,,,/,,,,,,,,,,,,,,,,,,,,,,,,,,,,,,,,,,,,,,,,,,,,,,,,,,,,,,,
Thorn_Bush,146,base,,gaia,ground,structure,static,,,72,none,,/,/,type: simple,direct,/,1,,,Thorn_Bush,4,1,1.5,,,,,,/,,/,,200,/,,/,/,,,,,,/,/,,,/,,,,,,,,Thorn_Bush_Hit,,,,solid; flammable,,noEditor; noHitExperience; cannotCapture; noAutoTarget; forceRogue; alwaysVisible; noUnitCard; tileBlocking,,,,,,,,,,,,,,,,,,,,,,,,,,,blockConstruction: true
Thorn_Hedge,147,base,,gaia,ground,structure,static,,,72,none,,/,/,type: simple,direct,/,1,,,Thorn_Hedge,4,2 1,1.5,,,,,,/,,/,,300,/,,/,/,,,,,,/,/,,,/,,,,,,,,Thorn_Bush_Hit,,,,solid; flammable,,noEditor; noHitExperience; cannotCapture; noAutoTarget; forceRogue; alwaysVisible; noUnitCard; tileBlocking,facing: tile,,,,,,,,,,,,,,,,,,,,,,,,,,blockConstruction: true
,,,,,,,,,,,,,,,,,,,,,,,,,,,,,,,,,,,,,,,,,,,,,,,,,,,,,,,,,,,,,,,,,,,,,,,,,,,,,,,,,,,,,,,,,
,,,,,,,,,,,,,,,,,,,,,,,,,,,,,,,,,,/,,,,,,,,,,,,,,,,,,,,,,,,,,,,,,,,,,,,,,,,,,,,,,,,,,,,,,,
// TEST UNITS,,,,,,,,,,,,,,,,,,,,,,,,,,,,,,,,,,/,,,,,,,,,,,,,,,,,,,,,,,,,,,,,,,,,,,,,,,,,,,,,,,,,,,,,,,
,,,,,,,,,,,,,,,,,,,,,,,,,,,,,,,,,,/,,,,,,,,,,,,,,,,,,,,,,,,,,,,,,,,,,,,,,,,,,,,,,,,,,,,,,,
DPS_Tester,1000,base,,gaia,ground,behemoth,foot,,,51,,,,/,,squad,2,1,,,Tanker_Bug_0,2.5,,3.65,0.5,,,,,/,,/,,10000000,0,,8,,,,,,,3.9,80,,,70,,,,,,,,Orange,,233; 126; 12,standard: Orange_Death,,,suppressionImmune,,aggressive,,,,,,,,,,enabled,,,spawnType: burrow,,,,,,,,,,,,
Air_Tester,1001,base,,gaia,air,swarm,wing,,,60,,,/,/,,squad,2,1,air,,Hopper_Bug_0,3,,1.5,0.8,,,,,/,,,,60,20,,2,,,,,,30,10,1000,,6,50,,,,,,,,Green,ragdoll: (crashEffect: Crash_Impact),23; 139; 43,standard: Green_Death,,,noEditor,,aggressive,,,,,,,,,,enabled,,,,,,,,,,,,,,,
Infantry_Legacy_Tester,1002,base,,gaia,ground,infantry,foot,,,0,,,/,checker; 0.3; 1.4; 1.4; 2,,squad,1,15,,,Basic_Infantry_0; Basic_Infantry_1; Basic_Infantry_2,0.7,,1.76,1; 1.1,,,/,,Morita_MkI 0,,Grenade,,60,20,,3,,,,,,,3.9,360,,,40,,,,,,,,Blood,,156; 10; 10,standard: Blood_Death,,,noEditor; garrison,,,,,,,,,,,,enabled,,preferredTransport: DR-4_Viking,,,,,,,,,,,,,
Carrier_Tester,1003,base,,gaia,ground,vehicle,fundament,,,24,,,/,/,,squad,2,1,,,Carrier_Tester,3.7,,2,1,,,,,/,,/,,200,40,,6,,,,,,,9.1,130,90,,60,,,10,class: infantry,,,,Sparks,,,,,,noEditor; noCollider,,,,,,,,,,,,enabled,,preferredTransport: DR-4_Viking,,,,,,,,,,,,,
Infantry_Individual_Tester,1004,base,,gaia,ground,infantry,foot,,,0,,,/,/,,direct,1,1,,,Basic_Infantry_0; Basic_Infantry_1; Basic_Infantry_2,0.7,,1.76,1; 1.1,,,/,,Test_Morita_MkI 0,,Grenade,,60,20,,3,,,,,,,3.9,360,,,40,,,,,,,,Blood,,156; 10; 10,standard: Blood_Death,,,noEditor; garrison,,,,,,,,,,,,enabled,,preferredTransport: DR-4_Viking,,,,,,,,,,,,,
Test_Direct_Ranged,1005,base,,gaia,ground,infantry,foot,,,0,,,/,/,,direct,1,1,,,Basic_Infantry_0; Basic_Infantry_1; Basic_Infantry_2,0.7,,1.76,1; 1.1,,,/,,Test_Morita_MkI 0,,Grenade,,60,20,,3,,,,,,,3.9,360,,,40,,,,,,,,Blood,,156; 10; 10,standard: Blood_Death,,,noEditor; garrison,,,,,,,,,,,,enabled,,preferredTransport: DR-4_Viking,,,,,,,,,,,,,
Test_Direct_Shortrange,1006,base,,gaia,ground,infantry,foot,,,4,,,/,/,,direct,1,1,,,Basic_Engineer,0.7,,1.76,1; 1.1,,,/,,Morita_Flamer,,Fire_Grenade; Demolition_Charge; Blazing_Spear,,80,30,,2,,,,,,,3.9,360,,,50,,,,,,,,Blood,,156; 10; 10,standard: Blood_Death,,,noEditor; garrison,,,,,,,,,,,,enabled,,preferredTransport: DR-8_Skyhook,,,,,,,,,,,,,
Test_Direct_Melee,1007,base,,gaia,ground,horde,claw,,,48,,,,/,,direct,1,1,,,Warrior_Bug_0; Warrior_Bug_1; Warrior_Bug_2,3.7,,2.46,0.8; 0.85,,,Warrior,,Warrior_Claws,,/,,120,30,,5,,,,,,2,6,360,,,50,,,,,,,,Green,,118; 165; 61,standard: Green_Death,,,noEditor,,,,,,,,,,,,enabled,,,spawnType: burrow,,,,,,,,,,,,
Test_Supply_Stash,1009,base,,federation; gaia,ground,structure,fundament,,,71,supply,,/,/,,direct,/,1,,,Supply_Stash,3,1,1.737,,,,,,/,,/,,/,/,,/,,,,supply: 2,,,/,/,,,/,,,,,,,,Sparks,,,,mindcontrollable,,noEditor; alwaysVisible; noUnitCard; tileBlocking; noAutoTarget; captureUndeploy; noFireBlocking,facing: tile,,,,,,,,,,,enabled,,preferredTransport: Drop_Pod,,,,,,exit: instant,,,,,,,
Test_Direct_Unit,1013,base,,federation,ground,infantry,foot,Test_Direct_Unit,trooper,0,,,/,checker; 0.3; 1.4; 1.4; 3,offset: 5,direct,1,1,,,Basic_Infantry_0; Basic_Infantry_1; Basic_Infantry_2,0.7,,1.76,1; 1.1,,,rifle_squad,,Morita_MkI 0,Stungun,Grenade; Shotgun; Bundled_Grenades,,60,0,,3,,,,,,,3.9,360,,,50,,,,,,,,Blood,,156; 10; 10,standard: Blood_Death,human; canCaptureHive; mindcontrollable,,garrison,,,,,,,3,,,,1,enabled,,preferredTransport: DR-4_Viking,,,,,,,,,,,,,
Test_Material_Cache,1010,base,,federation; gaia,ground,structure,fundament,,,141,materiel,,/,/,,direct,/,1,,,Ammo_Stash,3,1,1.737,,,,,,/,,/,,/,/,,/,,,,materiel: 15,,,/,/,,,/,,,,,,,,Sparks,,,,,,noEditor; alwaysVisible; noUnitCard; tileBlocking; noAutoTarget; captureUndeploy; noFireBlocking,facing: tile,,,,,,,,,,,enabled,,preferredTransport: Drop_Pod,,,,,,exit: instant,,,,,,,
Test_Material_User,1011,base,,federation,ground,infantry,foot,,vet,7,,,Command_Center,line; 0.3; 2.0; 2.0; 2,offset: 5,direct,2,1,,,Tactical_Officer_0,0.7,,1.76,1.05; 1.1,,,tactical_officer,male,Officer_Morita_MkIII,Officer_Morita_MkIII_Grenade,Designate_Target; Tactical_Command; Inspiring_Command,,80,0,,/,,,5,,0.7,,3.9,360,,,50,,,,,,,,Blood,,156; 10; 10,standard: Blood_Death,human,,garrison; shootThroughSoldiers; noFireBlocking; singleton,,,,,,,,,,,1,enabled,,preferredTransport: DR-8_Skyhook,,,,,,,,,,,,,
Test_Overheat_MG,1012,base,,federation; gaia,ground,construction,fundament,Test_Overheat_MG,HMGTurret,57,,,/,/,offset: 5.5,direct,/,1,,,MG_Turret_Manned,0.8,1,1.8,1.2,,,,,Test_Overheat_MG 0,,/,,120,10,,/,,,,,,10,/,/,120; pitch: 120 -35 80,,60,,,,,#REF!,,,Sparks,ragdoll: (),,Turret_Explosion,repairable,,ragdollDeath; noUnitCard; overwatch; suppressionResistant; noCollider; canSelfDestruct,,,,,,,,,,,,enabled,,,,,,,,,,,,,,,flatGroundOnly: true; requirePavement: true; requiresTileSpacing: 1
Test_Unit_NoReload,1014,base,,federation,ground,vehicle,mech,Mech_AT,,86,,,Power_Plant,/,offset: 5.5,direct,2,1,BigUnit 150,,Mech_AT,3,,1.8,0.9,1,,rifle_squad,male,Test_Weapon_NoReload,,,,250,30,,2,,,20,,,20,6,200,120; pitch: 120 -20 90,,30,,,,,Nuke_Device_Ghost,,,Sparks,ragdoll: (),,E_Turret_Death,human,,suppressionImmune; cannotCapture; bigCollisionLayer; canSelfDestruct; canPurchase; overwatch,,,,,,,,,,,,enabled,,preferredTransport: DR-4_Viking; noPlayerInput: (),,,,,,,,,,,,,
Test_Squad_IndividualHitPoints,1017,base,,federation,ground,infantry,foot,Test_Squad_IndividualHitPoints,trooper,0,,,/,checker; 0.3; 1.4; 1.4; 3,offset: 5,squad,1,12,,,Basic_Infantry_0; Basic_Infantry_1; Basic_Infantry_2,0.7,,1.76,1; 1.1,,,rifle_squad,,Morita_MkI 0,Stungun,Grenade; Shotgun; Bundled_Grenades,,60; type: Individual,0,,3,,,,,,,3.9,360,,,50,,,,,,,,Blood,,156; 10; 10,standard: Blood_Death,human; canCaptureHive,,garrison; canPurchase,,,,,,,3,,,,1,enabled,,preferredTransport: DR-4_Viking,,,,,,,,,,,,,
Test_SquadDefender_Unit_Switch,1015,base,,federation,ground,infantry,foot,,,0,,,/,/,offset: 5,squad,1,8,,,Basic_Infantry_0,0.7,,1.76,1; 1.1,,,rifle_squad,,,,,,60,0,,,,,,,,,3.5,360,,,50,,,,,,,,Blood,,156; 10; 10,standard: Blood_Death,human; canCaptureHive,,garrison; canPurchase,,,,,,,3,,,,1,enabled,,preferredTransport: DR-4_Viking,,,,spawn: (type: spitter_bugs; interval: 5; amount: 3); followRange: 10; returner: (maxRange: 30; minRange: 10); onSwitch: warrior_bugs,,,,,,,,,
Test_SquadDefender_Unit_Kill,1016,base,,federation,ground,infantry,foot,,,0,,,/,/,offset: 5,squad,1,8,,,Basic_Infantry_0,0.7,,1.76,1; 1.1,,,rifle_squad,,,,,,60,0,,,,,,,,,3.5,360,,,50,,,,,,,,Blood,,156; 10; 10,standard: Blood_Death,human; canCaptureHive,,garrison; canPurchase,,,,,,,3,,,,1,enabled,,preferredTransport: DR-4_Viking,,,,spawn: (type: warrior_bugs; interval: 5; amount: 3); followRange: 10; returner: (maxRange: 30; minRange: 10); onSwitch: kill,,,,,,,,,
Note,1018,base,,gaia,ground,marker,static,,,67,none,,,/,type: none,direct,/,1,,,Marker,2,,0.1,,,,,,/,,/,,/,/,,,,,,,,,/,/,,,/,,,,,,,,,,,,,,inaccessible; noCollider; usePlayerColor; alwaysVisible; hiddenInBattle; note,,,,,,,,,,,,,,,,,,,,,,,,,,,
Test_Spitter_Bugs_Constant,1019,base,,arachnid,ground,horde,claw,Test_Spitter_Bugs_Constant,spitter,123,,,,mob; 0.3; 3.8,type: none; offset: 4,individual,2,5,individual,0.25,Spitter_Bug_0,2,,1.1,1; 1.1,,,Spitter,,Test_Spitter_Spit_Constant,,/,,100,10,,3,,,,,,2,7,360,,,50,,,,,,,,Green,perType:(radiation:(ragdoll:())),161; 231; 81,standard: Green_Death;  radiation: Radiation_Death,druggedSpitterPrio; mindControllable,,canAttackAllClearableBuildings,,aggressive,attribute: eradicators,climbing,,,2,,,,,enabled,,,spawnType: burrow,,,,,,,,,,,,
Test_Unit_FiringArc,1020,base,,federation,ground,vehicle,mech,Test_Unit_FiringArc,Marauder_How,26,,,Machine_Bay,/,offset: 7.5,direct,1,1,BigUnit 90,,M11_Marauder_HM,2.5,,3.63,1.5,1,,marauder,,Test_Weapon_FiringArc_Turret,,Test_FiringArc_Deploy,,1000,80,,4,,,30,,0.5,40,4.4,100,110; fliprotation: true; cone: 45,,60,,,,,Test_Unit_FiringArc_Deployed,Test_Unit_FiringArc_Deployed,,Sparks,bloodTexture: 3 always,,Marauder_Death,armored; gasImmune; fireproof; smogImmune,,performanceDamage; suppressionImmune; noFireBlocking; cannotCapture; bigCollisionLayer; canSelfDestruct; canPurchase,,,,,,,2,,,,,enabled,,preferredTransport: Drop_Pod; noPlayerInput: (),,,,,,exit: anim,,,,,,,
Test_Unit_FiringArc_Deployed,1021,base,,federation,ground,vehicle,mech,Test_Unit_FiringArc_Deployed,Marauder_How,26,,,Machine_Bay,/,offset: 7.5,direct,1,1,BigUnit 90,,M11_Marauder_HM,2.5,,3.63,1.5,1,,marauder,,Test_Weapon_FiringArc_Turret,,Test_FiringArc_Redeploy; Test_FiringArc_Undeploy,,1000,80,,4,,,30,,0.5,40,0,0,110; fliprotation: true; cone: 45,,60,,,,,Test_Unit_FiringArc,Test_Unit_FiringArc,,Sparks,bloodTexture: 3 always,,Marauder_Death,armored; gasImmune; fireproof; smogImmune,,performanceDamage; suppressionImmune; noFireBlocking; cannotCapture; bigCollisionLayer; canSelfDestruct; canPurchase,,,,,,,2,,,,,enabled,,preferredTransport: Drop_Pod; noPlayerInput: (),,,,,,exit: anim,,,,,,,
Test_NoFireblocking,1022,base,,federation,ground,vehicle,mech,M11_Marauder_GM,Marauder_Chain,25,,,Machine_Bay,/,offset: 7.5,direct,1,1,BigUnit 90,,M11_Marauder_GM,2.5,,3.63,1.5,1,,marauder,,M11_Gatling; M11_MG,,M11_Jet_Blast; M11_AA_Barrage,,1000,80,,4,,,30,,0.5,40,4.4,100,110; fliprotation: true; feetalignangle: 70,,60,,,,,,,,Sparks,bloodTexture: 3 always,,Marauder_Death,armored; gasImmune; fireproof; smogImmune,,performanceDamage; suppressionImmune; noFireBlocking; cannotCapture; bigCollisionLayer; canSelfDestruct; canPurchase,,,,,,,2,,,,,enabled,,preferredTransport: Drop_Pod; noPlayerInput: (),,,,,,exit: anim,,,,,effect: Bullet_Impact_Dust_Heavy,,
,,,,,,,,,,,,,,,,,,,,,,,,,,,,,,,,,,,,,,,,,,,,,,,,,,,,,,,,,,,,,,,,,,,,,,,,,,,,,,,,,,,,,,,,,
// OBSOLETE,,,,,,,,,,,,,,,,,,,,,,,,,,,,,,,,,,/,,,,,,,,,,,,,,,,,,,,,,,,,,,,,,,,,,,,,,,,,,,,,,,,,,,,,,,
Intel_Bugs,7,base,,federation,ground,horde,claw,,,0,,,/,checker; 1; 5; 7; 4,,squad,1,8,,,Warrior_Bug_0,3.7,,2.46,0.85; 0.9,,,Warrior,,Warrior_Claws,,/,,120,30,,4,,,,,,,6.5,195,,,50,,,,,,,,Green,,118; 165; 61,standard: Green_Death ; radiation: Radiation_Death; explosive: Green_Death_Large,,,noEditor,,,,,,,,,,,,enabled,,preferredTransport: DR-4_Viking,,,,,,,,,,,,,
Gun_Platform,103,base,,federation; gaia,ground,platform,fundament,,,101,,4,/,/,,direct,/,1,,,Gun_Platform,8,2,1.737,,,,,,Wavebreaker_Volley,,/,,1000,80,,/,/,,,,,3,/,/,20; pitch: 10 -13 30,,50,,,,,Delivery_Platform,,,Sparks,deathSwitch: Delivery_Platform,,,armored,,noEditor,,,,,,,,,,,,enabled,,preferredTransport: DR-4_Viking,,,,,,exit: instant,,,,,,,
TAC_Bombers,70,base,,federation,air,aircraft,jet,,,60,,,/,triangle; 1.0; 15; 10,,,,3,,,Basic_Infantry_0,5,,,0.5,,,,,/,,/,,350,20,,/,,,,,,,45.5,104,,12,30,,,,,,,,Sparks,,,,,,noEditor,,,,,,,,,,,,enabled,,,,,,,,,,,,,,,
Elite_Guard,48,base,,federation,ground,infantry,foot,,,0,,,/,arrow; 0.3; 1.5; 0.8,,,2,5,,,Basic_Infantry_0,0.7,,1.76,1.12; 1.15,,,,,/,,/,,120,20,,7,,,,,,,6.5,360,,,50,,,,,,,,Blood,,156; 10; 10,standard: Blood_Death,,,noEditor,,,,,,,,,,,,enabled,,preferredTransport: DR-4_Viking,,,,,,,,,,,,,
Psi_Ops,47,base,,federation,ground,infantry,foot,,,58,,,/,line; 0.3; 2.0; 2.0; 1,,direct,2,1,,,Psi_Ops_0,0.7,,1.76,1; 1.1,5,,,,Morita_Pistol,,/,,80,0,,3,,,,,,,3.9,360,,,60,,,,,,,,Blood,,156; 10; 10,standard: Blood_Death,,,garrison; nightVision; singleton; noFireBlocking; noEditor,,,,,,,,,,,,enabled,,preferredTransport: DR-8_Skyhook,,,,,,,,,,,,,
Steering_Air_Tester,1008,lava,,arachnid,air,swarm,wing,Firefly_Bugs,,100,,,,mob; 3; 8,type: none,individual,1,12,individual avoidance=false force=20 separationradiusfactor=1.5,0.25,Firefly_Bug_0,3,,2,1.5; 1.6,,,Hopper,,Firefly_Shot,,/,,100,60,,3,,,,,,3,10,360,,4,50,,,,,,,,Orange,ragdoll: (crashEffect: Crash_Impact),195; 196; 69,standard: Orange_Death,,,ragdollDeath; suppressionImmune; noEditor,,aggressive,,,,,,,,,,enabled,,,spawnType: burrow,,,,,,,,,,,,
,,,,,,,,,,,,,,,,,,,,,,,,,,,,,,,,,,/,,,,,,,,,,,,,,,,,,,,,,,,,,,,,,,,,,,,,,,,,,,,,,,,,,,,,,,
,,,,,,,,,,,,,,,,,,,,,,,,,,,,,,,,,,,,,,,,,,,,,,,,,,,,,,,,,,,,,,,,,,,,,,,,,,,,,,,,,,,,,,,,,
,,,,,,,,,,,,,,,,,,,,,,,,,,,,,,,,,,,,,,,,,,,,,,,,,,,,,,,,,,,,,,,,,,,,,,,,,,,,,,,,,,,,,,,,,
// MODDER TOYS,,,,,,,,,,,,,,,,,,,,,,,,,,,,,,,,,,/,,,,,,,,,,,,,,,,,,,,,,,,,,,,,,,,,,,,,,,,,,,,,,,,,,,,,,,
,,,,,,,,,,,,,,,,,,,,,,,,,,,,,,,,,,/,,,,,,,,,,,,,,,,,,,,,,,,,,,,,,,,,,,,,,,,,,,,,,,,,,,,,,,
Mod_Barricades,10000,base,,gaia,ground,infantry,foot,,fleet,6,,,/,mob; 0.3; 2.8,,direct,1,1,,,Barricade_0,0.7,,1.76,1; 1.1,,,,,/,,/,,80,0,,1,,,,,,,3.9,360,,,50,,,,,,,,Blood,,,/,,,noEditor; obsolete,,,,,,,,,,,,,,,,,,,,,,,,,,,
Mod_Gecko_Flame,10001,base,,gaia,ground,infantry,foot,,fleet,6,,,/,mob; 0.3; 2.8,,direct,1,1,,,Gecko_Flame,0.7,,1.76,1; 1.1,,,,,/,,/,,80,0,,1,,,,,,,3.9,360,,,50,,,,,,,,Blood,,,/,,,noEditor; obsolete,,,,,,,,,,,,,,,,,,,,,,,,,,,
Mod_Gecko_Heavy,10002,base,,gaia,ground,infantry,foot,,fleet,6,,,/,mob; 0.3; 2.8,,direct,1,1,,,Gecko_Heavy,0.7,,1.76,1; 1.1,,,,,/,,/,,80,0,,1,,,,,,,3.9,360,,,50,,,,,,,,Blood,,,/,,,noEditor; obsolete,,,,,,,,,,,,,,,,,,,,,,,,,,,
Mod_Gecko_MG,10003,base,,gaia,ground,infantry,foot,,fleet,6,,,/,mob; 0.3; 2.8,,direct,1,1,,,Gecko_MG,0.7,,1.76,1; 1.1,,,,,/,,/,,80,0,,1,,,,,,,3.9,360,,,50,,,,,,,,Blood,,,/,,,noEditor; obsolete,,,,,,,,,,,,,,,,,,,,,,,,,,,
Mod_Gecko_MLS,10004,base,,gaia,ground,infantry,foot,,fleet,6,,,/,mob; 0.3; 2.8,,direct,1,1,,,Gecko_MLS,0.7,,1.76,1; 1.1,,,,,/,,/,,80,0,,1,,,,,,,3.9,360,,,50,,,,,,,,Blood,,,/,,,noEditor; obsolete,,,,,,,,,,,,,,,,,,,,,,,,,,,
Mod_Gecko_Rocket,10005,base,,gaia,ground,infantry,foot,,fleet,6,,,/,mob; 0.3; 2.8,,direct,1,1,,,Gecko_Rocket,0.7,,1.76,1; 1.1,,,,,/,,/,,80,0,,1,,,,,,,3.9,360,,,50,,,,,,,,Blood,,,/,,,noEditor; obsolete,,,,,,,,,,,,,,,,,,,,,,,,,,,
Mod_Ripplers,10006,base,,gaia,ground,infantry,foot,,fleet,6,,,/,mob; 0.3; 2.8,,direct,1,1,,,Rippler_Bug_0,0.7,,1.76,1; 1.1,,,,,/,,/,,80,0,,1,,,,,,,3.9,360,,,50,,,,,,,,Blood,,,/,,,noEditor; obsolete,,,,,,,,,,,,,,,,,,,,,,,,,,,
Mod_Elite_Guard,10007,base,,gaia,ground,infantry,foot,,fleet,6,,,/,mob; 0.3; 2.8,,direct,1,1,,,Elite_Guard_0,0.7,,1.76,1; 1.1,,,,,/,,/,,80,0,,1,,,,,,,3.9,360,,,50,,,,,,,,Blood,,,/,,,noEditor; obsolete,,,,,,,,,,,,,,,,,,,,,,,,,,,
Bombardier_Tunnel,152,base,,arachnid; gaia,ground,cavern,fundament,,,125,none,,,/,type: hatchery,direct,/,1,,,Bug_Tunnel,8,2,3,,,,,,/,,/,,/,/,,,,,,,,,/,/,90,,30,,/,10,,,,Bug_Tunnel,Dust,deathSwitch: Bug_Tunnel_Collapsed,,Tunnel_Collapse,,,baseHeight; noUnitCard; tileBlocking; noAutoTarget; alwaysVisible; bugTunnel; noEditor,,,,,,,,,,,,,,,,,,,,,,,,,,,
,,,,,,,,,,,,,,,,,,,,,,,,,,,,,,,,,,/,,,,,,,,,,,,,,,,,,,,,,,,,,,,,,,,,,,,,,,,,,,,,,,,,,,,,,,
,,,,,,,,,,,,,,,,,,,,,,,,,,,,,,,,,,,,,,,,,,,,,,,,,,,,,,,,,,,,,,,,,,,,,,,,,,,,,,,,,,,,,,,,,
// LAVA DLC,,,,,,,,,,,,,,,,,,,,,,,,,,,,,,,,,,/,,,,,,,,,,,,,,,,,,,,,,,,,,,,,,,,,,,,,,,,,,,,,,,,,,,,,,,
,,,,,,,,,,,,,,,,,,,,,,,,,,,,,,,,,,/,,,,,,,,,,,,,,,,,,,,,,,,,,,,,,,,,,,,,,,,,,,,,,,,,,,,,,,
Volcano_Small,2101,lava,,gaia,ground,cavern,fundament,,,46,none,,,/,type: none; offset: 6,direct,/,1,,,Volcano_Small,7.5,2,0.5,,,,,,/,,Volcano_Erupt; Volcano_Erupt_Medium,,/,/,,,,,,,,,/,/,,,/,,,,,,,,Dust,,,,,,baseHeight; noUnitCard; noCollider; alwaysVisible; tileBlocking,,,,,,,,,,,,,,,,,,,,,,,,,,,blockConstruction: true
Volcano_Medium,2107,lava,,gaia,ground,cavern,fundament,,,46,none,,,/,type: none; offset: 8,direct,/,1,,,Volcano_Medium,11.5,3,0.5,,,,,,/,,Volcano_Erupt; Volcano_Erupt_Medium,,/,/,,,,,,,,,/,/,,,/,,,,,,,,Dust,,,,,,baseHeight; noUnitCard; noCollider; alwaysVisible; tileBlocking,,,,,,,,,,,,,,,,,,,,,,,,,,,blockConstruction: true
Volcano_Large,2108,lava,,gaia,ground,cavern,fundament,,,46,none,,,/,type: none; offset: 10,direct,/,1,,,Volcano_Large,15.5,4,0.5,,,,,,/,,Volcano_Erupt; Volcano_Erupt_Medium,,/,/,,,,,,,,,/,/,,,/,,,,,,,,Dust,,,,,,baseHeight; noUnitCard; noCollider; alwaysVisible; tileBlocking,,,,,,,,,,,,,,,,,,,,,,,,,,,blockConstruction: true
Lava_Geyser,2102,lava,,gaia,ground,structure,fundament,,,46,none,,/,/,type: none,direct,/,1,,,Lava_Geyser,1.8,1,0.1,,,,,,Lava_Geyser_Eruption,,/,,/,/,,/,/,/,,,,/,/,/,/,,10,,,,,,,Lava_Geyser_Hole,Sparks,,,,,,noUnitCard; suppressionImmune; alwaysVisible; noCollider; noAutoTarget; forceRogue,,,,,,,,,,,,,,,,,,,,,,,,,,,blockConstruction: true
Lava_Pump,2125,lava,,federation; gaia,ground,structure,fundament,,,41,none,,,/,type: simple; offset: 8,direct,/,1,,,Pumping_Station,14,4,8,1,,,,,/,,/,,2000,20,,,,,,,,,/,/,,,30,,,,,,,,Sparks,deathSwitch: Lava_Pump_Destroyed,,Bunker_Explosion,solid,,baseHeight; noUnitCard; alwaysVisible; tileBlocking,facing: tile,,,,,,,,,,,,,,,,,,,,,,,,,,blockConstruction: true
Lava_Pump_Active,2046,lava,,federation; gaia,ground,structure,fundament,,,41,none,,,/,type: simple; offset: 8,direct,/,1,,,Pumping_Station_Active,14,4,8,1,,,,,/,,/,,2000,20,,,,,,,,,/,/,,,30,,,,,,,,Sparks,deathSwitch: Lava_Pump_Destroyed,,Bunker_Explosion,solid,,baseHeight; noUnitCard; alwaysVisible; tileBlocking,facing: tile,,,,,,,,,,,,,,,,,,,,,,,,,,blockConstruction: true
Lava_Pump_Destroyed,2088,lava,,federation; gaia,ground,structure,fundament,,,41,none,,,/,type: none; offset: 8,direct,/,1,,,Pumping_Station_Destroyed,14,4,8,1,,,,,/,,/,,/,/,,,,,,,,,/,/,,,/,,,,,,,,Sparks,,,,solid,,baseHeight; noUnitCard; alwaysVisible; tileBlocking; forceGaia,facing: tile,,,,,,,,,,,,,,,,,,,,,,,,,,blockConstruction: true
Lava_Prospector_On,2122,lava,,federation; gaia,ground,structure,fundament,,,41,none,,,/,type: simple; offset: 5,direct,/,1,,,Prospector_On,3,1,6,1,,,,,/,,/,,400,0,,,,,,,,,/,/,,,14,,,,,Lava_Prospector_Off,,,Sparks,deathSwitch: Lava_Prospector_Destroyed,,Bunker_Explosion,solid,,noUnitCard,,,,,,,,,,,,enabled,,preferredTransport: DR-8_Skyhook_Building; noPlayerInput: (),,,,,,exit: instant,,,,,,,blockConstruction: true
Lava_Prospector_Off,2045,lava,,federation; gaia,ground,structure,fundament,,,41,none,,,/,type: simple; offset: 5,direct,/,1,,,Prospector_Off,3,1,6,1,,,,,/,,/,,400,0,,,,,,,,,/,/,,,14,,,,,Lava_Prospector_On,,,Sparks,deathSwitch: Lava_Prospector_Destroyed,,Bunker_Explosion,solid,,noUnitCard,,,,,,,,,,,,enabled,,preferredTransport: DR-8_Skyhook_Building; noPlayerInput: (),,,,,,exit: instant,,,,,,,blockConstruction: true
Lava_Prospector_Ghost,2142,lava,,federation; gaia,ground,structure,fundament,,,41,none,,,/,type: simple; offset: 5,direct,/,1,,,Prospector_Ghost,3,1,6,1,,,,,/,,/,,400,0,,,,,,,,4,/,/,,,14,,,,,Lava_Prospector_Off,,,/,,,,repairable,,noUnitCard; remainVisible; invulnerable,,,,,,,,,,,,,,,,,,,,,,,,,,,blockConstruction: true
Lava_Prospector_Destroyed,2103,lava,,federation; gaia,ground,structure,fundament,,,41,none,,,/,type: simple; offset: 5,direct,/,1,,,Prospector_Destroyed,3,1,6,1,,,,,/,,/,,/,/,,,,,,,,,/,/,,,14,,,,,,,,Sparks,,,,solid,,noUnitCard; inaccessible; forceGaia,,,,,,,,,,,,,,,,,,,,,,,,,,,blockConstruction: true
Station_Crew,2079,lava,,federation; gaia,ground,infantry,foot,,,55,,,,mob; 0.3; 1.6,offset: 5,squad,2,3,,,Station_Crew_0,0.7,,1.76,1; 1.1,,,Generic_Humans,,/,,/,,80,0,,/,,,,,,,3.9,360,,,70,,,,,,,,Blood,,156; 10; 10,standard: Blood_Death,human,,garrison; noFireBlocking,,,,,,,,,,,1,enabled,,preferredTransport: DR-4_Viking; noPlayerInput: (),,,,,,,,,,,,,
Station_Engineers,2089,lava,,federation,ground,infantry,foot,,,4,,,,checker; 0.3; 3.0; 1.8; 2,offset: 5,squad,1,3,,,Crew_Engineer,0.7,,1.76,1; 1.1,,,engineers,female,/,,/,,80,10,,/,,,,,,,3.9,360,,,50,,,,,,,,Blood,,156; 10; 10,standard: Blood_Death,human,,garrison,,,,,,,3,,,,1,enabled,,preferredTransport: DR-8_Skyhook,,,,,,,,,,welding,,construct: (attribute: repairable),
Firefighter,2077,lava,,federation,ground,infantry,foot,,,21,,,/,mob; 0.2; 1.1,offset: 5,squad,2,3,,,Firefighter_0,0.7,,1.76,1; 1.1,,,Firefighter,,Fire_Extinguisher,,/,,50,0,,/,,,,,,,3.9,360,,,50,,,,,,,,Blood,,156; 10; 10,standard: Blood_Death,human,,noExperience,,,,,,,3,,,,1,enabled,,preferredTransport: DR-4_Viking,,,,,,,,,,,,,
Rifle_Mercs,2099,lava,,federation,ground,infantry,foot,Rifle_Mercs,,34,,,/,checker; 0.5; 1.7; 1.5; 3,offset: 5,squad,1,8,,,Mercenary_0; Mercenary_1,0.7,,1.76,1.05; 1.15,,,Mercenaries,,Merc_Rifle,Merc_Tracer_Shot,Merc_Grenade; Shotgun; Merc_Grenade_Barrage,,60,0,,/,/,3,,,,,3.9,360,,,50,,,,,,,,Blood,,156; 10; 10,standard: Blood_Death,human; canCaptureHive,,garrison; canPurchase,,,,,,,3,,,,1,enabled,,preferredTransport: DR-4_Viking,,,,,,,,,,,,,
Sniper_Merc,1100,lava,,federation,ground,infantry,foot,Sniper_Merc,,129,,,Command_Center,/,offset: 4,direct,2,1,,,Sniper_Merc_0,0.7,,1.76,1.1,,,Sniper_Merc,,Sniper_Merc_Shot 0,,Merc_Decoy_Flares; Sniper_Merc_Elite_A; Sniper_Merc_Elite_B,,80,10,,/,,1,,,0.5,,3.9,360,,,65,,,,,,Sniper_Merc_Wolf; Sniper_Merc_Leader,,Blood,,156; 10; 10,standard: Blood_Death,human,,garrison; shootThroughSoldiers; noFireBlocking; canPurchase,,,,,,,3,,,,1,enabled,,preferredTransport: DR-8_Skyhook,,,,spawn: (type: sniper_merc_drone; interval: 10; amount: 1); followRange: 4; returner: (maxRange: 12; minRange: 6); dieWithLeader: (),,,,,,,,,
Sniper_Merc_Wolf,1156,lava,,federation,ground,infantry,foot,Sniper_Merc_Wolf,,129,,,Command_Center,/,offset: 4,direct,2,1,,,Sniper_Merc_0,0.7,,1.76,1.1,,,Sniper_Merc,,Sniper_Merc_Shot 0,,Merc_Decoy_Flares; Sniper_Merc_Elite_A; Sniper_Merc_Elite_B,,80,10,,/,,1,,,0.5,,3.9,360,,,65,,,,,,,,Blood,,156; 10; 10,standard: Blood_Death,human,,garrison; shootThroughSoldiers; noFireBlocking; canPurchase,,,,,,,3,,,,1,enabled,,preferredTransport: DR-8_Skyhook,,,,spawn: (type: sniper_merc_drone; interval: 10; amount: 3); followRange: 4; returner: (maxRange: 12; minRange: 6); dieWithLeader: (),,,,,,,,,
Sniper_Merc_Drone,1150,lava,,federation,ground,generic,foot,,,/,none,,/,/,type: none,direct,1,3,,,Repair_Drone_Industry,1.5,,1,0.8,,,,male,Sniper_Merc_Drone_Shot,,/,,50,40,,/,/,,,,,12,7,360,,,40,,,,,,,,Sparks,ragdoll: (),,Flak_Explosion,inanimate; minion,,noEditor; suppressionResistant; noFireBlocking; inaccessible; noExperience; cannotCapture,,aggressive,,,,,4,4,,,1,enabled,,preferredTransport: DR-8_Skyhook,,,,,,,,,,,,,
Sniper_Merc_Leader,2011,lava,,federation,ground,infantry,foot,Sniper_Merc,,129,,,Command_Center,/,offset: 4,direct,2,1,,,Sniper_Merc_0,0.7,,1.76,1.1,,,Mercenary_Captain,male,Sniper_Merc_Shot 0,,Merc_Decoy_Flares; Reinforce,,80,10,,/,,1,,,0.5,,3.9,360,,,65,,,,,,,,Blood,,156; 10; 10,standard: Blood_Death,human,,garrison; shootThroughSoldiers; noFireBlocking,,,,,,,3,,,,1,enabled,,preferredTransport: DR-8_Skyhook,,,,spawn: (type: sniper_merc_drone; interval: 10; amount: 1); followRange: 4; returner: (maxRange: 12; minRange: 6); dieWithLeader: (),,,,,,,,,
Nuke_Squad,2072,base,,federation,ground,infantry,foot,,,40,,,/,checker; 0.3; 3.0; 1.8; 2,offset: 5,squad,2,3,,,Nuclear_Trooper_0,0.7,,1.76,1; 1.1,,,Mercenaries,female,Morita_MkI_Secondary,,/,,80,10,,/,/,,,,,,3.9,360,,,50,,,,,,,,Blood,,156; 10; 10,standard: Blood_Death,human; gasImmune,,garrison; noExperience,,,,,,,3,,,,1,enabled,,preferredTransport: DR-8_Skyhook,,,,,,,,,,,,construct: (nuke_device; nuke_device_ghost),
Mech_Engineer_Light,2149,lava,,federation,ground,vehicle,mech,Mech_Engineer_Light,,11,,,Command_Center,/,offset: 4.5,direct,1,1,BigUnit 120,,Mech_Engineer_Light,3,,3.63,0.9,,,Mech_Engineer_Light,,Mech_Engineer_Light_Attack,,Mech_Engineer_Default; Mech_Engineer_Grenade; Mech_Engineer_Drone,,300,40,,/,/,2,10,,,30,5,400,,,40,,,,,,Mech_Engineer_Light_Host,,Sparks,bloodTexture: 3 always,,Mech_Death,human; fireproof,,suppressionImmune; bigCollisionLayer; canSelfDestruct; canPurchase,,defendarea 10,,,,,2,,,,2,enabled,,preferredTransport: Drop_Pod; noPlayerInput: (),,,,,,,canCapture: true; canNeutralize: true; canDefend: true,,,Mech_Construction,,purchase: mg_turret rocket_turret grenade_turret; construct: (attribute: repairable),
Mech_Engineer_Light_Host,2151,lava,,federation,ground,vehicle,mech,Mech_Engineer_Light,,11,,,Command_Center,/,offset: 4.5,direct,1,1,BigUnit 120,,Mech_Engineer_Light,3,,3.63,0.9,,,Mech_Engineer_Light,,Mech_Engineer_Light_Attack,,Mech_Engineer_Default; Mech_Engineer_Grenade; Mech_Engineer_Drone_Active,,300,40,,/,/,2,10,,,30,5,400,,,40,,,,,,,,Sparks,bloodTexture: 3 always,,Mech_Death,human; fireproof,,suppressionImmune; bigCollisionLayer; canSelfDestruct; canPurchase,,defendarea 10,,,,,2,,,,2,enabled,,preferredTransport: Drop_Pod; noPlayerInput: (),,,,spawn: (type: mech_engineer_drone; interval: 15; amount: 1); followRange: 4; autoRepair: (distanceFromLeader: 15); returner: (maxRange: 15; minRange: 4); dieWithLeader: (),,,canCapture: true; canNeutralize: true; canDefend: true,,,Mech_Construction,,purchase: mg_turret rocket_turret grenade_turret; construct: (attribute: repairable),
Mech_Engineer_Drone,2150,lava,,federation,ground,generic,foot,,,/,none,,/,/,type: simple; offset: 3,direct,1,1,,,Repair_Drone_Industry,1.5,,1,1.2,,,,,/,,,,50,40,,/,/,,,,,12,7,360,,,20,,,,,,,,Sparks,ragdoll: (),,Flak_Explosion,inanimate; minion,,noEditor; suppressionResistant; noFireBlocking; inaccessible; noExperience; cannotCapture,,aggressive,,,,,4,4,,,,,,,,,,,,,,,,welding,,construct: (attribute: repairable),
Frag_Troopers_Direct,2050,lava,,federation,ground,infantry,foot,Frag_Troopers,,31,,,Grenade_Depot,checker; 0.3; 2.8; 1.8; 2,offset: 5,squad,1,5,,,Frag_Trooper_Kneeled_0,0.7,,1.76,1.05; 1.15,,,Frag_Troopers,,Frag_Shotgun,,Switch_Frag_Indirect; Frag_Mine_Deploy; Fire_Mine_Deploy,,90,25,,/,/,2,,,,,3.9,500,,,50,,,,,Frag_Troopers_Indirect,Frag_Troopers_Indirect,,Blood,,156; 10; 10,standard: Blood_Death,human; canCaptureHive,,garrison; noFireBlocking; canPurchase,,,,,,,3,,,,1,enabled,,preferredTransport: DR-8_Skyhook,,,,,,,,,,,,,
Frag_Troopers_Indirect,2065,lava,,federation,ground,infantry,foot,Frag_Troopers,,30,,,Grenade_Depot,checker; 0.3; 2.8; 1.8; 2,offset: 5,squad,2,5,,,Frag_Trooper_0,0.7,,1.76,1.05; 1.15,,,Frag_Troopers,,Frag_Grenade,Frag_Grenade_Extra,Switch_Frag_Direct; Frag_Mine_Deploy; Fire_Mine_Deploy,,90,25,,/,/,2,,,,,3.9,360,,,50,,,,,Frag_Troopers_Direct,Frag_Troopers_Direct,,Blood,,156; 10; 10,standard: Blood_Death,human; canCaptureHive,,garrison; noFireBlocking,,,,,,,3,,,,1,enabled,,preferredTransport: DR-8_Skyhook,,,,,,,,,,,,,
Shredder,2067,lava,,federation,ground,infantry,foot,Shredder,,22,,,Rocket_Depot,/,offset: 5,direct,1,1,,,Shredder_Trooper_0,0.7,,1.76,1.15,,,Shredder,male,Shredder_Minigun,,Shredder_Turret_Mode; Shredder_Stimpack; Shredder_Heated_Rounds,,100,25,,/,/,2,,,,,3.9,360,,,50,,,,,,Shredder_Turret,,Blood,,156; 10; 10,standard: Blood_Death,human,,garrison; canPurchase,,,,,,,3,,,,1,enabled,,preferredTransport: DR-8_Skyhook,,,,,,,,,,,,,
Shredder_Turret,2081,lava,,federation,ground,infantry,static,Shredder,,23,,,Rocket_Depot,/,offset: 4,direct,1,1,,,Shredder_Turret_0,0.7,,1.76,1.15,,,Shredder,male,Shredder_Minigun_Turret,,Shredder_Default_Mode; Shredder_Stimpack; Shredder_Heated_Rounds,,100,25,,/,/,2,,,,,/,80,,,50,,,,,Shredder,Shredder,,Blood,,156; 10; 10,standard: Blood_Death,human,,,,,,,,,,,,,1,enabled,,preferredTransport: DR-8_Skyhook; noPlayerInput: (),,,,,,exit: instant,,,,,,,
Mech_Engineer,2064,lava,,federation,ground,vehicle,mech,Mech_Engineer,,143,,,Power_Plant,/,offset: 6,direct,1,1,BigUnit 90,,Mech_Engineer,3,,3.63,1.1,1,,Mech_Engineer,,Mech_Engineer_Attack,,Mech_Engineer_Default; Mech_Engineer_Elite_1; Mech_Engineer_Elite_2,,500,70,,/,/,3,20,,,30,4.5,200,,,40,,,,,,,,Sparks,bloodTexture: 3 always,,Mech_Death,armored; human; fireproof; smogImmune,,suppressionImmune; bigCollisionLayer; canSelfDestruct; canPurchase,,defendarea 10,,,,,2,,,,2,enabled,,preferredTransport: Drop_Pod; noPlayerInput: (),,,,,,,canCapture: true; canNeutralize: true; canDefend: true,,,Mech_Construction,,purchase: mg_turret rocket_turret grenade_turret; construct: (attribute: repairable),
Mech_Engineer_Empty,2130,lava,,gaia,ground,vehicle,static,,,143,none,,/,mob; 0; 0,type: simple; offset: 6,direct,,1,,,Mech_Engineer_Empty,3,,3.63,1.1,1,,engineers,,/,,/,,300,70,,/,/,/,,,,20,/,/,,,/,,,,,,,,Sparks,bloodTexture: 3 always,,Mech_Death,armored; human; fireproof; repairable,,suppressionImmune; cannotCapture,,,,,,,2,,,,,,,noPlayerInput: (),,,,,,,,,,,,,
Territory_Mech_Engineer,3060,lava,,federation,ground,vehicle,mech,,,143,,,/,/,offset: 6,direct,1,1,BigUnit 90,,Mech_Engineer,3,,3.63,1.1,1,,Mech_Engineer,,/,,/,,100,20,,/,/,3,,,,30,4.5,200,,,40,,,,,,,,Sparks,deathSwitch: Mech_Engineer_Empty,,Mech_Death,armored; human; fireproof; smogImmune,,suppressionImmune; bigCollisionLayer; canSelfDestruct; canPurchase,,,,,,,2,,,,1,enabled,,preferredTransport: Drop_Pod; noPlayerInput: (),,,,,,,canCapture: true; canNeutralize: true; canDefend: true,,,Mech_Construction,,purchase: mg_turret rocket_turret grenade_turret; construct: (attribute: repairable),
Territory_Broken_Mech_Engineer,2148,lava,,federation,ground,vehicle,static,,,143,none,,/,/,type: simple; offset: 6,direct,,1,,,Mech_Engineer_Broken,3,,3.63,1.1,1,,engineers,,/,,/,,400,/,,/,/,/,,,,20,/,/,,,/,,,,,,,,Sparks,,,,repairable,,cannotCapture; remainVisible; invulnerable,,,,,,,2,,,,,,,noPlayerInput: (),,,,,,,,,,,,,
Territory_Damaged_Mech_Engineer,2152,lava,,federation,ground,vehicle,mech,,,143,,,/,/,offset: 6,direct,1,1,BigUnit 90,,Mech_Engineer_Damaged,3,,3.63,1.1,1,,Mech_Engineer,,/,,/,,500,70,,/,/,3,20,,,30,3,150,,,30,,,,,,,,Sparks,deathSwitch: Territory_Broken_Mech_Engineer,,Mech_Death,armored; human; fireproof; smogImmune,,suppressionImmune; bigCollisionLayer; canSelfDestruct; canPurchase,,,,,,,2,,,,,enabled,,preferredTransport: DR-4_Viking; noPlayerInput: (),,,,,,,canCapture: true; canNeutralize: true; canDefend: true,,,,,,
Merc_Leader,2080,lava,,federation,ground,infantry,foot,,,7,,,,/,offset: 5,direct,2,1,,,Merc_Leader_0,0.7,,1.76,1.05; 1.15,,,Mercenary_Captain,,Officer_Morita_MkIII,Officer_Morita_MkIII_Grenade,Designate_Target; Tactical_Command; Inspiring_Command,,80,0,,/,/,1,,,0.7,,3.9,360,,,50,,,,,,,,Blood,,156; 10; 10,standard: Blood_Death,human,,garrison; shootThroughSoldiers; noFireBlocking; singleton; canPurchase,,,,,,,3,,,,1,enabled,,preferredTransport: DR-8_Skyhook,,,,,,,,,,,,,
Power_Officer,2082,lava,,federation,ground,infantry,foot,Power_Officer,,33,,,Sector_Headquarters,mob; 0; 0,offset: 5,direct,2,1,,,Power_Officer,0.7,,1.76,1.05; 1.1,,,Powered_Suit_Officer,,PS_Light_AR_GL,Officer_Morita_MkIII_Grenade,Reinforce; Designate_Target; Tactical_Command; Inspiring_Command,,180,30,,1,/,,5,,0.7,,7,360,,,50,,,,,,,,Blood,,156; 10; 10,standard: Blood_Death,human,,garrison; shootThroughSoldiers; noFireBlocking; singleton; canPurchase,,,,,,,3,,,,1,enabled,,preferredTransport: DR-8_Skyhook,,,,,,,,,,,,,
Power_Flamers,2069,lava,,federation,ground,infantry,foot,Power_Flamers,,32,,,Sector_Headquarters,mob; 0.2; 2.0,offset: 5,squad,1,5,,,Power_Flamer,1,,1.76,1.12; 1.15,,,Powered_Suit_Incinerators,,PS_Flamer,,Fire_Grenade;  Flame_Trap_Deploy; Hyper_Metabolism,,120,50,,3,/,,10,,1.8,,7,360,,,50,,,,,,,,Sparks,,156; 10; 10,,human; fireproof; bluefireproof; canCaptureHive,,garrison; canPurchase,,,,,,,3,,,,1,enabled,,preferredTransport: DR-4_Viking,,,,,,,,,,welding,,purchase: mg_turret rocket_turret grenade_turret; construct: (attribute: repairable),
Power_Fire_Unit,2104,lava,,gaia,ground,device,static,,,/,none,,,/,type: none,direct,/,1,,,Blue_Fire_Medium,12,,0.1,1,,,,,Power_Fire_Pool,,Power_Fire_Boost,15 remove,/,/,,,,,,,,,/,/,,,15,,,,,,,,,,,,,,noUnitCard; inaccessible; noEditor; forceRogue; alwaysVisible; noCollider; nightVision,,,,,,,,,,,,,,,,,,,,,,,,,,,
Fleet_Beacon_Backup,2073,lava,,federation,ground,structure,fundament,,,74,,,/,/,type: simple; offset: 6,direct,/,1,,,Fleet_Beacon,2,1,5,,,,,,/,,Incendiary_Strike,,200,30,,/,,,,,,,/,/,,,10,,,,,,,,Sparks,,,,,,noUnitCard; tileBlocking; alwaysVisible,,,,,,,,,,,,,,,,,,,,,,,,,,,blockConstruction: true
Fleet_Beacon,2063,lava,,federation,ground,structure,fundament,,,74,,,/,/,type: simple; offset: 6,direct,/,1,,,Fleet_Beacon,2,1,5,,,,,,/,,Incendiary_Strike,,200,30,,/,,,,,,,/,/,,,10,,,,,,,,Sparks,,,,,,noUnitCard; tileBlocking; alwaysVisible,,,,,,,,,,,,,,,,,,,,,,,,,,,blockConstruction: true
Character_Director,2083,lava,,federation,ground,infantry,foot,,,55,,,/,mob; 0; 0,offset: 4,direct,2,1,,,Director_Patel,0.7,,1.76,1,,,fleet_liaison,female,/,/,/,,80,0,,1,,,,,,,2,360,,,50,,,,,,,,Blood,,156; 10; 10,standard: Blood_Death,human,,garrison,,,,,,,,,,,1,enabled,,preferredTransport: DR-8_Skyhook,,,,,,,,,,,,,
Phermone_Carrier,2098,lava,,federation,ground,infantry,foot,,,9,,,Support_Center,mob; 0; 0,offset: 5,direct,2,1,,,Chemical_Trooper_0,0.7,,1.76,1,,,chemical_troopers,,Insecticide_Grenade,,/,,80,10,,/,,,,,,,3.9,360,,,50,,,,,,,,Blood,,156; 10; 10,standard: Blood_Death,human,,garrison; noExperience,,,,,,,3,,,,1,enabled,,preferredTransport: DR-8_Skyhook,,,,,,,,,,,,,
Sedated_Warrior,2129,lava,,federation,ground,horde,claw,,warrior,113,,,,mob; 0.3; 2.8,type: none; offset: 6.5,individual,1,12,individual,0.25,Warrior_Bug_0; Warrior_Bug_1; Warrior_Bug_2,3.7,,2.46,0.8; 0.85,,,Warrior,,/,,/,,120,30,,/,,,,,,,4.2,360,,,10,,,,,,,,Green,,118; 165; 61,standard: Green_Death,,,garrison; canAttackAllClearableBuildings; noAutoTarget,,aggressive,,climbing,,,4,4,,,,enabled,,,spawnType: burrow,,,,,,,,,,,,
Shredder_Fire_Pool,2093,lava,,gaia,ground,device,static,,,/,none,,,/,type: none,direct,/,1,,,Shredder_Fire_Pool,8,,0.1,1,,,,,Shredder_Pool_Burn,,/,8 remove,/,/,,,,,,,,,/,/,,,8,,,,,,,/,,,,,,,noCollider; noUnitCard; inaccessible; noEditor; alwaysVisible; forceRogue,,,,,,,,,,,,,,,,,,,,,,,,,,,
Friendly_Fire_Pool,2161,lava,,gaia,ground,device,static,,,/,none,,,/,type: none,direct,/,1,,,Shredder_Fire_Pool,8,,0.1,1,,,,,Shredder_Pool_Burn,,/,8 remove,/,/,,,,,,,,,/,/,,,2,,,,,,,/,,,,,,,noCollider; noUnitCard; inaccessible; noEditor; alwaysVisible,,,,,,,,,,,,,,,,,,,,,,,,,,,
Stinger_Bugs,2018,lava,,arachnid,ground,horde,claw,Stinger_Bugs,,96,,,,mob; 0.3; 3.8,type: none,individual,2,5,individual,0.25,Stinger_0,2,,1.1,0.9; 1,,,Spitter,,Stinger_Spit,,/,,70,20,,3,,,,,,2,6,360,,,50,,,,,,,,Green,,161; 231; 81,standard: Orange_Death,druggedSpitterPrio; mindControllable,,canAttackAllClearableBuildings,,aggressive,attribute: eradicators,climbing,,,2,,,,,enabled,,,spawnType: burrow,,,,,,,,,,,,
Stinger_Nest,2110,lava,,arachnid; gaia,ground,cavern,fundament,,,139,,,,/,type: simple; offset: 7,direct,/,1,,,Stinger_Nest ; lava:Stinger_Nest_Lava,8,2,4,,,,,,Stinger_Nest_Shot,,/,,300,40,granite,,,,,,,,/,/,,,60,,/,20,,,,,Dust,deathSwitch: Stinger_Nest_Destroyed,,Brood_Chamber_Collapse,structure,,noUnitCard; tileBlocking; alwaysVisible; noCollider,,,,,,,,,,respawnTime: 5; spawnBehaviour: PerSoldier; unitTypeIdsToSpawn: Stinger_Bugs,,enabled,,,spawnType: burrow,,,,,,,,,,,,
Stinger_Nest_Destroyed,2090,lava,,gaia,ground,cavern,fundament,,,97,none,,,/,type: none; offset: 7,direct,/,1,,,Stinger_Nest_Destroyed ; lava:Stinger_Nest_Destroyed_Lava,8,2,0.1,,,,,,/,,/,,/,/,,,,,,,,,/,/,,,/,,/,/,,,,,Dust,,,,structure,,noUnitCard; alwaysVisible; noCollider; forceGaia; inaccessible,,,,,,,,,,,,enabled,,,spawnType: burrow,,,,,,,,,,,,
Stinger_Nest_Metal,2094,lava,,arachnid; gaia,ground,cavern,fundament,,,97,,,,/,type: simple; offset: 7,direct,/,1,,,Boiler,8,2,4,,2,2,,,/,,/,,300,30,,,,,,,,,/,/,,,60,,/,20,,,,,Dust,deathSwitch: Stinger_Nest_Metal_Destroyed,,Bunker_Explosion,structure,,noUnitCard; tileBlocking; alwaysVisible,facing: tile,,,,,,,,,respawnTime: 10; spawnBehaviour: PerSoldier; unitTypeIdsToSpawn: Stinger_Bugs,,enabled,,,spawnType: burrow,,,,,,,,,,,,
Stinger_Nest_Metal_Destroyed,2095,lava,,gaia,ground,cavern,fundament,,,97,none,,,/,type: none; offset: 7,direct,/,1,,,Boiler_Destroyed,8,2,0.1,,2,2,,,/,,/,,/,/,,,,,,,,,/,/,,,/,,/,/,,,,,Dust,,,,structure,,noUnitCard; tileBlocking; alwaysVisible; forceGaia; inaccessible,facing: tile,,,,,,,,,,,enabled,,,spawnType: burrow,,,,,,,,,,,,
Sparker_Bug,2105,lava,,arachnid,ground,behemoth,foot,Sparker_Bug,,98,,,,/,type: simple,direct,2,1,,,Sparker_Bug_0,2,,1.1,2.3,,,,male,Sparker_Flamer,,Immolator_Spew,,300,80,,5,,,,,,,5,300,,,50,,,,,,,,Orange,deathSwitch: Sparker_Bug_Burning,233; 126; 12,,fireproof; mindControllable,,suppressionImmune; bigCollisionLayer,,aggressive,attribute: eradicators,,,,,,,,,enabled,,,spawnType: burrow,,,,,,,,,,,,
Sparker_Bug_Burning,2126,lava,,arachnid,ground,behemoth,foot,Sparker_Bug,,98,,,,/,type: simple,direct,2,1,,,Sparker_Bug_0_Burning,2,,1.1,2.3,,,,male,Sparker_Suicide,,/,5 kill,100,80,,/,,,,,,,6,300,,,50,,,,,,,,Orange,deathWeapon: Sparker_Explode; ragdoll: (),233; 126; 12,,fireproof,,ragdollDeath; suppressionImmune; bigCollisionLayer; noEditor,,aggressive,attribute: eradicators,,,,,,,,,enabled,,,spawnType: burrow,,,,,,,,,,,,
Firefly_Bugs,2016,lava,,arachnid,air,swarm,wing,Firefly_Bugs,,100,,,,mob; 3; 8,type: none,individual,1,3,individual avoidance=false force=20 separationradiusfactor=1.5,0.25,Firefly_Bug_0,3,,2,1.3; 1.4,,,Hopper,,Firefly_Shot,,/,,100,60,,3,,,,,,3,6,200,,4,50,,,,,,,,Orange,ragdoll: (crashEffect: Crash_Impact),195; 196; 69,standard: Orange_Death,,,ragdollDeath; suppressionImmune,,aggressive,attribute: eradicators,,,,,,,,,enabled,,,spawnType: burrow,,,,,,,,,,,,
Fire_Hopper_Bugs,2128,lava,,arachnid,air,swarm,wing,Fire_Hopper_Bugs,hopper,99,,,,mob; 1.5; 5,type: none; offset: 5.5,squad,2,5,air,0.25,FireHopper_Bug_0,3,,2,0.6,,,Hopper,,Fire_Hopper_Kamikaze,,/,,40,0,,2,,,,,,3,7,200,,6,50,,,,,,,,Yellow,ragdoll: (),244; 205; 77,Firehopper_Death_Explosion,,,constantMotion; ragdollDeath; suppressionImmune,,aggressive,attribute: eradicators,,true,,,,,,,enabled,,,spawnType: burrow,,,,,exit: instant,,,,,,,
Firefly_Fire_Pool,2066,lava,,gaia,ground,device,static,,,/,none,,,/,type: none,direct,/,1,,,Firefly_Fire_Pool,8,,0.1,1,,,,,Firefly_Pool_Burn,,/,5 remove,/,/,,,,,,,,,/,/,,,8,,,,,,,/,,,,,,,noCollider; noUnitCard; inaccessible; noEditor; forceRogue; alwaysVisible,,,,,,,,,,,,,,,,,,,,,,,,,,,
Cargo_Ship_Grounded,2068,base,,federation,ground,device,fundament,,,59,none,,/,/,type: none,direct,/,1,,,Cargo_Ship_Grounded,10,3 10,8,,,,,,/,,,,/,/,,/,,,,,,,/,/,,,/,,,30,,,,,Sparks,,,,,,tileBlocking; immobile; alwaysVisible,position: grid; facing: tile,,,,,,,,,,,,,,,,,,,,,,,,,,
Nuke_Device,2070,base,,federation; gaia,ground,device,static,,,40,none,,,/,type: simple,direct,2,1,,,Nuke_Device,1,,0.1,1,,,,,/,,/,,200,/,,/,/,/,,,,20,/,/,,,/,,,,,Nuke_Device_Armed,,,Sparks,,,Turret_Explosion,repairable,,noUnitCard; remainVisible; invulnerable,,,,,,,,,,,,,,,,,,,,,,,,,,,blockConstruction: true
Nuke_Device_Ghost,2134,base,,federation; gaia,ground,device,static,,,40,none,,,/,type: simple,direct,2,1,,,Nuke_Device_Ghost,1,,0.1,1,,,,,/,,/,,200,/,,/,/,/,,,,20,/,/,,,/,,,,,Nuke_Device_Armed,,,/,,,,repairable,,noUnitCard; remainVisible; invulnerable,,,,,,,,,,,,,,,,,,,,,,,,,,,blockConstruction: true
Nuke_Device_Armed,2071,base,,federation; gaia,ground,device,static,,,40,none,,,/,type: none,direct,/,1,,,Nuke_Device_Armed,1,,0.1,1,,,,,/,,/,10 kill,/,/,,/,/,/,,,,/,/,/,,,/,,,,,,,,Sparks,,,,,,noUnitCard; remainVisible; invulnerable,,,,,,,,,,,,,,,,,,,,,,,,,,,blockConstruction: true
Wall_Vent_Open,2074,base,,gaia,ground,structure,static,,,76,none,,,/,type: none,direct,/,1,,,Wall_Vent_Open,4,1,3,,,,,,/,,Wall_Vent_Close,,/,/,,,,,,,,,/,/,,,/,,,10,,Wall_Vent_Closed,,,,,,,,,inaccessible; noCollider; alwaysVisible,position: grid; facing: tile,,,,,,,,,,,,,,,,,,,,,,,,,,blockConstruction: true
Wall_Vent_Closed,2075,base,,gaia,ground,structure,static,,,76,none,,,/,type: none,direct,/,1,,,Wall_Vent_Closed,4,1,3,,,,,,/,,Wall_Vent_Open,,/,/,,,,,,#REF!,,,/,/,,,/,,,10,,Wall_Vent_Open,,,,,,,,,inaccessible; noCollider; alwaysVisible,position: grid; facing: tile,,,,,,,,,,,,,,,,,,,,,,,,,,blockConstruction: true
Extinguishable_Fire,2078,lava,,gaia,ground,device,static,,,45,none,,,/,type: simple,direct,/,1,,,Fire_Small,8,,0.1,1,,,,,Fire_Small_Pool,,/,,25,/,,,,,,,,,/,/,,,20,,,,,,,,,,,,extinguishable,,noUnitCard; alwaysVisible; noCollider,,,,,,,,,,,,,,,,,,,,,,,,,,,
Frag_Mine,51,lava,,federation; gaia,ground,device,static,,,75,none,,/,mob; 0.3; 5,type: simple,direct,/,1,,,Landmine_0,0.5,,0.1,,1,,,,/,,/,5 kill,/,0,,/,,,,,,,/,/,,,20,,,,,,,,Sparks,deathSwitch: Frag_Mine_Armed,,,,,noEditor; noUnitCard; alwaysVisible; noCollider; nightVision,,,,,,,,,,,,,,,,,,,,,,,,,,,
Frag_Mine_Armed,52,lava,,federation; gaia,ground,device,static,,,75,none,,/,mob; 0.3; 5,type: simple,direct,/,1,,,Landmine_Armed_0,0.5,,0.1,,1,,,,Mine_Arm,,/,300 remove,/,0,,/,,,,,,,/,/,,,20,,,,,,,,Sparks,deathSwitch: Frag_Mine_Triggered,,,,,noEditor; noUnitCard; alwaysVisible; noCollider; nightVision,,,,,,,,,,,,,,,,,,,,,,,,,,,
Frag_Mine_Permanent,2091,lava,,federation; gaia,ground,device,static,,,75,none,,/,mob; 0.3; 5,type: none,direct,/,1,,,Landmine_Armed_0,0.5,,0.1,,1,,,,Mine_Arm,,/,,/,0,,/,,,,,,,/,/,,,20,,,,,,,,Sparks,deathSwitch: Frag_Mine_Triggered,,,,,noUnitCard; remainVisible; noCollider; forceRogue; nightVision,,,,,,,,,,,,,,,,,,,,,,,,,,,
Frag_Mine_Triggered,143,lava,,federation; gaia,ground,device,static,,,75,none,,/,mob; 0.3; 5,type: simple,direct,/,1,,,Landmine_Triggered_0,0.5,,0.1,,1,,,,/,,/,3 kill,/,0,,/,,,,,,,/,/,,,20,,,,,,,,Sparks,deathSwitch: Frag_Mine_Firing,,,,,noEditor; noUnitCard; alwaysVisible; noCollider; forceRogue; nightVision,,,,,,,,,,,,,,,,,,,,,,,,,,,
Frag_Mine_Burried,2131,lava,,federation; gaia,ground,device,static,,,75,none,,/,mob; 0.3; 5,type: none,direct,/,1,,,Landmine_Burried_Armed_0,0.5,,0.1,,1,,,,Mine_Arm,,/,,/,0,,/,,,,,,,/,/,,,20,,,,,,,,Sparks,deathSwitch: Frag_Mine_Burried_Triggered,,,,,noUnitCard; remainVisible; noCollider; forceRogue; nightVision,,,,,,,,,,,,,,,,,,,,,,,,,,,
Frag_Mine_Burried_Triggered,2132,lava,,federation; gaia,ground,device,static,,,75,none,,/,mob; 0.3; 5,type: simple,direct,/,1,,,Landmine_Burried_Triggered_0,0.5,,0.1,,1,,,,/,,/,3 kill,/,0,,/,,,,,,,/,/,,,20,,,,,,,,Sparks,deathSwitch: Frag_Mine_Burried_Firing,,,,,noEditor; noUnitCard; alwaysVisible; noCollider; forceRogue; nightVision,,,,,,,,,,,,,,,,,,,,,,,,,,,
Frag_Mine_Firing,165,lava,,federation; gaia,ground,device,static,,,75,none,,/,mob; 0.3; 5,type: simple,direct,/,1,,,Landmine_Triggered_0,0.5,,0.1,,1,,,,/,,Frag_Mine_Fire,5 kill,/,0,,/,,,,,,,/,/,,,20,,,,,,,,Sparks,/,,,,,noEditor; noUnitCard; alwaysVisible; noCollider; forceRogue; nightVision,,,,,,,,,,,,,,,,,,,,,,,,,,,
Frag_Mine_Burried_Firing,2143,lava,,federation; gaia,ground,device,static,,,75,none,,/,mob; 0.3; 5,type: simple,direct,/,1,,,Landmine_Burried_Triggered_0,0.5,,0.1,,1,,,,/,,Frag_Mine_Fire,5 kill,/,0,,/,,,,,,,/,/,,,20,,,,,,,,Sparks,/,,,,,noEditor; noUnitCard; alwaysVisible; noCollider; forceRogue; nightVision,,,,,,,,,,,,,,,,,,,,,,,,,,,
Fire_Mine,41,base,,federation; gaia,ground,device,static,,,75,none,,/,mob; 0.3; 5,type: simple,direct,/,1,,,Firemine_0,0.5,,0.1,,1,,,,/,,/,5 kill,/,0,,/,,,,,,,/,/,,,20,,,,,,,,Sparks,deathSwitch: Fire_Mine_Armed,,,,,noEditor; noUnitCard; alwaysVisible; noCollider; nightVision,,,,,,,,,,,,,,,,,,,,,,,,,,,
Fire_Mine_Armed,49,base,,federation; gaia,ground,device,static,,,75,none,,/,mob; 0.3; 5,type: simple,direct,/,1,,,Firemine_Armed_0,0.5,,0.1,,1,,,,Mine_Arm,,/,300 remove,/,0,,/,,,,,,,/,/,,,20,,,,,,,,Sparks,deathSwitch: Fire_Mine_Triggered,,,,,noEditor; noUnitCard; alwaysVisible; noCollider; nightVision,,,,,,,,,,,,,,,,,,,,,,,,,,,
Fire_Mine_Permanent,2092,base,,federation; gaia,ground,device,static,,,75,none,,/,mob; 0.3; 5,type: none,direct,/,1,,,Firemine_Armed_0,0.5,,0.1,,1,,,,Mine_Arm,,/,,/,0,,/,,,,,,,/,/,,,20,,,,,,,,Sparks,deathSwitch: Fire_Mine_Triggered,,,,,noUnitCard; remainVisible; noCollider; forceRogue; nightVision,,,,,,,,,,,,,,,,,,,,,,,,,,,
Fire_Mine_Triggered,144,base,,federation; gaia,ground,device,static,,,75,none,,/,mob; 0.3; 5,type: simple,direct,/,1,,,Firemine_Triggered_0,0.5,,0.1,,1,,,,/,,/,10 kill,/,0,,/,,,,,,,/,/,,,20,,,,,,,,Sparks,deathWeapon: Fire_Mine_Explosion,,,,,noEditor; noUnitCard; alwaysVisible; noCollider; forceRogue; nightVision,,,,,,,,,,,,,,,,,,,,,,,,,,,
Invisible_Repairable,2084,base,,federation; gaia,ground,device,static,,,40,none,,,/,type: none,direct,/,1,,,Invisible_Repairable,1,,0.1,1,,,,,/,,/,,200,/,,/,/,/,,,,99999,/,/,,,/,,,,,,,,/,,,,repairable,,noUnitCard; invulnerable; hiddenInBattle,,,,,,,,,,,,,,,,,,,,,,,,,,,
Chair_Scientist,2085,base,,federation,ground,infantry,static,,,48,none,,/,mob; 0; 0,type: none; offset: 3.5,direct,/,1,,,Chair_Scientist_0,0.7,,1.76,1,,,scientists,,/,,/,,50,0,,/,,,,,,,/,360,,,50,,,,,,,,Blood,,156; 10; 10,standard: Blood_Death,human,,noFireBlocking; immobile; inaccessible,,,,,,,2,,,,1,,,,,,,,,,,,,,,,
Chair_Crew,2086,base,,federation,ground,infantry,static,,,48,none,,/,mob; 0; 0,type: none; offset: 3.5,direct,/,1,,,Chair_Crew_0,0.7,,1.76,1,,,scientists,,/,,/,,50,0,,/,,,,,,,/,360,,,50,,,,,,,,Blood,,156; 10; 10,standard: Blood_Death,human,,noFireBlocking; immobile; inaccessible,,,,,,,2,,,,1,,,,,,,,,,,,,,,,
Chair_Trooper,2087,base,,federation,ground,infantry,static,,,48,none,,/,mob; 0; 0,type: none; offset: 3.5,direct,/,1,,,Chair_Trooper_0,0.7,,1.76,1,,,scientists,,/,,/,,50,0,,/,,,,,,,/,360,,,50,,,,,,,,Blood,,156; 10; 10,standard: Blood_Death,human,,noFireBlocking; immobile; inaccessible,,,,,,,2,,,,1,,,,,,,,,,,,,,,,
Smog_Pool_Unit,2133,lava,,gaia,ground,device,static,,,/,none,,,/,type: none,direct,/,1,,,Smog_Pool,16,,0.1,1,,,,,Smog_Pool,,/,20 remove,/,/,,,,,,,,,/,/,,,20,,,,,,,,,,,,,,noUnitCard; inaccessible; noEditor; forceRogue; alwaysVisible; noCollider; nightVision,,,,,,,,,,,,,,,,,,,,,,,,,,,
Mech_Fire_Unit,2135,lava,,gaia,ground,device,static,,,/,none,,,/,type: none,direct,/,1,,,Fire_Small,16,,0.1,1,,,,,Mech_Fire_Pool,,/,15 remove,/,/,,,,,,,,,/,/,,,20,,,,,,,,,,,,,,noUnitCard; inaccessible; noEditor; forceRogue; alwaysVisible; noCollider; nightVision,,,,,,,,,,,,,,,,,,,,,,,,,,,
Fire_Mine_Fire_Unit,2136,lava,,gaia,ground,device,static,,,/,none,,,/,type: none,direct,/,1,,,Fire_Large,16,,0.1,1,,,,,Fire_Mine_Fire_Pool,,/,15 remove,/,/,,,,,,,,,/,/,,,20,,,,,,,,,,,,,,noUnitCard; inaccessible; noEditor; forceRogue; alwaysVisible; noCollider; nightVision,,,,,,,,,,,,,,,,,,,,,,,,,,,
Incendiary_Strike_Fire_Unit,2137,lava,,gaia,ground,device,static,,,/,none,,,/,type: none,direct,/,1,,,Fire_Small,8,,0.1,1,,,,,Incendiary_Strike_Fire_Pool,,/,15 remove,/,/,,,,,,,,,/,/,,,10,,,,,,,,,,,,,,noUnitCard; inaccessible; noEditor; forceRogue; alwaysVisible; noCollider,,,,,,,,,,,,,,,,,,,,,,,,,,,
Double_Charge_Grenade,2138,lava,,gaia,ground,device,static,,,75,none,,/,mob; 0.3; 5,type: simple,direct,/,1,,,Double_Charge_Grenade,0.5,,0.1,1,,,,,/,,/,3 kill,/,0,,/,,,,,,,/,/,,,/,,,,,,,,Sparks,deathWeapon: Merc_Grenade_Second,,,,,noEditor; noUnitCard; alwaysVisible; noCollider; forceRogue; inaccessible,,,,,,,,,,,,,,,,,,,,,,,,,,,
Shredder_Lair,2139,lava,,federation; gaia,ground,structure,fundament,,,65,,,/,/,offset: 4,direct,/,1,,,Shredder_Lair,7,2,3.02,,/,/,,,Shredder_Minigun_Lair,,/,,400,40,granite,/,,,,,,,/,/,90,,50,/,,,,,,,Sparks,deathSwitch: Bug_Lair_Collapsed,,Tunnel_Collapse,structure,,noUnitCard; tileBlocking,,,,,,,,,,,,,,,,,,,,,,,,,,,blockConstruction: true
Empty_Lair,2140,lava,,gaia,ground,cavern,fundament,,,126,,,,/,type: none; offset: 4,direct,/,1,,,Bug_Lair; lava:Bug_Lair_Lava,8,2,3,,,,,,/,,/,,/,/,,,,,,,,,/,/,,,/,,/,/,,,,,Dust,deathSwitch: Bug_Lair_Collapsed,,Tunnel_Collapse,structure,,baseHeight; noUnitCard; tileBlocking; remainVisible,,,,,,,,,,respawnTime: 30; spawnBehaviour: PerUnit,,enabled,,,spawnType: burrow,,,,,,,,,,,,blockConstruction: true
Flame_Trap,2146,lava,,federation; gaia,ground,device,static,,,75,none,,/,mob; 0.3; 5,type: simple,direct,/,1,,,Flame_Trap_0,0.5,,0.1,,1,,,,/,,/,5 kill,/,0,,/,,,,,,,/,/,,,20,,,,,,,,Sparks,deathSwitch: Flame_Trap_Armed,,,,,noUnitCard; alwaysVisible; noCollider; nightVision,,,,,,,,,,,,,,,,,,,,,,,,,,,
Flame_Trap_Armed,2147,lava,,federation; gaia,ground,device,static,,,75,none,,/,mob; 0.3; 5,type: simple,direct,/,1,,,Flame_Trap_Armed_0,0.5,,0.1,,1,,,,Flame_Trap_Shot,,/,100 remove,/,0,,/,,,,,,,/,/,,,20,,,,,,,,Sparks,,,,,,noEditor; noUnitCard; alwaysVisible; noCollider; nightVision,,,,,,,,,,,,,,,,,,,,,,,,,,,
,,,,,,,,,,,,,,,,,,,,,,,,,,,,,,,,,,/,,,,,,,,,,,,,,,,,,,,,,,,,,,,,,,,,,,,,,,,,,,,,,,,,,,,,,,
,,,,,,,,,,,,,,,,,,,,,,,,,,,,,,,,,,/,,,,,,,,,,,,,,,,,,,,,,,,,,,,,,,,,,,,,,,,,,,,,,,,,,,,,,,
// METROPOLIS DLC,,,,,,,,,,,,,,,,,,,,,,,,,,,,,,,,,,/,,,,,,,,,,,,,,,,,,,,,,,,,,,,,,,,,,,,,,,,,,,,,,,,,,,,,,,
,,,,,,,,,,,,,,,,,,,,,,,,,,,,,,,,,,/,,,,,,,,,,,,,,,,,,,,,,,,,,,,,,,,,,,,,,,,,,,,,,,,,,,,,,,
Police_Squad,3000,metro,,federation,ground,infantry,foot,Police_Squad,,17,,,,checker; 0.2; 1.3; 1.3; 2,offset: 4,squad,1,8,,,Police_0; Police_1,0.7,,1.76,1; 1.1,,,Police_Squad,,Police_Rifle 0,/,Police_Grenade; Talkie_Bomb; Kamikaze_Drone,,50,0,,3,,,,,,,5.5,360,,,50,,,,,,,,Blood,,156; 10; 10,standard: Blood_Death,human; canCaptureHive,,garrison; canPurchase,,,,,,,3,,,,1,enabled,,preferredTransport: DR-4_Viking,,,,spawn: (type: police_drone; interval: 8; amount: 2); followRange: 4; returner: (maxRange: 12; minRange: 10); dieWithLeader: (),,,,,,,,,
Police_Drone,3002,metro,,federation,ground,generic,foot,,,/,none,,/,/,type: none; offset: 3,direct,1,2,,,Police_Drone,1.5,,1,0.8,,,,,Police_Drone_Shot,,,,50,40,,/,/,,,,,12,7,360,,,50,,,,,,,,Sparks,ragdoll: (),,Flak_Explosion,inanimate; minion,,noEditor; suppressionResistant; noFireBlocking; inaccessible; noExperience; cannotCapture,,aggressive,,,,,4,4,,,,enabled,,preferredTransport: DR-8_Skyhook,,,,,,,,,,,,,
Technicians,20210,base,,federation,ground,infantry,foot,Technicians,,15,,,/,checker; 0.3; 3.0; 1.8; 2,offset: 4,squad,2,4,,,Technician_0,0.7,,1.76,1; 1.1,,,Technicians,,Technician_Shot,,,,60,10,,1,,,,,2,,3.9,360,,,50,,,,,,,,Blood,,156; 10; 10,standard: Blood_Death,human,,garrison; canPurchase; noFireBlocking; noExperience,,,,,,,3,,,,1,enabled,,preferredTransport: DR-8_Skyhook,,,,,,,,,,welding,,purchase: electro_mg electro_mortar electro_cannon electro_launcher; construct: (attribute: repairable),
Peacekeeper_Biped,3008,metro,,federation,ground,vehicle,mech,Peacekeeper_Biped,,38,,,Command_Center,/,offset: 6,direct,2,1,BigUnit 90,,Mech_Peacekeeper,3,,3.63,1,1,,Peacekeeper_Biped,,Police_Mech_Grenade,,Reinforce; Designate_Target; Peacekeeper_Gas; Peacekeeper_Drone_Deploy,,300,40,,1,,,5,,2,30,4,300,,,40,,,,,,Peacekeeper_Biped_Drone,,Sparks,ragdoll: (); bloodTexture: 3 always,,Peacekeeper_Explosion_Sound,armored; fireproof; smogImmune; gasImmune,,suppressionImmune; cannotCapture; bigCollisionLayer; canSelfDestruct; canPurchase; singleton,,,,,,,2,,,,0.5,enabled,,preferredTransport: Drop_Pod; noPlayerInput: (),,,,,,,,,,,,,
Peacekeeper_Biped_Drone,3319,metro,,federation,ground,vehicle,mech,Peacekeeper_Biped,,38,,,Command_Center,/,offset: 6,direct,2,1,BigUnit 90,,Mech_Peacekeeper,3,,3.63,1,1,,Peacekeeper_Biped,,Police_Mech_Grenade,,Reinforce; Designate_Target; Peacekeeper_Drone_Active,,300,40,,1,,,5,,2,30,4,300,,,40,,,,,,,,Sparks,ragdoll: (); bloodTexture: 3 always,,Peacekeeper_Explosion_Sound,armored; fireproof; smogImmune; gasImmune,,suppressionImmune; cannotCapture; bigCollisionLayer; canSelfDestruct; singleton,,,,,,,2,,,,0.5,enabled,,preferredTransport: Drop_Pod; noPlayerInput: (),,,,spawn: (type: peacekeeper_drone; interval: 10; amount: 1); followRange: 2; returner: (maxRange: 20; minRange: 10); dieWithLeader: (),,,,,,,,,
Riot_Shield_Squad,2121,metro,,federation,ground,infantry,foot,Riot_Shield_Squad,,16,,,Grenade_Depot,checker; 0.1; 1.2; 1.2; 3,,squad,1,10,,,Assault_Marine_0,0.7,,1.76,1.2,,,Assault_Squad,male,Assault_Shot,Police_Shotgun,Riot_Brace; Riot_Autoturret_Deploy; Riot_Decoy_Deploy,,100,60,,3,,,,,1.5,,3.9,360,,,50,,,,,,,,Blood,,156; 10; 10,standard: Blood_Death,human; canCaptureHive; gasImmune; acidImmune; temp-minrangepowershot,,garrison; suppressionResistant; canPurchase,,,,,,,,,,,1,enabled,,preferredTransport: DR-4_Viking,,,,,,,,,,,,,
JAC_Trooper,3238,metro,,federation,ground,infantry,foot,JAC_Trooper,,36,,,Rocket_Depot,/,offset: 4,direct,1,1,,,Mechanized_Marksman_0,0.7,,1.76,1.2,,,JAC_Trooper,,Heavy_Sniper_Shot 0,,Marksman_Jump; Low_Velocity_Round; Marksman_Bomb_Drop,,100,30,,2,,,,,,,3.9,360,,,55,,,,,,,,Blood,,156; 10; 10,standard: Blood_Death,human,,garrison; noFireBlocking; canPurchase; cannotCapture,,,,,,,3,,,,1,enabled,,preferredTransport: DR-8_Skyhook,,,,,,,canDefend: true,,,,,repair: (attribute: repairable),
Hover_Autocannon,3233,metro,,federation,ground,vehicle,mech,Hover_Autocannon,,14,,,Power_Plant,/,,direct,1,1,,,Hover_Autocannon,4,,1.8,1,,,Hover_Autocannon,,Hover_Autocannon_Shot,,Hover_Tank_Jump; Hover_Tank_Jump_Bash; Hover_Tank_Repairer; Hover_Tank_Bash_Damage,,300,40,,3,,,20,,,20,6,100,120; pitch: 60 -10 85,,40,,,,,,Hover_Autocannon_Repairer,,Sparks,ragdoll: (),,Small_Vehicle_Explosion_Sound,inanimate,,suppressionImmune; cannotCapture; bigCollisionLayer; canSelfDestruct; canPurchase,,,,,,,,,,,,enabled,,preferredTransport: Drop_Pod; noPlayerInput: (),,,,,,,,,,,,,
Hover_Autocannon_Repairer,3224,metro,,federation,ground,vehicle,mech,Hover_Autocannon,,14,,,Power_Plant,/,,direct,1,1,,,Hover_Autocannon_Repairer,4,,1.8,1,,,Hover_Autocannon,,Hover_Autocannon_Shot,,Hover_Tank_Jump; Hover_Tank_Repairer_Active,,300,40,,3,,,20,,,20,6,100,120; pitch: 60 -10 85,,40,,,,,,,,Sparks,ragdoll: (),,Small_Vehicle_Explosion_Sound,inanimate,,suppressionImmune; cannotCapture; bigCollisionLayer; canSelfDestruct; noEditor,,,,,,,,,,,5,enabled,,preferredTransport: Drop_Pod; noPlayerInput: (),,,,,,,,,,welding,,repair: (attribute: repairable),
Pegasus_Gunship,3236,metro,,federation,air,aircraft,wing,Pegasus_Gunship,,37,,,Fleet_Relay,/,,direct,-1,1,BigUnit 200,,Gunship,8,,2.2,0.9,,,Pegasus_Gunship,female,Gunship_Gatling,,Gunship_Deploy; Gunship_Reaper_Missile; Gunship_Bomb,,200,30,,3,,,20,,,4,9,150,100; pitch: 80 -80 10,8,40,,,,,,Pegasus_Gunship_Deployed,,Sparks,ragdoll: (),,Large_Vehicle_Explosion_Sound,inanimate,,suppressionImmune; garrison; nightVision; canPurchase; ragdollDeath; canSelfDestruct,,,,,,,,,,,3,,,,,,,,,,,,,,,,
Pegasus_Gunship_Deployed,3370,metro,,federation,air,aircraft,static,Pegasus_Gunship,,37,,,Fleet_Relay,/,,direct,-1,1,BigUnit 200,,Gunship_Deployed,8,,2.2,0.9,,,Pegasus_Gunship,female,Gunship_Missile_Barrage,,Gunship_Undeploy; Gunship_Reaper_Missile; Gunship_Bomb,,200,30,,3,,,20,,,4,9,150,100; pitch: 80 -80 10,8,40,,,,,,,,Sparks,ragdoll: (),,Large_Vehicle_Explosion_Sound,inanimate,,suppressionImmune; garrison; nightVision; canPurchase; ragdollDeath; canSelfDestruct; immobile; noEditor,,,,,,,,,,,3,,,,,,,,,,,,,,,,
Missile_Mech,3234,metro,,federation,ground,vehicle,mech,Missile_Mech,,18,,,Machine_Bay,/,offset: 5.5,direct,2,1,BigUnit 90,,Missile_Hexapod,2.5,,1.7,1.1,1,,Missile_Mech,,Missile_Mech_Missile_Burst,,Rainmaker_Deploy; Rainmaker_Drones,,500,60,,4,,,40,,,60,4,100,,,40,,,,,Missile_Mech_Deployed,Missile_Mech_Deployed; Missile_Mech_Droner; Missile_Mech_Droner_Deployed,,Sparks,ragdoll: (),,Large_Vehicle_Explosion_Sound,inanimate; repairable,,overwatch; suppressionImmune; cannotCapture; bigCollisionLayer; canSelfDestruct; canPurchase,,,,,,,,,,,,enabled,,preferredTransport: Drop_Pod; noPlayerInput: (),,,,,,,,,,,,,
Missile_Mech_Deployed,3249,metro,,federation; gaia,ground,vehicle,static,Missile_Mech,,18,,,Machine_Bay,/,offset: 6.5,direct,/,1,,,Missile_Hexapod_Deployed,2.5,,1.7,1.1,1,,Missile_Mech,,Missile_Mech_Missile_Single,,Rainmaker_Undeploy; Rainmaker_Drones_Deployed,,500,60,,4,,,40,,,60,/,/,30; pitch: 30,,30,,,,,Missile_Mech,,,Sparks,ragdoll: (),,Large_Vehicle_Explosion_Sound,inanimate; repairable,,overwatch; suppressionImmune; cannotCapture; canSelfDestruct,,,,,,,,,,,,enabled,,noPlayerInput: (),,,,,,,,,,,,,
Missile_Mech_Droner,3323,metro,,federation,ground,vehicle,mech,Missile_Mech,,18,,,Machine_Bay,/,offset: 5.5,direct,2,1,BigUnit 90,,Missile_Hexapod,2.5,,1.7,1.1,1,,Missile_Mech,,Missile_Mech_Missile_Burst,,Rainmaker_Deploy; Rainmaker_Drones_Active,,500,60,,4,,,40,,,60,4,100,,,40,,,,,Missile_Mech_Droner_Deployed,,,Sparks,ragdoll: (),,Large_Vehicle_Explosion_Sound,inanimate; repairable,,overwatch; suppressionImmune; cannotCapture; bigCollisionLayer; canSelfDestruct,,,,,,,,,,,,enabled,,preferredTransport: Drop_Pod; noPlayerInput: (),,,,spawn: (type: Cloudburster_Drones; interval: 10; amount: 4); followRange: 2; returner: (maxRange: 15; minRange: 10); dieWithLeader: (),,,,,,,,,
Missile_Mech_Droner_Deployed,3227,metro,,federation; gaia,ground,vehicle,static,Missile_Mech,,18,,,Machine_Bay,/,offset: 6.5,direct,/,1,,,Missile_Hexapod_Deployed,2.5,,1.7,1.1,1,,Missile_Mech,,Missile_Mech_Missile_Single,,Rainmaker_Undeploy; Rainmaker_Drones_Active,,500,60,,4,,,40,,,60,/,/,30; pitch: 30,,30,,,,,Missile_Mech_Droner,,,Sparks,ragdoll: (),,Large_Vehicle_Explosion_Sound,inanimate; repairable,,overwatch; suppressionImmune; cannotCapture; canSelfDestruct,,,,,,,,,,,,enabled,,noPlayerInput: (),,,,spawn: (type: Cloudburster_Drones; interval: 10; amount: 4); followRange: 2; returner: (maxRange: 15; minRange: 10); dieWithLeader: (),,,,,,,,,
Kamikaze_Drone,3256,metro,,federation,ground,generic,claw,,,20,,,,/,offset: 4,direct,1,1,,,Kamikaze_Drone,1.5,,1,1,,,Kamikaze_Drone,male,Drone_Explode,,Drone_Kamikaze,25 kill,100,30,,/,,,,,,4,6,300,,,15,,,,,,,,Green,ragdoll: (),,Flak_Explosion,inanimate,,suppressionImmune; noFireBlocking; cannotCapture,,holdFire,,,,,,,,,,enabled,,,spawnType: burrow,,,,,,,,,,,,
Kayla,3265,metro,,federation,ground,infantry,foot,,,19,,,,/,offset: 3.5,direct,2,1,,,Police_1,0.7,,0.71,0.9,,,Metro_Keys,female,Kayla_Grenade,Kayla_Gun,Flash_Bang,,100,20,,/,,,,,,,5,360,,,50,,,,,,,,Blood,,156; 10; 10,standard: Blood_Death,human; temp-minrangepowershot,,suppressionImmune; garrison; noFireBlocking; shootThroughSoldiers; noExperience,,,,,,,3,,,,5,enabled,,preferredTransport: DR-8_Skyhook; disband: false,,,,,,,,,,,,,
Kayla_Doomed,3321,metro,,federation,ground,infantry,foot,,,19,,,,/,offset: 3.5,direct,2,1,,,Kayla_Doomed,0.7,,0.71,0.9,,,Metro_Keys,female,Fake_Weapon,,/,,1,0,,/,,,,,,,3,360,,,50,,,,,,,,Blood,deathSwitch: Kayla_Dying,156; 10; 10,standard: Blood_Death,human,,suppressionImmune; garrison; noFireBlocking; noExperience,,,,,,,3,,,,,enabled,,preferredTransport: DR-8_Skyhook,,,,,,,,,,,,,
Kayla_Dying,3322,metro,,federation,ground,infantry,static,,,19,,,,/,type: none; offset: 3.5,direct,2,1,,,Kayla_Dead,0.7,,0.71,0.9,,,Metro_Keys,female,/,,Kayla_Death,,/,/,,/,,,,,,,/,/,,,50,,,,,,,,Blood,,156; 10; 10,standard: Blood_Death,human,,inaccessible; noFireBlocking; noExperience; noCollider,,,,,,,3,,,,,enabled,,preferredTransport: DR-8_Skyhook,,,,,,exit: instant,,,,,,,
Bank_Robber,3325,metro,,gaia,ground,infantry,foot,,,51,,,,/,type: simple; offset: 3.5,direct,1,1,,,Robber_0,0.7,,1.76,1; 1.1,,,Metro_Robber,,Rifle 0,,/,,35,20,,/,,,,,,,3.9,360,,,70,,,,,,,,Blood,,156; 10; 10,standard: Blood_Death,human,,garrison,,,,,,,3,,,,1,enabled,,preferredTransport: DR-4_Viking; noPlayerInput: (),,,,,,,,,,,,,
Verhaegen,3326,metro,,federation,ground,infantry,foot,,,39,,,,/,offset: 5,direct,2,1,,,Tactical_Officer_0,0.7,,1.76,1.05; 1.1,,,Metro_Verhaegen,male,Verhaegen_Shot,Officer_Morita_MkIII_Grenade,Designate_Target,,80,0,,/,,,,,0.7,,3.9,360,,,50,,,,,,,,Blood,,156; 10; 10,standard: Blood_Death,human,,garrison; shootThroughSoldiers; noFireBlocking; noExperience,,,,,,,3,,,,1,enabled,,preferredTransport: DR-8_Skyhook; noPlayerInput: (),,,,,,,,,,,,,
Verhaegen_Cutscene,3333,metro,,federation,ground,infantry,foot,,,39,,,,/,offset: 5,direct,2,1,,,Tactical_Officer_0,0.7,,1.76,1.05; 1.1,,,Metro_Verhaegen,male,Verhaegen_Cutscene_Shot,,Verhaegen_Burst,,80,0,,/,,,,,0.7,,3.9,360,,,50,,,,,,,,Blood,,156; 10; 10,standard: Blood_Death,human,,garrison; shootThroughSoldiers; noFireBlocking; noExperience,,,,,,,3,,,,1,enabled,,preferredTransport: DR-8_Skyhook,,,,,,,,,,,,,
Peacekeeper_Drone,3268,metro,,federation,air,generic,rotor,,,/,none,,,/,type: none; offset: 2,direct,1,1,BigUnit 200,,Peacekeeper_Drone,0.7,,1.5,,,,,,Peacekeeper_Drone_Bomb,,/,,100,10,,/,,,,,,,10,300,,10,20,,,,,,,,Sparks,ragdoll: (),23; 139; 43,Flak_Explosion,inanimate,,suppressionImmune; inaccessible; noExperience; cannotCapture,,,,,,,,,,,2,,,,,,,,,,,,,,,,
Cloudburster_Drones,3225,metro,,federation,air,generic,rotor,,,/,none,,,mob; 0.9; 5,type: none,individual,1,4,individual avoidance=false force=20 separationradiusfactor=0.7,,Cloudburster_Drone,2,,1,0.7,,,,,Cloudburster_Drone_Shot,,/,,100,10,,/,,,,,,,10,300,100; pitch: 80 -80 10,10,20,,,,,,,,Sparks,ragdoll: (),23; 139; 43,Flak_Explosion,inanimate,,suppressionImmune; inaccessible; noExperience; cannotCapture,,aggressive,,,,,,,,,2,,,,,,,,,,,,,,,,
Electro_MG,20190,base,,federation; gaia,ground,electro_turret,fundament,,,80,,0,,/,offset: 4,direct,/,1,,,Electro-Autocannon,1.8,1,1.5,,,,Turret,male,Electro-Autocannon_Shot,,/,,500,50,granite,/,/,,15,,,10,/,/,80; pitch: 80 -20 90,,30,,,,,,,,Sparks,,,E_Turret_Death,electroTurret; gasImmune; repairable,,noCollider; alwaysVisible; noUnitCard; suppressionImmune; canSelfDestruct; overwatch; canPurchase,,,,,,,,,,,,,,,,,,,attack: turret,,,,,,,,flatGroundOnly: true; requiresTileSpacing: 2
Electro_Mortar,20200,base,,federation; gaia,ground,electro_turret,fundament,,,81,,1,,/,offset: 4,direct,/,1,,,Electro-Mortar,1.8,1,1.5,,,,Turret,male,Electro-Mortar_Shot,,/,,100,10,granite,/,/,,15,,,15,/,/,40,,30,,,,,,,,Sparks,,,E_Turret_Death,electroTurret; gasImmune; repairable,,noCollider; alwaysVisible; noUnitCard; suppressionImmune; canSelfDestruct; canPurchase,,,,,,,,,,,,,,,,,,,attack: turret,,,,,,,,flatGroundOnly: true; requiresTileSpacing: 2
Electro_Cannon,20230,base,,federation; gaia,ground,electro_turret,fundament,,,82,,2,,/,offset: 5.5,direct,/,1,,,Electro-Cannon,1.8,1,1.5,,1,,Turret,male,Electro-Cannon_Shot,,/,,150,30,granite,/,/,,15,,,15,/,/,60,,30,,,,,,,,Sparks,,,E_Turret_Death,electroTurret; gasImmune; repairable,,noCollider; alwaysVisible; noUnitCard; suppressionImmune; canSelfDestruct; canPurchase,,,,,,,,,,,,,,,,,,,attack: turret,,,,,,,,flatGroundOnly: true; requiresTileSpacing: 2
Electro_Launcher,3257,base,,federation; gaia,ground,electro_turret,fundament,,,83,,3,,/,offset: 5,direct,/,1,,,Electro-Launcher,1.8,1,1.5,,,,Turret,male,Electro-Launcher_Shot,,/,,150,30,granite,/,/,,20,,,20,/,/,60,,30,,,,,,,,Sparks,,,E_Turret_Death,electroTurret; gasImmune; repairable,,noCollider; alwaysVisible; noUnitCard; suppressionImmune; canSelfDestruct; canPurchase,,,,,,,,,,,,,,,,,,,attack: turret,,,,,,,,flatGroundOnly: true; requiresTileSpacing: 2
Auto_Turret,2004,metro,,federation,ground,structure,fundament,,,/,,,/,/,type: simple,direct,/,1,,,Auto_Turret,0.8,,,,,,,,Auto_Turret_Shot 0,,/,15 kill,40,10,,/,,,,,,,/,/,120; pitch: 120 -35 80,,30,,,,,#REF!,,,Sparks,ragdoll: (),,Deployable_turret_Death,inanimate,,noCollider; noUnitCard; noCollider; uncontrollable; noExperience; noEditor,,,,,,,,,,,,,,,,,,,attack: turret,,,,,,,,
Riot_Decoy,3226,metro,,federation,ground,structure,fundament,,,/,,,/,/,type: none,direct,/,1,,,Riot_Decoy,1,,,,,,,,,,/,12 kill,100000,10,,/,,,,,,,/,/,120; pitch: 120 -35 80,,30,,,,,#REF!,,,/,,,Turret_Explosion,inanimate,,noCollider; noUnitCard; noCollider; inaccessible; noEditor,,,,,,,,,,,,,,,,,,,,,,,,,,,
Peacekeeper_Gas_Cloud,3239,metro,,gaia,ground,device,static,,,/,none,,,/,type: none,direct,/,1,,,Gas_Pool,8,,0.1,,,,,,/,,Insecticide_Gas,18 remove,/,/,,,,,,,,,/,/,,,/,,,,,,,/,,,,,,,noCollider; noUnitCard; inaccessible; noEditor; alwaysVisible,,,,,,,,,,,,,,,,,,,,,,,,,,,
Hover_Gas_Cloud,3269,metro,,gaia,ground,device,static,,,/,none,,,/,type: none,direct,/,1,,,Gas_Pool,8,,0.1,,,,,,/,,Insecticide_Gas,18 remove,/,/,,,,,,,,,/,/,,,/,,,,,,,/,,,,,,,noCollider; noUnitCard; inaccessible; noEditor; alwaysVisible,,,,,,,,,,,,,,,,,,,,,,,,,,,
Talkie_Bomb,3259,metro,,federation,ground,device,static,,,/,none,,/,/,type: simple,direct,/,1,,,Battery_Bomb,0.5,,0.1,,,,,,/,,/,5 kill,100,0,,/,,,,,,,/,/,,,30,,,,,,,,Sparks,deathWeapon: Talkie_Bomb_Explosion,,,,,inaccessible; noEditor; noUnitCard; noCollider,,,,,,,,,,,,,,,,,,,,,,,,,,,
Camera_Drone,3317,metro,,federation,air,vehicle,rotor,,,/,none,,,/,,direct,1,1,BigUnit 200,,Recon_Drone,1,,1.5,0.7,,,,,/,,/,,100,10,,/,,,,,,,12,250,,10,30,,,,,,,,Green,ragdoll: (),23; 139; 43,Turret_Explosion,inanimate,,noAutoTarget; ragdollDeath; suppressionImmune; inaccessible; cannotCapture,,,,,,,,,,,,,,,,,,,,,,,,,,,
JAC_Explosives,3253,metro,,federation,ground,device,static,,,/,none,,/,/,type: simple,direct,/,1,,,JAC_Explosives,0.5,,0.1,1,,,,,/,,/,3 kill,/,/,,/,,,,,,,/,/,,,/,,,,,,,,Sparks,deathWeapon: JAC_Explosives_Shot,,Demolition_Explosion,,,noEditor; noUnitCard; noCollider; forceRogue; remainVisible,,,,,,,,,,,,,,,,,,,,,,,,,,,
Hostages,3250,metro,,gaia,ground,infantry,foot,,portrait_civilian,55,,,,mob; 0.3; 2.0,offset: 5,squad,2,12,,,Hostage_0; Hostage_1; Hostage_2,0.7,,1.76,1; 1.1,,,Generic_Humans,,/,,,,20,20,,3,,,,,,,3.9,360,,,70,,,,,,,,Blood,,156; 10; 10,standard: Blood_Death,human,,garrison; noFireBlocking,,,,,,,3,,,,1,enabled,,preferredTransport: DR-4_Viking; noPlayerInput: (),,,,,,,,,,,,,
Intro_Police_Squad,3251,metro,,federation,ground,infantry,foot,,,17,,,,checker; 0.2; 1.3; 1.3; 2,offset: 5,squad,1,8,,,Police_0; Police_1,0.7,,1.76,1; 1.1,,,Generic_Humans,,Intro_Police_Rifle 0,/,/,,50,0,,2,,,,,,,5,360,,,50,,,,,,,,Blood,,156; 10; 10,standard: Blood_Death,human,,garrison,,,,,,,3,,,,1,enabled,,preferredTransport: DR-8_Skyhook,,,,,,,,,,,,,
Police_Grenade_Unit,3255,metro,,federation; gaia,ground,device,static,,,/,none,,/,/,type: none,direct,/,1,,,Police_Grenade,0.5,,0.1,,1,,,,/,,Police_Grenade_Fire,5 kill,1,0,,/,,,,,,,/,/,,,20,,,,,,,,Sparks,/,,,,,noEditor; alwaysVisible; noCollider; forceRogue; nightVision; invulnerable; inaccessible,,,,,,,,,,,,,,,,,,,,,,,,,,,
,,,,,,,,,,,,,,,,,,,,,,,,,,,,,,,,,,/,,,,,,,,,,,,,,,,,,,,,,,,,,,,,,,,,,,,,,,,,,,,,,,,,,,,,,,
,,,,,,,,,,,,,,,,,,,,,,,,,,,,,,,,,,/,,,,,,,,,,,,,,,,,,,,,,,,,,,,,,,,,,,,,,,,,,,,,,,,,,,,,,,
Burster_Bug,3237,metro,,arachnid,ground,horde,claw,Burster_Bug,,90,,,,/,type: simple; offset: 6,direct,2,1,,0.75,Cracker_Bug,5,,3,1,,,,,Burster_Bug_Shot,,/,,200,40,,1,,,,,,4,4,104,,,40,,,,,,,,Green,ragdoll: (); bloodTexture: 2; deathWeapon: Burster_Bug_Explode,,,druggedSpitterPrio; mindControllable,,suppressionResistant; ragdollDeath,,aggressive,attribute: eradicators,,,,,,,,,enabled,,,spawnType: burrow,,,,,,,,,,,,
Hornet_Bugs,3241,metro,,arachnid,air,swarm,wing,Hornet_Bugs,,88,,,,mob; 0.9; 5,type: none,individual,1,3,individual avoidance=false force=20 separationradiusfactor=0.7,0.25,Locust_Bug,2,,1.5,1,,,Locust,,Hornet_Shot,,/,,70,20,,3,,,,,,3,6,500,,6,50,,,,,,,,Orange,ragdoll: (crashEffect: Crash_Impact),195; 196; 69,standard: Orange_Death,druggedSpitterPrio; mindControllable,,suppressionImmune,,aggressive,attribute: eradicators,,,,,,,,,enabled,,,spawnType: burrow,,,,,,,,,,,,
Hornet_Nest,3252,metro,,arachnid; gaia,ground,cavern,fundament,Hornet_Bugs,,97,,,,/,type: simple; offset: 7,direct,/,1,,,Locust_Nest,8,2,6,,1,,,,/,,/,,250,40,granite,/,,,,,,,/,/,,,30,,/,2,,,,,Dust,deathSwitch: Hornet_Nest_Collapsed,,,structure,,baseHeight; noUnitCard; tileBlocking; alwaysVisible,,,,,,,,,,respawnTime: 6; spawnBehaviour: PerSoldier; unitTypeIdsToSpawn: Hornet_Bugs,,enabled,,,spawnType: burrow,,,,,,,,,,,,
Hornet_Nest_Collapsed,3217,metro,,gaia,ground,cavern,fundament,,,97,none,,,/,type: none,direct,/,1,,,Locust_Nest_Destroyed,0.1,,0,,,,,,/,,/,,/,/,,/,,,,,,,/,/,,,/,,/,/,,,,,Dust,,,,structure,,baseHeight; noUnitCard; noAutoTarget; alwaysVisible; forceGaia; inaccessible; noCollider,,,,,,,,,,,,enabled,,,spawnType: burrow,,,,,,,,,,,,
Hornet_Tanker_Bug,3001,metro,,arachnid,ground,horde,claw,Hornet_Tanker_Bug,,89,,,,/,type: simple; offset: 7,direct,/,1,BigUnit 20,,Locust_Queen,8,,3.7,,1,,Tanker,,Locust_Tanker_Invisible,,/,,700,90,,6,,,,,,,3,70,360,,45,,,10,,,,,Green,bloodTexture: 1,233; 126; 12,standard: Tanker_Death,,,suppressionImmune; bigCollisionLayer,,aggressive,,,,,,,,,,enabled,,,spawnType: burrow,,,spawn: (type: hornet_bugs; interval: 1.3; amount: 9); followRange: 3; onDeath: (type: hornet_bugs; amount: 6); returner: (maxRange: 50; minRange: 35); teleportBackRange: 120,,exit: burrow,,,,,,,
Ravager_Bug,3214,metro,,arachnid,ground,behemoth,foot,Ravager_Bug,,91,,,,/,type: simple; offset: 7,direct,2,1,BigUnit 50,,Plasma_Guard_Bug,4,,3.5,1.8,,,Plasma_Guard,male,Plasma_Guard_Plasma,,Ravager_Bash,,500,90,,5,,,,,,,4,100,,,50,,,,,Ravager_Bug_Melee,,,Orange,deathSwitch: Ravager_Bug_Melee,233; 126; 12,Plasma_Guard_Lose_Tail,mindControllable,,suppressionImmune; bigCollisionLayer; overwatch; canAttackAllClearableBuildings,,aggressive,attribute: eradicators,,,,,,,,,enabled,,,spawnType: burrow,,,,,,,,,,,,
Ravager_Bug_Melee,3215,metro,,arachnid,ground,behemoth,foot,Ravager_Bug,,92,,,,/,type: simple; offset: 7,direct,2,1,BigUnit 50,,Plasma_Guard_Bug_Melee,4,,3.5,1.8,,,Plasma_Guard_Melee,male,Plasma_Guard_Claws,,Ravager_Melee_Spawn,,200,160,,5,,,,,,,4.5,300,,,50,,,,,,,,Orange,,233; 126; 12,,mindControllable,,suppressionImmune; bigCollisionLayer; noEditor,,aggressive,attribute: eradicators,,,,,,,,,enabled,,,spawnType: burrow,,,,,,,,,,,,
,,,,,,,,,,,,,,,,,,,,,,,,,,,,,,,,,,/,,,,,,,,,,,,,,,,,,,,,,,,,,,,,,,,,,,,,,,,,,,,,,,,,,,,,,,
Elevator,3240,metro,,gaia,ground,marker,static,,,76,none,,,/,type: none,direct,/,1,,,Elevator_Entrance,2,1,2.5,,,,,,/,,/,,/,/,,,,,,,,,/,/,,,/,,,2,attribute: human,,,,,,,,,1,noCollider; alwaysVisible; forceGaia; onlyUseColliderForHoverDetection,position: grid; facing: tile,,,,,,,,,,,,,,,,,,,,,,,,,,blockConstruction: true
,,,,,,,,,,,,,,,,,,,,,,,,,,,,,,,,,,/,,,,,,,,,,,,,,,,,,,,,,,,,,,,,,,,,,,,,,,,,,,,,,,,,,,,,,,
Control_Tower,3301,metro,,federation; gaia,ground,structure,static,,,41,none,,,/,type: simple; offset: 16,direct,/,1,,,Control_Tower,4,2,8,1,6,,,,/,,/,,2000,20,,,,,,,,,/,/,,,30,,,,,,,,Sparks,,,Bunker_Explosion,solid,,baseHeight; noUnitCard; alwaysVisible; tileBlocking,facing: tile,,,,,,,,,,,,,,,,,,,,,,,,,,blockConstruction: true
,,,,,,,,,,,,,,,,,,,,,,,,,,,,,,,,,,/,,,,,,,,,,,,,,,,,,,,,,,,,,,,,,,,,,,,,,,,,,,,,,,,,,,,,,,
Drawbridge_Closed,3302,metro,,gaia,ground,structure,static,,,66,none,,/,/,type: none; offset: 7,direct,/,1,,,Drawbridge_Closed,6,2 1,3,,1,1,,,,,Drawbridge_Open,,/,/,,/,,,,,,,/,/,,,/,,,,,Drawbridge_Open,,,/,deathSwitch: Gate_Destroyed,,,solid; inanimate,,baseHeight; noUnitCard; alwaysVisible; noCollider; tileBlocking; isClearableBuilding,facing: tile,,,,,,,,,,,,,,,,,,,,,,,,,,blockConstruction: true
Drawbridge_Open,3304,metro,,gaia,ground,structure,static,,,66,none,,/,/,type: none; offset: 7,direct,/,1,,,Drawbridge_Open,6,2 1,3,,,,,,/,,Drawbridge_Close,,/,/,,/,,,,,,,/,/,,,/,,,,,Drawbridge_Closed,,,/,deathSwitch: Gate_Destroyed,,,solid; inanimate,,baseHeight; noUnitCard; noAutoTarget; alwaysVisible; noCollider,facing: tile,,,,,,,,,,,,,,,,,,,,,,,,,,blockConstruction: true
,,,,,,,,,,,,,,,,,,,,,,,,,,,,,,,,,,/,,,,,,,,,,,,,,,,,,,,,,,,,,,,,,,,,,,,,,,,,,,,,,,,,,,,,,,
Explosive_Device_Ghost,3305,base,,federation; gaia,ground,device,static,,,40,none,,,/,type: simple,direct,2,1,,,Nuke_Device_Ghost,1,,0.1,1,,,,,/,,/,,200,/,,/,/,,/,,,40,/,/,,,/,,,,,Explosive_Device_Armed,,,/,,,,repairable,,noUnitCard; remainVisible; invulnerable; noCollider,,,,,,,,,,,,,,,,,,,,,,,,,,,blockConstruction: true
Explosive_Device_Armed,3306,base,,federation; gaia,ground,device,static,,,40,none,,,/,type: none,direct,/,1,,,Nuke_Device_Armed,1,,0.1,,,,,,/,,/,,100,/,,/,/,,/,,,/,/,/,,,/,,,,,,,,/,deathWeapon: Nuke_Device_Explosion,,,,,noUnitCard; remainVisible; invulnerable; noCollider,,,,,,,,,,,,,,,,,,,,,,,,,,,blockConstruction: true
,,,,,,,,,,,,,,,,,,,,,,,,,,,,,,,,,,/,,,,,,,,,,,,,,,,,,,,,,,,,,,,,,,,,,,,,,,,,,,,,,,,,,,,,,,
Materiel_Cache,3311,base,,federation; gaia,ground,structure,static,,,141,materiel,,/,/,,direct,/,1,,,Material_Cache,3,1,1.737,,,,,,/,,/,,/,/,,/,,,,materiel: 15,,,/,/,,,/,,,,,,,,/,,,,,,alwaysVisible; noUnitCard; tileBlocking; noAutoTarget; captureUndeploy; noFireBlocking,facing: tile,,,,,,,,,,,enabled,,preferredTransport: Drop_Pod,,,,,,exit: instant,,,,,,,blockConstruction: true
Materiel_Depot,3315,base,,federation; gaia,ground,structure,static,,,142,none,,/,/,offset: 5.5,direct,/,1,,,Materials_Depot,8,2,1.737,,1,1,,,/,,/,,/,/,,/,,,,materiel: 40,,,/,/,,,/,,,,,,,,Sparks,,,,solid; inanimate,,baseHeight; noUnitCard; alwaysVisible; noCollider; tileBlocking,facing: tile,,,,,,,,,,,,,,,,,,,,,,,,,,blockConstruction: true
Materiel_Depot_Destroyed,3316,base,,federation; gaia,ground,structure,static,,,142,none,,/,/,offset: 5.5,direct,/,1,,,Materials_Depot_Destroyed,8,2,1.737,,,,,,/,,Repair_To_Default,,1000; onDeployOrSwitch: 1,/,,/,,,,,,10,/,/,,,/,,,,,Materiel_Depot,,,Sparks,,,,solid; inanimate; repairable,,baseHeight; noUnitCard; noAutoTarget; alwaysVisible; noCollider; invulnerable,facing: tile,,,,,,,,,,,,,,,,,,,,,,,,,,blockConstruction: true
AA_Battery_Ghost,3309,base,,federation,ground,structure,static,,,53,none,,/,/,offset: 6,direct,/,1,,,AA_Battery_Ghost,4,2,,,1,,,,/,,Repair_To_Default,,100; onDeployOrSwitch: 1,/,,/,/,/,,,,10,/,/,,,/,,,,,AA_Battery,,,/,,,,repairable,,noUnitCard; alwaysVisible; tileBlocking; invulnerable,facing: tile,,,,,,,,,,,,,,,,,,,,,,,,,,blockConstruction: true
AA_Battery,3310,base,,federation,ground,structure,static,,,53,none,,/,/,offset: 6,direct,/,1,,,AA_Battery,4,2,,,1,,Turret,male,AA_Battery_Volley,,/,,500,20,,/,,,,,,,/,/,60; pitch: 10 -13 30,,50,,,,,,,,Sparks,deathSwitch: AA_Battery_Destroyed,,AA_Battery_Death,armored; repairable,,noUnitCard; alwaysVisible; tileBlocking,facing: tile,,,,,,,,,,,,,,,,,,,,,,,,,,blockConstruction: true
AA_Battery_Destroyed,3299,base,,federation,ground,structure,static,,,53,none,,/,/,offset: 6,direct,/,1,,,AA_Battery_Destroyed,4,2,,,1,,,,/,,Repair_To_Default,,500; onDeployOrSwitch: 1,/,,/,,,,,,,/,/,,,/,,,,,AA_Battery,,,Sparks,,,,armored; repairable,,noUnitCard; alwaysVisible; tileBlocking; invulnerable,,,,,,,,,,,,,,,,,,,,,,,,,,,blockConstruction: true
AA_Battery_Invincible,3320,base,,federation,ground,structure,static,,,53,none,,/,/,offset: 6,direct,/,1,,,AA_Battery,4,2,,,1,,Turret,male,AA_Battery_Volley,,/,,100,/,,/,,,,,,,/,/,60; pitch: 10 -13 30,,50,,,,,,,,Sparks,,,,armored,,noUnitCard; alwaysVisible; tileBlocking; invulnerable,facing: tile,,,,,,,,,,,,,,,,,,,,,,,,,,blockConstruction: true
Dropship_Invisible,3307,base,,federation,air,transport_air,static,,,59,,,/,/,type: none,direct,,1,,,Door_Dropship,12,,,,,,,,/,,/,,/,0,,/,,,,,,,39,130,,,10,,,10,,,,,/,,,,,,noEditor; inaccessible; dropship,,,,,,,,,animated; landAnim: 2.5 (ability: 0 door_dropsite_switch); takeoffAnim: 2.6 (ability: 0 door_dropsite_switch),,,,,,,,,,,,,,,,,,
Door_Drop_Site_Closed,3308,base,,federation; gaia,ground,structure,static,,,66,none,,/,/,type: none; offset: 6,direct,/,1,,,Door_Drop_Site,,2,/,,,,,,/,,Door_DropSite_Switch,,/,0,,/,,,,,,,/,/,,,/,,,,,Door_Drop_Site_Open,,,/,,,,,,baseHeight; inaccessible; alwaysVisible; noCollider,position: grid; facing: tile,,,,,,,,,,,,padType: door; overrideTransportType: Dropship_Invisible,,,,,,,,,,,,,,blockConstruction: true
Door_Drop_Site_Open,3318,base,,federation; gaia,ground,structure,static,,,66,none,,/,/,type: none; offset: 6,direct,/,1,,,Door_Drop_Site_Open,,2,/,,,,,,/,,Door_DropSite_Switch,,/,0,,/,,,,,,,/,/,,,/,,,,,Door_Drop_Site_Closed,,,/,,,,,,baseHeight; inaccessible; alwaysVisible; noCollider; noEditor,position: grid; facing: tile,,,,,,,,,,,,padType: door; overrideTransportType: Dropship_Invisible,,,,,,,,,,,,,,blockConstruction: true
Destructable_Alarm,3324,base,,federation; gaia,ground,structure,static,,,68,,,,/,type: simple,direct,/,1,,,Electro-Battery,1.8,1,0.5,,,,,,/,,/,,200,/,,/,/,/,,,,/,/,/,,,/,,,,,,,,Sparks,,,Flak_Explosion,,,noUnitCard; tileBlocking; alwaysVisible,,,,,,,,,,,,,,,,,,,,,,,,,,,blockConstruction: true
Brain_Lair_Water_Plane_Low,3327,base,,gaia,ground,generic,static,,,66,none,,/,/,type: none,direct,/,1,,,Brain_Lair_Water_Plane_Low,6,13,1,,,,,,,,Water_Plane_Rise,,/,/,,/,,,,,,,/,/,,,/,,,,,Brain_Lair_Water_Plane_High,,,/,deathSwitch: Gate_Destroyed,,,,,inaccessible; baseHeight; noUnitCard; alwaysVisible,facing: tile,,,,,,,,,,,,,,,,,,,,,,,,,,
Brain_Lair_Water_Plane_High,3328,base,,gaia,ground,generic,static,,,66,none,,/,/,type: none,direct,/,1,,,Brain_Lair_Water_Plane_High,6,13,1,,,,,,/,,Water_Plane_Lower,,/,/,,/,,,,,,,/,/,,,/,,,,,Brain_Lair_Water_Plane_Low,,,/,deathSwitch: Gate_Destroyed,,,,,inaccessible; baseHeight; noUnitCard; alwaysVisible,facing: tile,,,,,,,,,,,,,,,,,,,,,,,,,,
Water_Drips,3329,metro,,gaia,ground,generic,static,,,67,none,,,/,type: none,direct,/,1,,,Water_Flow_Ceiling,,1,/,,,,,,/,,/,,/,/,,,,,,,,,/,/,,,/,,,,,,,,/,,,,,,inaccessible; alwaysVisible; noCollider,position: grid; facing: tile,,,,,,,,,,,,,,,,,,,,,,,,,,
Water_Pipe_On,3330,metro,,gaia,ground,generic,static,,,67,none,,,/,type: none,direct,/,1,,,Water_Pipe_On,,1,/,,,,,,/,,/,,/,/,,,,,,,,,/,/,,,/,,,,,,,,/,,,,,,inaccessible; alwaysVisible; noCollider,position: grid; facing: tile,,,,,,,,,,,,,,,,,,,,,,,,,,
Water_Pipe_Off,3331,metro,,gaia,ground,generic,static,,,67,none,,,/,type: none,direct,/,1,,,Water_Pipe_Off,,1,/,,,,,,/,,/,,/,/,,,,,,,,,/,/,,,/,,,,,,,,/,,,,,,inaccessible; alwaysVisible; noCollider,position: grid; facing: tile,,,,,,,,,,,,,,,,,,,,,,,,,,
Light_White,3332,base,,gaia,ground,generic,static,,,67,none,,,/,type: none,direct,/,1,,,Light_White,,,/,,,,,,/,,/,,/,/,,,,,,,,,/,/,,,/,,,,,,,,/,,,,,,inaccessible; alwaysVisible; noCollider,,,,,,,,,,,,,,,,,,,,,,,,,,,
,,,,,,,,,,,,,,,,,,,,,,,,,,,,,,,,,,/,,,,,,,,,,,,,,,,,,,,,,,,,,,,,,,,,,,,,,,,,,,,,,,,,,,,,,,
,,,,,,,,,,,,,,,,,,,,,,,,,,,,,,,,,,/,,,,,,,,,,,,,,,,,,,,,,,,,,,,,,,,,,,,,,,,,,,,,,,,,,,,,,,
// TERRITORY MODE,,,,,,,,,,,,,,,,,,,,,,,,,,,,,,,,,,/,,,,,,,,,,,,,,,,,,,,,,,,,,,,,,,,,,,,,,,,,,,,,,,,,,,,,,,
,,,,,,,,,,,,,,,,,,,,,,,,,,,,,,,,,,/,,,,,,,,,,,,,,,,,,,,,,,,,,,,,,,,,,,,,,,,,,,,,,,,,,,,,,,
Territory_Base_Captured,4004,base,,federation; gaia,ground,station,static,,,138,base,,/,/,offset: 5.5,direct,/,1,,,Territory_Base,8,2,2.5,,1,1,,,/,,/,,2000,/,,/,,,,,,120,/,/,,,35,,,,,,,,Sparks,deathWeapon: Nuke_Device_Explosion; deathSwitch: Territory_Base_Destroyed,,,inanimate; repairable; immuneToPlasmaBug,1,baseHeight; alwaysVisible; tileBlocking; station; nightVision,facing: tile,,,,,,,,,,,,,,,,,,attack: base,,,,,,,,blockConstruction: true
Territory_Base_Neutral,4084,base,,federation; gaia,ground,structure,static,,,138,base,,/,/,offset: 5.5,direct,/,1,,,Territory_Base,8,2,2.5,,1,1,,,/,,OnCapture_Switch,,/,/,,/,,,,,,,/,/,,,/,,12,,,Territory_Base_Captured,,,Sparks,,,,inanimate,,baseHeight; alwaysVisible; tileBlocking; station; capturable; invulnerable; forceGaia; noUnitCard,facing: tile,,,,,,,,,,,,,,,,,,,,,,,,,,blockConstruction: true
Territory_Base_Autocannon,1130,base,,federation; gaia,ground,station,static,,,138,base,,/,/,type: simple; offset: 5.5,direct,/,1,,,Territory_Base_Autocannon,8,2,2.5,,1,1,,,Electro-Autocannon_Shot,,/,,2000,/,,/,,,,,,120,/,/,80; pitch: 80 -20 90,,35,,,,,,,,Sparks,deathWeapon: Nuke_Device_Explosion; deathSwitch: Territory_Base_Destroyed,,,inanimate; repairable,1,baseHeight; alwaysVisible; tileBlocking; station; nightVision; overwatch; noFireBlocking,facing: tile,,,,,,,,,,,,,,,,,,attack: base,,,,,,,,blockConstruction: true
Territory_Base_Destroyed,4005,base,,federation; gaia,ground,structure,static,,,138,base,,/,/,type: none; offset: 6,direct,/,1,,,Territory_Base,8,2,2.5,,1,1,,,/,,/,,/,/,,/,,,,,,,/,/,,,/,,,,,Territory_Base_Captured,,,Sparks,,,,inanimate,,baseHeight; alwaysVisible; tileBlocking; noEditor; forceGaia; noUnitCard,facing: tile,,,,,,,,,,,,,,,,,,,,,,,,,,blockConstruction: true
Territory_Point_Captured,4002,base,,federation,ground,station,static,,,67,point,,/,/,type: simple; offset: 5,direct,/,1,,,Territory_Point,3.5,1,1.737,,,,,,/,,/,,200,/,,/,,,,,,10,/,/,,,20,,,,,,,,Sparks,deathSwitch: Territory_Point_Neutral,,,inanimate; repairable; immuneToPlasmaBug,,noUnitCard; alwaysVisible; tileBlocking; noFireBlocking,facing: fixed 90; force: true,,,,,,,,,,,,,,,,,,attack: territory,,,,,,,,blockConstruction: true
Territory_Point_Neutral,4003,base,,federation; gaia,ground,structure,static,,,67,point,,/,/,type: simple; offset: 5,direct,/,1,,,Territory_Point_Uncaptured,3.5,1,,,,,,,/,,OnCapture_Switch,,/,/,,/,,,,,,,/,/,,,/,,10,,,Territory_Point_Captured,,,Sparks,,,,inanimate,,noUnitCard; alwaysVisible; tileBlocking; noFireBlocking; capturable; invulnerable; forceGaia,facing: fixed 90; force: true,,,,,,,,,,,,,,,,,,,,,,,,,,blockConstruction: true
Territory_Point_Uncapturable,4009,base,,federation; gaia; arachnid,ground,structure,static,,,67,point,,/,/,type: simple; offset: 5,direct,/,1,,,Territory_Point_Uncaptured,3.5,1,,,,,,,/,,OnCapture_Switch,,/,/,,/,,,,,,,/,/,,,/,,/,,,,,,Sparks,,,,inanimate,,noUnitCard; alwaysVisible; tileBlocking; noFireBlocking; invulnerable,facing: fixed 90; force: true,,,,,,,,,,,,,,,,,,,,,,,,,,blockConstruction: true
Territory_Bug_Lair,4007,base,,arachnid; gaia,ground,cavern,fundament,,,126,,,,/,type: simple; offset: 4,direct,/,1,,,Bug_Lair; lava:Bug_Lair_Lava,8,2,3,,,,,,/,,/,,250,45,granite,,,,,,,,/,/,,,8,,/,8,,,,,Dust,deathSwitch: Bug_Lair_Collapsed,,Tunnel_Collapse,structure,,baseHeight; noUnitCard; tileBlocking; remainVisible; noCollider,,,,,,,,,,,,enabled,,,spawnType: burrow,,,,,,,,,,,,blockConstruction: true
Brood_Chamber_Ghost,4065,base,,arachnid; gaia,ground,cavern,fundament,,,97,,,,/,type: simple; offset: 7,direct,/,1,,,Brood_Nest_Ghost,8,2,4,,,,,,/,,/,,400,0,,,,,,,,15,/,/,,,/,,,,,,,,,,,,structure,,baseHeight; noUnitCard; tileBlocking; alwaysVisible; invulnerable,,,,,,,,,,,,,,,,,,,,,,,,,,,blockConstruction: true
Territory_Speediots,4008,base,,arachnid,ground,horde,claw,Chariot_Bugs,chariot_bug,121,chariots,,,mob; 0.6; 2,type: none,individual,2,8,individual,0.15,Chariot_Bug_0,1.5,,0.62,0.8; 1,,,Chariot,,Chariot_Claws,,/,,40,30,,1,,,,,,5,3.5,250,,,40,,,,,Chariot_Bugs_Burrowed,,,Yellow,,244; 205; 77,standard: Yellow_Death,mindControllable,,garrison; canAttackAllClearableBuildings,,aggressive,,,,,,,,,,enabled,,,spawnType: burrow,,,,,,,,,Chariot_Construction,,construct: brood_chamber_ghost,
Territory_Incursion_Active,177,base,,arachnid; gaia,ground,cavern,fundament,,,97,none,,,/,type: simple; offset: 7,direct,/,1,,,Bug_Tunnel_Small ;lava:Bug_Tunnel_Small_Lava ; jungle:Bug_Tunnel_Small_Jungle,4,2 1,4,,,,,,/,,/,,/,/,,,,,,,,,/,/,,,20,,35,10,,,,,Dust,deathSwitch: Brood_Chamber_Collapsed,,Brood_Chamber_Collapse,structure,1,baseHeight; noUnitCard; alwaysVisible; noCollider; inaccessible,facing: tile,,,,,,,,,,,,,,,,,,,,,,,,,,blockConstruction: true
Territory_Incursion_Dormant,178,base,,arachnid; gaia,ground,cavern,fundament,,,97,none,,,/,type: simple; offset: 7,direct,/,1,,,Bug_Tunnel_Small ;lava:Bug_Tunnel_Small_Lava ; jungle:Bug_Tunnel_Small_Jungle,4,2 1,4,,,,,,/,,/,,/,/,,,,,,,,,/,/,,,20,,35,10,,,,,Dust,deathSwitch: Brood_Chamber_Collapsed,,Brood_Chamber_Collapse,structure,1,baseHeight; noUnitCard; alwaysVisible; noCollider; inaccessible,facing: tile,,,,,,,,,,,,,,,,,,,,,,,,,,blockConstruction: true
AI_Region_Marker,176,base,,arachnid,ground,marker,static,,,67,none,,,/,type: none,direct,/,1,,,Flag,2,,3,2,,,,,/,,/,,/,/,,,,,,,,,/,/,,,/,,,,,,,,Sparks,,,,,,usePlayerColor,,,,,,,,,,,,,,,,,,,,,,,,,,,blockConstruction: true
Territory_Delivery_Platform,3501,base,,federation; gaia,ground,platform,static,,,103,none,1,/,/,offset: 5.5,direct,/,1,,,Delivery_Platform,8,2,1.737,,,,,,/,,/,,/,/,,/,/,,,,,,/,/,,,16,,,,,,,Bug_Tunnel,Sparks,,,,,,baseHeight; alwaysVisible; noUnitCard; tileBlocking,facing: tile,,,,,,,,,,,,,,,,,,,,,,,,,,blockConstruction: true
Territory_Supply_Platform,3500,base,,federation; gaia,ground,platform,static,,,102,none,1,/,/,offset: 5.5,direct,/,1,,,Supply_Platform,8,2,1.737,,1,1,,,/,,/,,/,/,,/,/,,,supply: 5,,,/,/,,,16,,,,,,,Bug_Tunnel,Sparks,,,,,1,baseHeight; alwaysVisible; noUnitCard; tileBlocking,facing: tile,,,,,,,,,,,,,,,,,,,,,,,,,,blockConstruction: true
Territory_Materiel_Depot,1142,base,,federation; gaia,ground,platform,static,,,142,none,1,/,/,offset: 5.5,direct,/,1,,,Materials_Depot,8,2,1.737,,1,1,,,/,,/,,/,/,,/,,,,materiel: 60,,,/,/,,,/,,,,,,,Bug_Tunnel,Sparks,,,,solid; inanimate,1,baseHeight; noUnitCard; alwaysVisible; noCollider; tileBlocking,facing: tile,,,,,,,,,,,,,,,,,,,,,,,,,,blockConstruction: true
Territory_Supply_Platform_Armed,1155,base,,federation; gaia,ground,platform,static,,,102,none,1,/,/,offset: 6.5,direct,/,1,,,Supply_Platform_Turret,8,2,1.737,,1,1,,,Electro-Cannon_Range_Shot,,/,,/,/,,/,/,,,supply: 5,,,/,/,80; pitch: 80 -20 90,,25,,,,,,,Bug_Tunnel,Sparks,,,,,1,baseHeight; alwaysVisible; noUnitCard; tileBlocking; overwatch; noFireBlocking,facing: tile,,,,,,,,,,,,,,,,,,,,,,,,,,blockConstruction: true
Territory_Power_Turbine_Disabled,2053,base,,federation; gaia,ground,structure,fundament,,,68,none,,,/,type: simple,direct,/,1,,,Power_Turbine,12,3 3,4.6,,5,,,,/,,territory_enable_generator,,1500,20,,,,,,,,30,/,/,,,14,,,,,Territory_Power_Turbine,,,Sparks,deathSwitch: Territory_Power_Turbine_Damaged,,Bunker_Explosion,solid; repairable,,noUnitCard; noCollider; tileBlocking; alwaysVisible,facing: tile,,,,,,,,,,,,,,,,,,,,,,,,,,blockConstruction: true
Territory_Power_Turbine,2035,base,,federation; gaia,ground,structure,fundament,,,68,none,,,/,type: simple,direct,/,1,,,Power_Turbine,12,3 3,4.6,,5,,,,/,,/,,1500,20,,,,,,,,30,/,/,,,14,,,,,,,,Sparks,deathSwitch: Territory_Power_Turbine_Damaged,,Bunker_Explosion,solid; repairable,,noUnitCard; noCollider; tileBlocking; alwaysVisible,facing: tile,,,,,,,,,,,,,,,,,,,,,,,,,,blockConstruction: true
Territory_Power_Turbine_Damaged,2047,base,,federation; gaia,ground,structure,fundament,,,68,none,,,/,type: simple,direct,/,1,,,Power_Turbine_Damaged,12,3 3,4.6,,5,,,,/,,/,,1500,20,,,,,,,,30,/,/,,,14,,,,,,,,Sparks,,,,solid; repairable,,noUnitCard; noCollider; noAutoTarget; tileBlocking; alwaysVisible; invulnerable,facing: tile,,,,,,,,,,,,,,,,,,,,,,,,,,blockConstruction: true
Territory_Power_Turbine_Completed,2057,base,,federation; gaia,ground,structure,fundament,,,68,none,,,/,type: simple,direct,/,1,,,Power_Turbine,12,3 3,4.6,,5,,,,/,,/,,1500,20,,,,,,,,30,/,/,,,14,,,,,,,,Sparks,deathSwitch: Territory_Power_Turbine_Damaged,,Bunker_Explosion,solid,,noUnitCard; noCollider; noAutoTarget; tileBlocking; alwaysVisible; invulnerable,facing: tile,,,,,,,,,,,,,,,,,,,,,,,,,,blockConstruction: true
Territory_Wavebreaker_Disabled,2155,base,,federation; gaia,ground,structure,fundament,,,68,none,,,/,type: simple; offset: 7,direct,/,1,,,Wave_Breaker,4,2,4.6,1.8,5,,,,/,,territory_enable_generator,,1500,20,,,,,,,,30,/,/,,,14,,,,,Territory_Wavebreaker,,,Sparks,deathSwitch: territory_wavebreaker_ghost,,Bunker_Explosion,solid; repairable,,noUnitCard; noCollider; tileBlocking; alwaysVisible,facing: tile,,,,,,,,,,,,,,,,,,,,,,,,,,blockConstruction: true
Territory_Wavebreaker_Ghost,2159,base,,federation,ground,structure,fundament,,,53,none,,/,/,type: simple; offset: 7,direct,/,1,,,Wave_Breaker_Ghost,4,2,4.6,1.8,5,,,,/,,Repair_To_Default,,100; onDeployOrSwitch: 1,/,,/,/,/,,,,20,/,/,,,/,,,,,Territory_Wavebreaker,,,/,,,,repairable,,noUnitCard; alwaysVisible; tileBlocking; invulnerable,facing: tile,,,,,,,,,,,,,,,,,,,,,,,,,,blockConstruction: true
Territory_Wavebreaker,2156,base,,federation,ground,structure,fundament,,,53,,,/,/,offset: 7,direct,/,1,,,Wave_Breaker,4,2,4.6,1.8,5,,Turret,male,Wavebreaker_Volley,,/,,1000,80,,/,,,,,,60,/,/,20; pitch: 10 -13 30,,50,,,,,,,,Sparks,deathSwitch: territory_wavebreaker_ghost,,Bunker_Explosion,armored; repairable,,noUnitCard; tileBlocking,facing: tile,,,,,,,,,,,,,,,,,,attack: turret,,,,,,,,flatGroundOnly: true; requirePavement: true; blockConstruction: true
Territory_Wavebreaker_Damaged,2157,base,,federation,ground,structure,fundament,,,53,,,,/,type: simple; offset: 7,direct,/,1,,,Wave_Breaker_Damaged,14,2,4.6,1.8,5,,,,/,,/,,1000,80,,,,,,,,60,/,/,,,50,,,,,,,,Sparks,,,,armored; repairable,,noUnitCard; noCollider; noAutoTarget; tileBlocking; alwaysVisible; invulnerable,facing: tile,,,,,,,,,,,,,,,,,,,,,,,,,,blockConstruction: true
Territory_Wavebreaker_Completed,2158,base,,federation; gaia,ground,structure,fundament,,,68,none,,,/,offset: 7,direct,/,1,,,Wave_Breaker,14,2,4.6,1.8,5,,Turret,male,Wavebreaker_Volley,,/,,1500,20,,,,,,,,30,/,/,20; pitch: 10 -13 30,,50,,,,,,,,Sparks,deathSwitch: Territory_Wavebreaker_Damaged,,Bunker_Explosion,solid,,noUnitCard; noCollider; noAutoTarget; tileBlocking; alwaysVisible; invulnerable,facing: tile,,,,,,,,,,,,,,,,,,,,,,,,,,blockConstruction: true
Territory_Lava_Pump_Disabled,4082,lava,,federation; gaia,ground,structure,fundament,,,41,none,,,/,type: simple; offset: 8,direct,/,1,,,Pumping_Station,14,4,8,1,,,,,/,,territory_enable_lavapump,,2000,20,,,,,,,,30,/,/,,,30,,,,,Territory_Lava_Pump_Active,,,Sparks,deathSwitch: Territory_Lava_Pump_Destroyed,,Bunker_Explosion,solid; repairable,,baseHeight; noUnitCard; alwaysVisible; tileBlocking,facing: tile,,,,,,,,,,,,,,,,,,,,,,,,,,blockConstruction: true
Territory_Lava_Pump_Active,4081,lava,,federation; gaia,ground,structure,fundament,,,41,none,,,/,type: simple; offset: 8,direct,/,1,,,Pumping_Station_Active,14,4,8,1,,,,,/,,/,,2000,20,,,,,,,,30,/,/,,,30,,,,,,,,Sparks,deathSwitch: Territory_Lava_Pump_Destroyed,,Bunker_Explosion,solid; repairable,,baseHeight; noUnitCard; alwaysVisible; tileBlocking,facing: tile,,,,,,,,,,,,,,,,,,,,,,,,,,blockConstruction: true
Territory_Lava_Pump_Destroyed,4083,lava,,federation; gaia,ground,structure,fundament,,,41,none,,,/,type: simple; offset: 8,direct,/,1,,,Pumping_Station_Destroyed,14,4,8,1,,,,,/,,/,,2000,20,,,,,,,,30,/,/,,,/,,,,,,,,Sparks,,,,solid; repairable,,baseHeight; noUnitCard; noAutoTarget; alwaysVisible; tileBlocking; invulnerable,facing: tile,,,,,,,,,,,,,,,,,,,,,,,,,,blockConstruction: true
Territory_Lava_Pump,4080,lava,,federation; gaia,ground,structure,fundament,,,41,none,,,/,type: simple; offset: 8,direct,/,1,,,Pumping_Station,14,4,8,1,,,,,/,,,,2000,20,,,,,,,,30,/,/,,,30,,,,,,,,Sparks,deathSwitch: Territory_Lava_Pump_Destroyed,,Bunker_Explosion,solid,,baseHeight; noUnitCard; noAutoTarget; alwaysVisible; tileBlocking; invulnerable,facing: tile,,,,,,,,,,,,,,,,,,,,,,,,,,blockConstruction: true
Territory_Prospector_Ghost,2048,base,,federation; gaia,ground,structure,fundament,,,41,none,,,/,type: simple; offset: 5,direct,/,1,,,Prospector_Ghost,3,1,6,1,,,,,/,,/,,400,0,,,,,,,,4,/,/,,,14,,,,,Territory_Prospector_Off,,,/,,,,repairable,,noUnitCard; noAutoTarget; remainVisible; alwaysVisible; invulnerable,,,,,,,,,,,,,,,,,,,,,,,,,,,blockConstruction: true
Territory_Prospector_Off,2052,base,,federation; gaia,ground,structure,fundament,,,41,none,,,/,type: simple; offset: 5,direct,/,1,,,Prospector_Off,3,1,6,1,,,,,/,,/,,400,0,,,,,,,,,/,/,,,14,,,,,,,,Sparks,deathSwitch: Territory_Prospector_Ghost,,Bunker_Explosion,solid,,noUnitCard; alwaysVisible; invulnerable; noAutoTarget,,,,,,,,,,,,enabled,,preferredTransport: DR-8_Skyhook_Building; noPlayerInput: (),,,,,,exit: instant,,,,,,,blockConstruction: true
Territory_Prospector_On_WIP,2054,base,,federation; gaia,ground,structure,fundament,,,41,none,,,/,type: simple; offset: 5,direct,/,1,,,Prospector_On,3,1,6,1,,,,,/,,/,,400,0,,,,,,,,,/,/,,,14,,,,,Territory_Prospector_Off,,,Sparks,deathSwitch: Territory_Prospector_Ghost,,Bunker_Explosion,solid,,noUnitCard,,,,,,,,,,,,enabled,,preferredTransport: DR-8_Skyhook_Building; noPlayerInput: (),,,,,,exit: instant,,,,,,,blockConstruction: true
Territory_Prospector_Disabled,2056,base,,federation; gaia,ground,structure,fundament,,,41,none,,,/,type: simple; offset: 5,direct,/,1,,,Prospector_Off,3,1,6,1,,,,,/,,territory_enable_prospector,,400,0,,,,,,,,,/,/,,,14,,,,,Territory_Prospector_On_WIP,,,Sparks,deathSwitch: Territory_Prospector_Ghost,,Bunker_Explosion,solid,,noUnitCard,,,,,,,,,,,,enabled,,preferredTransport: DR-8_Skyhook_Building; noPlayerInput: (),,,,,,exit: instant,,,,,,,blockConstruction: true
Territory_Prospector_Destroyed_WIP,2055,base,,federation; gaia,ground,structure,fundament,,,41,none,,,/,type: simple; offset: 5,direct,/,1,,,Prospector_Destroyed,3,1,6,1,,,,,/,,/,,/,/,,,,,,,,,/,/,,,14,,,,,,,,Sparks,,,,solid,,noUnitCard; inaccessible; forceGaia,,,,,,,,,,,,enabled,,preferredTransport: DR-8_Skyhook_Building; noPlayerInput: (),,,,,,exit: instant,,,,,,,blockConstruction: true
Territory_Terminal_Off,1203,base,,federation; gaia,ground,device,static,,,67,none,,,/,type: simple,direct,/,1,,,Terminal_Off,3.8,,1.5,,,,,,/,,Territory_Activate,,/,/,,,,,,,,,/,/,,,/,,,,,Terminal_On,,,Sparks,,,,,,noCollider; capturable; alwaysVisible; noUnitCard,,,,,,,,,,,,,,,,,,,,,,,,,,,blockConstruction: true
Rifle_Recruits,1122,base,,federation,ground,infantry,foot,Rifle_Recruits,trooper,130,,,/,checker; 0.4; 1.6; 1.6; 3,offset: 5,squad,1,12,,,Basic_Infantry_0; Recruit_01; Basic_Infantry_2; Recruit_02; Basic_Infantry_2; Recruit_03; random: false,0.7,,1.76,0.9; 0.95,,,rifle_squad,,Rifle_Recruits_Burst 0,Stungun,Grenade; Rifle_Recruit_Upgrade,,60,0,,3,,,,,2,,3.5,360,,,50,,,,,,,,Blood,,156; 10; 10,standard: Blood_Death,human; canCaptureHive,,garrison; canPurchase,,,,,,,3,,,,1,enabled,,preferredTransport: DR-4_Viking,,,,,,,,,,,,,
Radio_Operator_Drone,1112,base,,federation,air,generic,rotor,,,/,none,,,mob; 0.9; 5,type: none,individual,1,4,individual avoidance=false force=20 separationradiusfactor=0.7,,Cloudburster_Drone,2,,1,0.7,,,,,Radio_Operator_Drone_Shot,,/,,100,/,,/,,,,,,,10,300,100; pitch: 80 -80 10,6,20,,,,,,,,Sparks,ragdoll: (),23; 139; 43,Flak_Explosion,inanimate,,suppressionImmune; inaccessible; noExperience; cannotCapture,,aggressive,,,,,,,,,2,,,,,,,,,,,,,,,,
Turret_Repair_Drone,1146,base,,federation,ground,generic,foot,,,/,none,,/,/,type: simple; offset: 3,direct,1,1,,,Repair_Drone_Military,1.5,,1,1.2,,,,,/,,,,50,40,,/,/,,,,,12,7,360,,,50,,,,,,,,Sparks,ragdoll: (),,Flak_Explosion,inanimate; minion,,noEditor; suppressionResistant; noFireBlocking; inaccessible; noExperience; cannotCapture,,aggressive,,,,,4,4,,,,,,,,,,,,,,,,welding,,construct: (class: electro_turret),
Electro_Security,3502,metro,,federation; gaia,ground,electro_turret,fundament,,,57,,1,/,/,,direct,/,1,,,Electro-Security,1.8,1,1.5,,,,,,/,,Pre_Aim,,600,40,granite,/,,/,,,,10,/,/,60,,60,30,,,,,,,Sparks,,,E_Turret_Death,electroTurret; gasImmune; repairable,,noCollider; alwaysVisible; noUnitCard; suppressionImmune; canSelfDestruct; canPurchase,facing: tile,,,,,,,,,,,,,,,,,spawn: (type: police_drone; interval: 5; amount: 3); followRange: 4; returner: (maxRange: 15; minRange: 10); dieWithLeader: (),attack: turret,,,,,,,,flatGroundOnly: true; requiresTileSpacing: 2
Electro_MG_A,1105,base,,federation; gaia,ground,electro_turret,fundament,,,80,,0,,/,offset: 4; forceEliteIconId: 51,direct,/,1,,,Electro-Autocannon_AP,1.8,1,1.5,,,,Turret,male,Electro-Autocannon_AP_Shot,,/,,500,50,granite,/,/,,15,,,10,/,/,80; pitch: 80 -20 90,,30,,,,,,,,Sparks,,,E_Turret_Death,electroTurret; gasImmune; repairable,,noCollider; alwaysVisible; noUnitCard; suppressionImmune; canSelfDestruct; overwatch,facing: tile,,,,,,,,,,,,,,,,,,attack: turret,,,,,,,,flatGroundOnly: true; requiresTileSpacing: 2
Electro_MG_B,1121,base,,federation; gaia,ground,electro_turret,fundament,,,80,,0,,/,offset: 4; forceEliteIconId: 52,direct,/,1,,,Electro-Autocannon_Armor,1.8,1,1.5,,,,Turret,male,Electro-Autocannon_Shot,,/,,600,70,granite,/,/,,15,,,10,/,/,80; pitch: 80 -20 90,,30,,,,,,,,Sparks,,,E_Turret_Death,electroTurret; gasImmune; repairable,,noCollider; alwaysVisible; noUnitCard; suppressionImmune; canSelfDestruct; overwatch,facing: tile,,,,,,,,,,,,,,,,,,attack: turret,,,,,,,,flatGroundOnly: true; requiresTileSpacing: 2
Electro_Mortar_AA_On,1106,base,,federation; gaia,ground,electro_turret,fundament,,,81,,1,,/,offset: 4; forceEliteIconId: 53,direct,/,1,,,Electro-Mortar_AA_On,1.8,1,1.5,,1,,Turret,male,Electro-Mortar_AA_Shot,,Electro_Mortar_AA_Disable,,100,10,granite,/,/,,15,,,15,/,/,40,,30,,,,,Electro_Mortar_AA_Off,,,Sparks,,,E_Turret_Death,electroTurret; gasImmune; repairable,,noCollider; alwaysVisible; noUnitCard; suppressionImmune; canSelfDestruct,facing: tile,,,,,,,,,,,,,,,,,,attack: turret,,,,,,,,flatGroundOnly: true; requiresTileSpacing: 2
Electro_Mortar_AA_Off,1107,base,,federation; gaia,ground,electro_turret,fundament,,,81,,1,,/,offset: 4; forceEliteIconId: 53,direct,/,1,,,Electro-Mortar_AA_Off,1.8,1,1.5,,1,,Turret,male,Electro-Mortar_Shot,,Electro_Mortar_AA_Enable,,100,10,granite,/,/,,15,,,15,/,/,40,,30,,,,,Electro_Mortar_AA_On,,,Sparks,,,E_Turret_Death,electroTurret; gasImmune; repairable,,noCollider; alwaysVisible; noUnitCard; suppressionImmune; canSelfDestruct,facing: tile,,,,,,,,,,,,,,,,,,attack: turret,,,,,,,,flatGroundOnly: true; requiresTileSpacing: 2
Electro_Mortar_B,1116,base,,federation; gaia,ground,electro_turret,fundament,,,81,,0,,/,offset: 4; forceEliteIconId: 56,direct,/,1,,,Electro-Mortar_B,1.8,1,1.5,,,,Turret,male,Electro-Mortar_Shot,,/,,100,10,granite,/,/,,15,,,10,/,/,80; pitch: 80 -20 90,,30,,,,,,,,Sparks,,,E_Turret_Death,electroTurret; gasImmune; repairable,,noCollider; alwaysVisible; noUnitCard; suppressionImmune; canSelfDestruct; overwatch,facing: tile,,,,,,,,,,,,,,,,,spawn: (type: turret_repair_drone; interval: 30; amount: 1); followRange: 4; autoRepair: (distanceFromLeader: 15); returner: (maxRange: 5; minRange: 4); dieWithLeader: (),attack: turret,,,,,,,,flatGroundOnly: true; requiresTileSpacing: 2
Electro_Sniper,4023,base,,federation,ground,electro_turret,static,,,148,,1,/,/,offset: 6,direct,/,1,,,Electro-Sniper,1.8,1,5,,2,,,,Electro_Sniper_Shot,,/,,150,30,granite,/,/,,15,,,20,/,/,120; pitch: 120 -20 90,,60,,,,,,,,Sparks,,,E_Turret_Death,electroTurret; gasImmune; repairable,,noCollider; alwaysVisible; noUnitCard; suppressionImmune; canSelfDestruct; canPurchase,,,,,,,,,,,,,,,,,,,attack: turret,,,,,,,,flatGroundOnly: true; requiresTileSpacing: 2
Electro_Sniper_A,1113,base,,federation; gaia,ground,electro_turret,fundament,,,148,,0,,/,offset: 8; forceEliteIconId: 51,direct,/,1,,,Electro-Sniper_A,1.8,1,5,,2,,Turret,male,Electro_Sniper_AP_Shot,,/,,150,30,granite,/,/,,15,,,20,/,/,80; pitch: 80 -20 90,,60,,,,,,,,Sparks,,,E_Turret_Death,electroTurret; gasImmune; repairable,,noCollider; alwaysVisible; noUnitCard; suppressionImmune; canSelfDestruct; overwatch,facing: tile,,,,,,,,,,,,,,,,,,attack: turret,,,,,,,,flatGroundOnly: true; requiresTileSpacing: 2
Electro_Sniper_B,1114,base,,federation,ground,electro_turret,fundament,,,148,,1,/,/,offset: 6; forceEliteIconId: 58,direct,/,1,,,Electro-Sniper_B,1.8,1,5,,2,,,,Electro_Sniper_Shot,,Reinforce,,150,30,granite,/,/,,15,,,20,/,/,80; pitch: 80 -20 90,,60,,,,,,,,Sparks,,,E_Turret_Death,electroTurret; gasImmune; repairable,,noCollider; alwaysVisible; noUnitCard; suppressionImmune; canSelfDestruct; overwatch,facing: tile,,,,,,,,,,,,,,,,,,attack: turret,,,,,,,,flatGroundOnly: true; requiresTileSpacing: 2
Electro_Cannon_A,1117,base,,federation; gaia,ground,electro_turret,fundament,,,82,,2,,/,offset: 5.5; forceEliteIconId: 54,direct,/,1,,,Electro-Cannon_A,1.8,1,1.5,,1,,Turret,male,Electro-Cannon_Range_Shot,,/,,150,30,granite,/,/,,15,,,15,/,/,60,,30,,,,,,,,Sparks,,,E_Turret_Death,electroTurret; gasImmune; repairable,,noCollider; alwaysVisible; noUnitCard; suppressionImmune; canSelfDestruct,facing: tile,,,,,,,,,,,,,,,,,,attack: turret,,,,,,,,flatGroundOnly: true; requiresTileSpacing: 2
Electro_Cannon_B,1118,base,,federation; gaia,ground,electro_turret,fundament,,,82,,2,,/,offset: 5.5; forceEliteIconId: 55,direct,/,1,,,Electro-Cannon_B,1.8,1,1.5,,1,,Turret,male,Electro-Cannon_RoF_Shot,,/,,150,30,granite,/,/,,15,,,15,/,/,60,,30,,,,,,,,Sparks,,,E_Turret_Death,electroTurret; gasImmune; repairable,,noCollider; alwaysVisible; noUnitCard; suppressionImmune; canSelfDestruct,facing: tile,,,,,,,,,,,,,,,,,,attack: turret,,,,,,,,flatGroundOnly: true; requiresTileSpacing: 2
Electro_Missile_A,1119,base,,federation; gaia,ground,electro_turret,fundament,,,83,,3,,/,offset: 5; forceEliteIconId: 54,direct,/,1,,,Electro-Launcher_A,1.8,1,1.5,,,,Turret,male,Electro-Launcher_Range_Shot,,/,,150,30,granite,/,/,,20,,,20,/,/,60,,30,,,,,,,,Sparks,,,E_Turret_Death,electroTurret; gasImmune; repairable,,noCollider; alwaysVisible; noUnitCard; suppressionImmune; canSelfDestruct,facing: tile,,,,,,,,,,,,,,,,,,attack: turret,,,,,,,,flatGroundOnly: true; requiresTileSpacing: 2
Electro_Missile_B,1120,base,,federation; gaia,ground,electro_turret,fundament,,,83,,3,,/,offset: 5; forceEliteIconId: 57,direct,/,1,,,Electro-Launcher_B,1.8,1,1.5,,10,,Turret,male,Electro-Launcher_Shot,,/,,150,30,granite,/,/,,20,,,20,/,/,60,,60,,,,,,,,Sparks,,,E_Turret_Death,electroTurret; gasImmune; repairable,,noCollider; alwaysVisible; noUnitCard; suppressionImmune; canSelfDestruct; nightVision,facing: tile,,,,,,,,,,,,,,,,,,attack: turret,,,,,,,,flatGroundOnly: true; requiresTileSpacing: 2
Territory_MG_Tower,1104,base,,federation; gaia,ground,electro_turret,fundament,,,140,,0,/,/,offset: 8,direct,/,1,,,MG_Tower_Short,4,1,9,,3,,,,Territory_MG_Tower_Burst 0,,/,,150,30,granite,/,/,,15,,,15,/,/,120; pitch: 120 -35 80,,40,,,,,,,,Sparks,,,E_Turret_Death,electroTurret; gasImmune; repairable,,noCollider; alwaysVisible; noUnitCard; suppressionImmune; canSelfDestruct; canPurchase,facing: tile,,,,,,,,,,,,,,,,,,attack: turret,,,,,,,,flatGroundOnly: true; requiresTileSpacing: 2
Territory_MG_Tower_A,1123,base,,federation; gaia,ground,electro_turret,fundament,,,140,,0,/,/,offset: 8; forceEliteIconId: 54,direct,/,1,,,MG_Tower,4,1,9,,3,,,,Territory_MG_Tower_Range_Burst 0,,/,,150,30,granite,/,/,,15,,,15,/,/,120; pitch: 120 -35 80,,50,,,,,,,,Sparks,,,E_Turret_Death,electroTurret; gasImmune; repairable,,noCollider; alwaysVisible; noUnitCard; suppressionImmune; canSelfDestruct,facing: tile,,,,,,,,,,,,,,,,,,attack: turret,,,,,,,,flatGroundOnly: true; requiresTileSpacing: 2
Territory_MG_Tower_B,1124,base,,federation; gaia,ground,electro_turret,fundament,,,140,,0,/,/,offset: 11; forceEliteIconId: 58,direct,/,1,,,MG_Tower_Satellite,4,1,9,,3,,,,Territory_MG_Tower_Burst 0,,Reinforce,,150,30,granite,/,/,,15,,,15,/,/,120; pitch: 120 -35 80,,40,,,,,,,,Sparks,,,E_Turret_Death,electroTurret; gasImmune; repairable,,noCollider; alwaysVisible; noUnitCard; suppressionImmune; canSelfDestruct,facing: tile,,,,,,,,,,,,,,,,,,attack: turret,,,,,,,,flatGroundOnly: true; requiresTileSpacing: 2
Electro_Flamer,2020,lava,,federation; gaia,ground,electro_turret,fundament,,,147,,0,/,/,,direct,/,1,,,Electro-Flamethrower,1.8,1,1.5,,,,,,Electro-Flamethrower,,/,,400,40,granite,/,,/,15,,,10,/,/,60,,60,,,,,,,,Sparks,,,E_Turret_Death,electroTurret; gasImmune; repairable,,noCollider; alwaysVisible; noUnitCard; suppressionImmune; canSelfDestruct; canPurchase,facing: tile,,,,,,,,,,,,,,,,,,attack: turret,,,,,,,,flatGroundOnly: true; requiresTileSpacing: 2
Territory_Scientist_Object,2058,base,,federation; gaia,ground,structure,fundament,,,48,none,,,,type: simple,direct,/,1,,,Terminal_Disabled,1,1,1,,,,,,,,,,100,/,,,,,,,,60,,,,,,,,,,,,,Sparks,,,,,,noCollider; alwaysVisible; noUnitCard; suppressionImmune; noAutoTarget; invulnerable,facing: tile,,,,,,,,,,,,,,,,,,,,,,,,,,blockConstruction: true
Territory_Scientists,2049,base,,federation,ground,infantry,foot,,portrait_scientist,48,star,,/,mob; 0.3; 2.2,offset: 5,squad,2,1,,,Scientist_0; Scientist_1; Scientist_2,0.7,,1.76,1; 1.1,,,scientists,,/,,/,,500,0,,/,,,,,,,3.9,360,,,50,,,,,,,,Blood,,156; 10; 10,standard: Blood_Death,human,,garrison; noFireBlocking; suppressionImmune,,,,,,,,,,,1,enabled,,preferredTransport: DR-8_Skyhook; noPlayerInput: (),,,,,,,nothing,,,,,repair: (territory_scientist_object),
Electro_Flamer_A,1125,lava,,federation; gaia,ground,electro_turret,fundament,,,147,,0,/,/,offset: 4; forceEliteIconId: 51,direct,/,1,,,Electro-Flamethrower_B,1.8,1,1.5,,,,,,Electro-Flamethrower_AP,,/,,400,40,granite,/,,/,15,,,10,/,/,60,,60,,,,,,,,Sparks,,,E_Turret_Death,electroTurret; gasImmune; repairable,,noCollider; alwaysVisible; noUnitCard; suppressionImmune; canSelfDestruct,facing: tile,,,,,,,,,,,,,,,,,,attack: turret,,,,,,,,flatGroundOnly: true; requiresTileSpacing: 2
Electro_Flamer_B,1126,lava,,federation; gaia,ground,electro_turret,fundament,,,147,,0,/,/,offset: 4; forceEliteIconId: 52,direct,/,1,,,Electro-Flamethrower_A,1.8,1,1.5,,,,,,Electro-Flamethrower,,/,,600,40,granite,/,,/,15,,,10,/,/,60,,60,,,,,,,,Sparks,,,E_Turret_Death,electroTurret; gasImmune; repairable,,noCollider; alwaysVisible; noUnitCard; suppressionImmune; canSelfDestruct,facing: tile,,,,,,,,,,,,,,,,,,attack: turret,,,,,,,,flatGroundOnly: true; requiresTileSpacing: 2
Territory_Merc_Enemies,2059,lava,,federation,ground,infantry,foot,Territory_Merc_Enemies,trooper,0,,,/,checker; 0.3; 1.4; 1.4; 3,offset: 5,squad,1,8,,,Mercenary_0; Mercenary_1,0.7,,1.76,1; 1.1,,,,,Morita_MkI 0,,/,,60,0,,3,,,,,,,3.9,360,,,50,,,,,,,,Blood,,156; 10; 10,standard: Blood_Death,human; canCaptureHive,,garrison,,,,,,,3,,,,1,enabled,,preferredTransport: DR-4_Viking,,,,,,,,,,,,,
,,,,,,,,,,,,,,,,,,,,,,,,,,,,,,,,,,,,,,,,,,,,,,,,,,,,,,,,,,,,,,,,,,,,,,,,,,,,,,,,,,,,,,,,,
Territory_Camera_Crew,2153,base,,federation,ground,infantry,foot,,,64,,,/,mob; 0.2; 1.1,offset: 5,squad,2,3,,,Camera_Crew,0.7,,1.76,1; 1.1,,,Firefighter,,Camera_Extinguisher,,/,,50,0,,/,,,,,,,3.9,360,,,50,,,,,,,,Blood,,156; 10; 10,standard: Blood_Death,human,,noExperience,,,,,,,,,,,1,enabled,,preferredTransport: DR-4_Viking,,,,,,,,,,,,,
Territory_Slaughter_Scene,2154,base,,gaia,ground,device,static,,,45,none,,,/,type: simple,direct,/,1,,,Invisible,8,,0.1,1,,,,,,,/,,25,/,,,,,,,,,/,/,,,20,,,,,,,Corpse_Civilian,,deathSwitch: Territory_Slaughter_Scene_Recorded,,,extinguishable,,noUnitCard; alwaysVisible; noCollider,,,,,,,,,,,,,,,,,,,,,,,,,,,
Territory_Slaughter_Scene_Recorded,2160,base,,gaia,ground,device,static,,,45,none,,,/,type: simple,direct,/,1,,,Invisible,8,,0.1,1,,,,,,,/,,/,/,,,,,,,,,/,/,,,20,,,,,,,Corpse_Civilian,,,,,extinguishable,,noUnitCard; alwaysVisible; noCollider; forceGaia; inaccessible,,,,,,,,,,,,,,,,,,,,,,,,,,,
,,,,,,,,,,,,,,,,,,,,,,,,,,,,,,,,,,,,,,,,,,,,,,,,,,,,,,,,,,,,,,,,,,,,,,,,,,,,,,,,,,,,,,,,,
Territory_Cleaning_Crew,1200,base,,federation,ground,infantry,foot,,,21,,,/,mob; 0.2; 1.1,offset: 5,squad,2,3,,,Cleaner_0,0.7,,1.76,1; 1.1,,,Firefighter,,Fire_Extinguisher,,/,,50,0,,/,,,,,,,3.9,360,,,50,,,,,,,,Blood,,156; 10; 10,standard: Blood_Death,human,,noExperience,,,,,,,,,,,1,enabled,,preferredTransport: DR-4_Viking,,,,,,,,,,,,,
Territory_Graffiti,1201,base,,gaia,ground,device,static,,,45,none,,,/,type: simple,direct,/,1,,,Graffiti_Scene,8,,0.1,1,,,,,,,/,,25,/,,,,,,,,,/,/,,,20,,,,,,,,,deathSwitch: Territory_Graffiti_Cleaned,,,extinguishable,,noUnitCard; alwaysVisible; noCollider,,,,,,,,,,,,,,,,,,,,,,,,,,,
Territory_Graffiti_Cleaned,1202,base,,gaia,ground,device,static,,,45,none,,,/,type: simple,direct,/,1,,,Graffiti_Scene_Cleaned,8,,0.1,1,,,,,,,/,,/,/,,,,,,,,,/,/,,,20,,,,,,,,,,,,extinguishable,,noUnitCard; alwaysVisible; noCollider; forceGaia; inaccessible,,,,,,,,,,,,,,,,,,,,,,,,,,,
,,,,,,,,,,,,,,,,,,,,,,,,,,,,,,,,,,/,,,,,,,,,,,,,,,,,,,,,,,,,,,,,,,,,,,,,,,,,,,,,,,,,,,,,,,
// Placement markers,,,,,,,,,,,,,,,,,,,,,,,,,,,,,,,,,,/,,,,,,,,,,,,,,,,,,,,,,,,,,,,,,,,,,,,,,,,,,,,,,,,,,,,,,,
Territory_Marker_1x1,1147,base,,gaia,ground,marker,static,,,67,none,,/,/,type: none,direct,/,1,,,Territory_Marker_1x1,2,1,0,,,,,,/,,/,,/,/,,/,,,,,,,/,/,,,/,,,,,,,,/,,,,,,inaccessible; alwaysVisible; noCollider; hiddenInBattle,position: grid,,,,,,,,,,,,,,,,,,,,,,,,,,
Territory_Marker_2x2,1148,base,,gaia,ground,marker,static,,,67,none,,/,/,type: none,direct,/,1,,,Territory_Marker_2x2,6,2,0,,,,,,/,,/,,/,/,,/,,,,,,,/,/,,,/,,,,,,,,/,,,,,,inaccessible; alwaysVisible; noCollider; hiddenInBattle,position: grid,,,,,,,,,,,,,,,,,,,,,,,,,,
Territory_Marker_3x3,1158,base,,gaia,ground,marker,static,,,67,none,,/,/,type: none,direct,/,1,,,Territory_Marker_3x3,12,3,0,,,,,,/,,/,,/,/,,/,,,,,,,/,/,,,/,,,,,,,,/,,,,,,inaccessible; alwaysVisible; noCollider; hiddenInBattle,position: grid,,,,,,,,,,,,,,,,,,,,,,,,,,
Territory_Marker_3x3_Permanent,1149,base,,gaia,ground,marker,static,,,67,none,,/,/,type: none,direct,/,1,,,Territory_Marker_3x3_Permanent,12,3,0,,,,,,/,,/,,/,/,,/,,,,,,,/,/,,,/,,,,,,,,/,,,,,,inaccessible; alwaysVisible; noCollider; hiddenInBattle,position: grid,,,,,,,,,,,,,,,,,,,,,,,,,,
,,,,,,,,,,,,,,,,,,,,,,,,,,,,,,,,,,,,,,,,,,,,,,,,,,,,,,,,,,,,,,,,,,,,,,,,,,,,,,,,,,,,,,,,,
Merc_Camp,1152,lava,,gaia,ground,cavern,fundament,,,126,,,,/,type: simple; offset: 4,direct,/,1,,,Merc_Camp,8,2,3,,,,,,/,,/,,250,45,granite,,,,,,,,/,/,,,8,,/,8,,,,,Dust,deathSwitch: Merc_Camp_Destroyed,,Tunnel_Collapse,structure,,baseHeight; noUnitCard; tileBlocking; alwaysVisible; noCollider,,,,,,,,,,respawnTime: 10; spawnBehaviour: PerSoldier,,,,,,,,,,,,,,,,,blockConstruction: true
Merc_Camp_Destroyed,1153,lava,,gaia,ground,cavern,fundament,,,126,none,,,/,type: none; offset: 4,direct,/,1,,,Merc_Camp_Destroyed,8,2,3,,,,,,/,,/,,/,,,,,,,,,,/,/,,,/,,/,/,,,,,Dust,,,,structure,,baseHeight; noUnitCard; noAutoTarget; alwaysVisible; forceGaia; inaccessible; noCollider,,,,,,,,,,,,,,,,,,,,,,,,,,,blockConstruction: true
Settlement_3x3,1157,base,,federation,ground,structure,fundament,,,/,,,/,/,type: none,direct,/,1,,,Settlement_3x3,12,3,5,,2,1,,,/,,/,,/,0,,/,,,,,,,/,/,,,/,,,10,,,,,Sparks,,,,,,noUnitCard; alwaysVisible; tileBlocking; invulnerable; inaccessible,facing: tile,,,,,,,,,,,,,,,,,,,,,,,,,,
,,,,,,,,,,,,,,,,,,,,,,,,,,,,,,,,,,/,,,,,,,,,,,,,,,,,,,,,,,,,,,,,,,,,,,,,,,,,,,,,,,,,,,,,,,
Cave_Ghost,1190,base,,gaia; arachnid,ground,structure,fundament,,,126,warning,,/,/,type: simple,direct,/,1,,,Hive_Ghost,14,,4,,1,,,,/,,,,100; onDeployOrSwitch: 1,/,,/,/,/,,,,,/,/,,,/,,,,,,,,/,,,,,,noUnitCard; alwaysVisible; tileBlocking; invulnerable; inaccessible,facing: tile,,,,,,,,,,,,,,,,,,,,,,,,,,blockConstruction: true
Tunnel_Ghost,1191,base,,gaia; arachnid,ground,structure,fundament,,,126,warning,,/,/,type: simple,direct,/,1,,,Tunnel_Ghost,12,,0.5,,1,,,,/,,,,100; onDeployOrSwitch: 1,/,,/,/,/,,,,,/,/,,,/,,,,,,,,/,,,,,,noUnitCard; alwaysVisible; tileBlocking; invulnerable; inaccessible,facing: tile,,,,,,,,,,,,,,,,,,,,,,,,,,blockConstruction: true
Spawn_Pit,179,base,,arachnid; gaia,ground,cavern,fundament,,,126,,,,/,offset: 4,direct,/,1,,,Spawn_Pit,8,2,0.1,0.8,,,,,/,,/,,/,,,,,,,,,,/,/,,,8,,/,8,,,,Spawn_Pit_Hole,Dust,deathSwitch: Spawn_Pit_Collapsed,,Brood_Chamber_Collapse,structure,1,baseHeight; noUnitCard; alwaysVisible; noCollider; noAutoTarget; tileBlocking,,,,,,,,,,,,,,,,,,,,,,,,,,,blockConstruction: true
Spawn_Pit_Collapsed,180,base,,gaia,ground,cavern,fundament,,,126,none,,,/,type: none; offset: 4,direct,/,1,,,Spawn_Pit_Collapsed,8,2,0.1,0.8,,,,,/,,/,,/,,,,,,,,,,/,/,,,/,,/,/,,,,,Dust,,,,structure,,baseHeight; noUnitCard; alwaysVisible; noCollider; forceGaia; inaccessible,,,,,,,,,,,,,,,,,,,,,,,,,,,blockConstruction: true
,,,,,,,,,,,,,,,,,,,,,,,,,,,,,,,,,,,,,,,,,,,,,,,,,,,,,,,,,,,,,,,,,,,,,,,,,,,,,,,,,,,,,,,,,
Territory_Resource_Cache,4200,base,,federation; gaia,ground,station,static,,,138,base,,/,/,offset: 5.5,direct,/,1,,,Territory_Base,8,2,2.5,,1,1,,,/,,/,,2000,/,,/,,,,,,120,/,/,,,35,,,,,,,,Sparks,,,,inanimate; repairable; immuneToPlasmaBug,,baseHeight; alwaysVisible; tileBlocking; station; nightVision,facing: tile,,,,,,,,,,,,,,,,,,attack: base,,,,,,,,blockConstruction: true
,,,,,,,,,,,,,,,,,,,,,,,,,,,,,,,,,,,,,,,,,,,,,,,,,,,,,,,,,,,,,,,,,,,,,,,,,,,,,,,,,,,,,,,,,
Criminal_Hideout,20303,wip,,gaia,ground,cavern,fundament,,,126,,,,/,type: simple; offset: 4,direct,/,1,,,Criminal_Hideout,8,2,3,,,,,,/,,/,,250,45,granite,,,,,,,,/,/,,,8,,/,8,,,,,Dust,deathSwitch: Criminal_Hideout_Destroyed,,Bunker_Explosion,structure,,baseHeight; noUnitCard; tileBlocking; alwaysVisible; noCollider,,,,,,,,,,respawnTime: 10; spawnBehaviour: PerSoldier,,,,,,,,,,,,,,,,,blockConstruction: true
Criminal_Hideout_Destroyed,20304,wip,,gaia,ground,cavern,fundament,,,126,none,,,/,type: none; offset: 4,direct,/,1,,,Criminal_Hideout_Destroyed,8,2,3,,,,,,/,,/,,/,,,,,,,,,,/,/,,,/,,/,/,,,,,Dust,,,,structure,,baseHeight; noUnitCard; noAutoTarget; alwaysVisible; forceGaia; inaccessible; noCollider,,,,,,,,,,,,,,,,,,,,,,,,,,,blockConstruction: true
,,,,,,,,,,,,,,,,,,,,,,,,,,,,,,,,,,,,,,,,,,,,,,,,,,,,,,,,,,,,,,,,,,,,,,,,,,,,,,,,,,,,,,,,,
,,,,,,,,,,,,,,,,,,,,,,,,,,,,,,,,,,/,,,,,,,,,,,,,,,,,,,,,,,,,,,,,,,,,,,,,,,,,,,,,,,,,,,,,,,
// CHEMICAL DLC,,,,,,,,,,,,,,,,,,,,,,,,,,,,,,,,,,/,,,,,,,,,,,,,,,,,,,,,,,,,,,,,,,,,,,,,,,,,,,,,,,,,,,,,,,
,,,,,,,,,,,,,,,,,,,,,,,,,,,,,,,,,,,,,,,,,,,,,,,,,,,,,,,,,,,,,,,,,,,,,,,,,,,,,,,,,,,,,,,,,
// PROTO ERADICATORS,,,,,,,,,,,,,,,,,,,,,,,,,,,,,,,,,,,,,,,,,,,,,,,,,,,,,,,,,,,,,,,,,,,,,,,,,,,,,,,,,,,,,,,,,
Proto_Eradicators,5584,chem,,federation,ground,infantry,foot,Proto_Eradicators,,157,,,/,mob; 0.3; 2.0,offset: 5,squad,1,4,,,Proto_Eradicator,0.7,,1.76,1; 1.1,,,Proto_Eradicators,,Eradicator_Poison_Shot,/,Explode_Defenders; SwitchDefender_Warriors; SwitchDefender_Spitters,/,60,0,,2,,,,,1.5,,3.9,360,,,40,,,,,#REF!,,,Blood,,156; 10; 10,standard: Blood_Death,human; canCaptureHive; gasImmune; eradicators,,garrison; canPurchase,,,,,,,3,,,,1,enabled,,preferredTransport: DR-4_Viking,,,,spawn: (type: drugged_drones; interval: 10; amount: 3; transport: drop_pod_small); followRange: 10; returner: (maxRange: 15; minRange: 12); onSwitch: kill; dieWithLeader: (); highlight: (),,,,,,welding,,purchase: Electro_Bug_Cage Electro_Bug_Cage_Spitter; construct: Electro_Bug_Cage Electro_Bug_Cage_Spitter,
,,,,,,,,,,,,,,,,,,,,,,,,,,,,,,,,,,,,,,,,,,,,,,,,,,,,,,,,,,,,,,,,,,,,,,,,,,,,,,,,,,,,,,,,,
// SUPPORT TROOPERS,,,,,,,,,,,,,,,,,,,,,,,,,,,,,,,,,,,,,,,,,,,,,,,,,,,,,,,,,,,,,,,,,,,,,,,,,,,,,,,,,,,,,,,,,
Radio_Operator_Chemical,5002,chem,,federation,ground,infantry,foot,Radio_Operator_Chemical,,165,,,Support_Center,mob; 0.3; 2.0,offset: 5,squad,2,5,,,Radio_Operator_Chemical_0,0.7,,1.76,1; 1.1,,,rifle_squad,,Support_Troopers_Burst,,Reinforce; Shotgun; Sensor_Flare,,60,0,,2,,,,,,,3.9,360,,,50,,,,,,,,Blood,,156; 10; 10,standard: Blood_Death,human; canCaptureHive,,garrison; canPurchase,,,,,,,3,,,,1,enabled,,preferredTransport: DR-4_Viking,,,,,,,,,,,,,
,,,,,,,,,,,,,,,,,,,,,,,,,,,,,,,,,,,,,,,,,,,,,,,,,,,,,,,,,,,,,,,,,,,,,,,,,,,,,,,,,,,,,,,,,
// TOXIC BIPED,,,,,,,,,,,,,,,,,,,,,,,,,,,,,,,,,,,,,,,,,,,,,,,,,,,,,,,,,,,,,,,,,,,,,,,,,,,,,,,,,,,,,,,,,
Toxic_Biped,5588,chem,,federation,ground,vehicle,mech,Toxic_Biped,,160,,,Support_Center,/,offset: 5.5,direct,1,1,BigUnit 40,,Toxic_Biped,3,,3.63,0.9,,,Toxic_Biped,,Toxic_Shot,Toxic_Powershot,Toxic_Self_Repair; Toxic_Pressure_Spray; Acid_Air_Strike,,250,40,,2,/,,10,,1.5,30,4,100,,,50,,,,,,,,Sparks,bloodTexture: 3 always,,Mech_Death,gasImmune; radiationImmune; fireproof; canCaptureHive,,suppressionImmune; bigCollisionLayer; canSelfDestruct; shootThroughSoldiers; canPurchase; garrison,,defendarea 10,,,,,2,,,,2,enabled,,preferredTransport: Drop_Pod; noPlayerInput: (),,,,,,,canDefend: true,,,Mech_Construction,,construct: (attribute: repairable),
Toxic_Repair_Cloud,5556,chem,,gaia,ground,device,static,,,/,none,,,/,type: none,direct,/,1,,,Toxic_Repair_Cloud,16,,0.1,1,,,,,Toxic_Repair_Cloud,,/,3 remove,/,/,,,,,,,,,/,/,,,5,,,,,,,,,,,,,,noUnitCard; inaccessible; noEditor; forceRogue; alwaysVisible; noCollider; nightVision,,,,,,,,,,,,,,,,,,,,,,,,,,,
Insecticide_Gas_Blast,5552,chem,,gaia,ground,device,static,,,/,none,,,/,type: none,direct,/,1,,,Gas_Blast_Pool,8,,0.1,1,,,,,/,,Insecticide_Gas,18 remove,/,/,,,,,,,,,/,/,,,/,,,,,,,/,,,,,,,noCollider; noUnitCard; inaccessible; noEditor; alwaysVisible,,,,,,,,,,,,,,,,,,,,,,,,,,,
,,,,,,,,,,,,,,,,,,,,,,,,,,,,,,,,,,,,,,,,,,,,,,,,,,,,,,,,,,,,,,,,,,,,,,,,,,,,,,,,,,,,,,,,,
// RADIATION BIPED,,,,,,,,,,,,,,,,,,,,,,,,,,,,,,,,,,,,,,,,,,,,,,,,,,,,,,,,,,,,,,,,,,,,,,,,,,,,,,,,,,,,,,,,,
Radiation_Biped,5589,chem,,federation,ground,vehicle,mech,Radiation_Biped,,159,,,Command_Center,/,offset: 5,direct,1,1,BigUnit 40,,Mech_Small_Chem,3,,3.63,0.9,,,Radiation_Biped,,Rad_Biped_Shot,,Rad_Biped_Electric_Discharge; Rad_Biped_Deploy_Drone; Rad_Biped_Reactor_Drop,,200,30,,2,/,,10,,1,30,4,100,,,65,,,,,,Radiation_Biped_Host,,Sparks,bloodTexture: 3 always,,Mech_Death,gasImmune; radiationImmune; fireproof; xm11Boostable,,suppressionImmune; bigCollisionLayer; canSelfDestruct; shootThroughSoldiers; canPurchase,,,,,,,2,,,,2,enabled,,preferredTransport: Drop_Pod; noPlayerInput: (),,,,,,,canDefend: true,,,,,,
Radiation_Biped_Host,5630,chem,,federation,ground,vehicle,mech,Radiation_Biped,,159,,,Command_Center,/,offset: 5,direct,1,1,BigUnit 40,,Mech_Small_Chem,3,,3.63,0.9,,,Radiation_Biped,,Rad_Biped_Shot,,Rad_Biped_Electric_Discharge; Rad_Biped_Deploy_Drone; Rad_Biped_Reactor_Drop,,200,30,,2,/,,10,,1,30,4,100,,,65,,,,,,,,Sparks,bloodTexture: 3 always,,Mech_Death,gasImmune; radiationImmune; fireproof; xm11Boostable,,suppressionImmune; bigCollisionLayer; canSelfDestruct; shootThroughSoldiers,,,,,,,2,,,,2,enabled,,preferredTransport: Drop_Pod; noPlayerInput: (),,,,spawn: (type: Radiation_Biped_Drone; interval: 5; amount: 1); followRange: 5; returner: (maxRange: 30; minRange: 25); onSwitch: kill; dieWithLeader: (),,,canDefend: true,,,,,,
Radiation_Biped_Drone,5590,chem,,federation,air,aircraft,rotor,,,/,none,,,/,type: none,direct,1,1,,,Radiation_Biped_Drone,0.7,,1.5,,,,,,Rad_Drone_Shot,,/,,30,/,,/,,,,,,,10,300,,8,65,,,,,,,,Sparks,instantremove :(),23; 139; 43,Flak_Explosion,inanimate,,suppressionImmune;  noExperience; cannotCapture; inaccessible; noEditor,,aggressive,,,,,,,,,2,enabled,,,,,,,,,,,,,,,
Rad_Biped_Reactor,5591,chem,,federation,ground,device,static,,,/,none,,,/,type: simple,direct,/,1,,,Reactor,0.5,,0.1,1,,,,,/,,Rad_Biped_Reactor_Effect,20 remove,200,10,,/,,,,,,,/,/,,,/,,,,,,,,Sparks,deathWeapon: TAC_Explosion,,Flak_Explosion,,,,,,,,,,,,,,,,,,,,,,,,,,,,,,
,,,,,,,,,,,,,,,,,,,,,,,,,,,,,,,,,,,,,,,,,,,,,,,,,,,,,,,,,,,,,,,,,,,,,,,,,,,,,,,,,,,,,,,,,
// HAZMAT TROOPERS,,,,,,,,,,,,,,,,,,,,,,,,,,,,,,,,,,,,,,,,,,,,,,,,,,,,,,,,,,,,,,,,,,,,,,,,,,,,,,,,,,,,,,,,,
Hazmat_Eradicators,5595,chem,,federation,ground,infantry,foot,Hazmat_Eradicators,,155,,,Grenade_Depot,checker; 0.3; 1.8; 1.8; 2,offset: 5,squad,1,6,,,Hazmat_Eradicator,0.7,,1.76,1; 1.1,,,Hazmat_Eradicators,,Hazmat_Grenade,/,Hazmat_Grenade_Volley; Hazmat_Heal_Perimeter; Hazmat_Gas_Perimeter,/,80,10,,3,,,,,,,3,250,,,40,,,,,,Hazmat_Eradicators_Deployed_Heal; Hazmat_Eradicators_Deployed_Gas,,Blood,,156; 10; 10,standard: Blood_Death,human; canCaptureHive; gasImmune; radiationImmune; eradicators,,garrison; canPurchase,,,,,,,3,,,,1,enabled,,preferredTransport: DR-4_Viking,,,,,,,,,,,,,
Hazmat_Eradicators_Deployed_Heal,5596,chem,,federation,ground,infantry,foot,Hazmat_Eradicators,,155,,,Grenade_Depot,mob; 0.3; 2.8,offset: 5,squad,1,6,,,Hazmat_Eradicator,0.7,,1.76,1; 1.1,,,Hazmat_Eradicators,,Hazmat_Grenade,/,Hazmat_Grenade_Volley; Undeploy_Perimeter,/,80,10,,3,,,,,,,/,250,,,40,,,,,Hazmat_Eradicators,,,Blood,,156; 10; 10,standard: Blood_Death,human; canCaptureHive; gasImmune; radiationImmune; eradicators,,garrison; noEditor; noAutoTarget,,,,,,,3,,,,1,enabled,,preferredTransport: DR-4_Viking; noPlayerInput: (),,,,,,exit: instant,,,,,,,
Hazmat_Eradicators_Deployed_Gas,5613,chem,,federation,ground,infantry,foot,Hazmat_Eradicators,,155,,,Grenade_Depot,mob; 0.3; 2.8,offset: 5,squad,1,6,,,Hazmat_Eradicator,0.7,,1.76,1; 1.1,,,Hazmat_Eradicators,,Hazmat_Grenade,/,Hazmat_Grenade_Volley; Undeploy_Perimeter,/,80,10,,3,,,,,,,/,250,,,40,,,,,Hazmat_Eradicators,,,Blood,,156; 10; 10,standard: Blood_Death,human; canCaptureHive; gasImmune; radiationImmune; eradicators,,garrison; noEditor; noAutoTarget,,,,,,,3,,,,1,enabled,,preferredTransport: DR-4_Viking; noPlayerInput: (),,,,,,exit: instant,,,,,,,
Hazmat_Gas_Cloud,5602,chem,,gaia,ground,device,static,,,/,none,,,/,type: none,direct,/,1,,,Gas_Pool,8,,0.1,1,,,,,Hazmat_Gas,,/,18 remove,/,/,,,,,,,,,/,/,,,/,,,,,,,/,,,,,,,noCollider; noUnitCard; inaccessible; noEditor; alwaysVisible,,,,,,,,,,,,,,,,,,,,,,,,,,,
Toxic_Gas_Cloud,5629,chem,,gaia,ground,device,static,,,/,none,,,/,type: none,direct,/,1,,,Gas_Pool,8,,0.1,1,,,,,/,,/,18 remove,/,/,,,,,,,,,/,/,,,/,,,,,,,/,,,,,,,noCollider; noUnitCard; inaccessible; noEditor; alwaysVisible,,,,,,,,,,,,,,,,,,,,,,,,,,,
Healing_Perimeter,5619,chem,,federation,ground,structure,fundament,Healing_Perimeter,,/,none,,/,/,type: simple; offset: 3.5,direct,/,1,,,Bastion_Heal_Perimeter,10,2,0.8,,,,,,,,Heal_Perimeter; Reinforce,,500,50,,/,/,/,/,,,20,/,/,360,,60,,,,,,,,Sparks,,,Fortification_Explosion, gasImmune; radiationImmune; inanimate,1,alwaysVisible; noUnitCard; noCollider; inaccessible; noEditor,,,,,,,,,,,1,,,,,,,,,exit: instant,,,,,,,flatGroundOnly: true; requiresTileSpacing: 2
Gas_Perimeter,5603,chem,,federation; gaia,ground,structure,fundament,Gas_Perimeter,,/,none,,/,/,type: simple; offset: 3.5,direct,/,1,,,Bastion_Gas_Perimeter,10,2,0.8,,,,,,Gas_Perimeter,,/,,500,50,,/,/,/,/,,,20,/,/,360,,60,,,,,,,,Sparks,,,Fortification_Explosion, gasImmune; radiationImmune; inanimate,,alwaysVisible; noUnitCard; noCollider; inaccessible; noEditor; noAutoTarget,,,,,,,,,,,1,,,,,,,,,exit: instant,,,,,,,flatGroundOnly: true; requiresTileSpacing: 2
,,,,,,,,,,,,,,,,,,,,,,,,,,,,,,,,,,,,,,,,,,,,,,,,,,,,,,,,,,,,,,,,,,,,,,,,,,,,,,,,,,,,,,,,,
// MISSILE SPECIALIST,,,,,,,,,,,,,,,,,,,,,,,,,,,,,,,,,,,,,,,,,,,,,,,,,,,,,,,,,,,,,,,,,,,,,,,,,,,,,,,,,,,,,,,,,
Missile_Specialist,5598,chem,,federation,ground,infantry,foot,Missile_Specialist,,158,,,Rocket_Depot,checker; 0.3; 2.5; 1.8; 2,offset: 4,squad,2,3,,,Missile_Specialist_0,1.2,,1.76,1,,,Missile_Specialist,,Specialists_Rocket_Y,,Missile_Specialist_Switch_A; Flak_Missiles; Incendiary_Missiles; Silo_Remote_Cluster; Silo_Remote_Nuke; Silo_Remote_Chemical,,80,10,,2,,,,,,,3,250,,,40,,,,,Missile_Specialist_X,,,Blood,,156; 10; 10,standard: Blood_Death,human,,garrison; canPurchase,,,,,,,,,,,1,enabled,,preferredTransport: DR-4_Viking,,,,,,,,,,,,,
Missile_Specialist_X,5633,chem,,federation,ground,infantry,foot,Missile_Specialist,,158,,,Rocket_Depot,checker; 0.3; 2.5; 1.8; 2,offset: 4,squad,2,3,,,Missile_Specialist_0,1.2,,1.76,1,,,Missile_Specialist,,Specialists_Rocket_X,,Missile_Specialist_Switch_B; Flak_Missiles; Incendiary_Missiles; Silo_Remote_Cluster; Silo_Remote_Nuke; Silo_Remote_Chemical,,80,10,,2,,,,,,,3,250,,,40,,,,,Missile_Specialist,,,Blood,,156; 10; 10,standard: Blood_Death,human,,garrison; ,,,,,,,,,,,1,enabled,,preferredTransport: DR-4_Viking,,,,,,,,,,,,,
Marker_Flare_Nuke,5003,chem,,federation,ground,device,static,,,/,none,,/,/,type: simple,direct,/,1,,,Marker_Flare_Nuke,0.05,,0.1,,,,,,Sensor_Pulse,,/,10 kill,200,/,,/,,,,,,,/,/,,,15,,,,,,,,/,,,,,,inaccessible; noUnitCard; noCollider; noEditor; nightVision; minion,,,,,,,,,,,,,,,,,,,,,,,,,,,
Marker_Flare_Gas,5004,chem,,federation,ground,device,static,,,/,none,,/,/,type: simple,direct,/,1,,,Marker_Flare_Gas,0.05,,0.1,,,,,,Sensor_Pulse,,/,10 kill,200,/,,/,,,,,,,/,/,,,15,,,,,,,,/,,,,,,inaccessible; noUnitCard; noCollider; noEditor; nightVision; minion,,,,,,,,,,,,,,,,,,,,,,,,,,,
Marker_Flare_Cluster,5006,chem,,federation,ground,device,static,,,/,none,,/,/,type: simple,direct,/,1,,,Marker_Flare_Cluster,0.05,,0.1,,,,,,Sensor_Pulse,,/,10 kill,200,/,,/,,,,,,,/,/,,,15,,,,,,,,/,,,,,,inaccessible; noUnitCard; noCollider; noEditor; nightVision; minion,,,,,,,,,,,,,,,,,,,,,,,,,,,
,,,,,,,,,,,,,,,,,,,,,,,,,,,,,,,,,,,,,,,,,,,,,,,,,,,,,,,,,,,,,,,,,,,,,,,,,,,,,,,,,,,,,,,,,
// MISSILE SILO,,,,,,,,,,,,,,,,,,,,,,,,,,,,,,,,,,,,,,,,,,,,,,,,,,,,,,,,,,,,,,,,,,,,,,,,,,,,,,,,,,,,,,,,,
Territory_Missile_Silo,1140,chem,,federation; gaia,ground,platform,static,,,136,none,1,/,/,offset: 5.5,direct,/,1,,,Missile_Silo,8,2,1.737,,,,,,/,,Silo_Missile_Nuke; Silo_Missile_Chemical; Silo_Missile_Cluster,,/,/,,/,,,,,,,/,/,,,/,,,,,,,Bug_Tunnel,Sparks,,,,solid; inanimate,1,baseHeight; alwaysVisible; tileBlocking,facing: tile,,,,,,,,,,,,,,,,,,,,,,,,,,
Missile_Gas_Cloud,5036,chem,,gaia,ground,device,static,,,/,none,,,/,type: none,direct,/,1,,,Lethal_Gas_Missile,8,,0.1,1,,,,,Lethal_Gas,,/,18 remove,/,/,,,,,,,,,/,/,,,10,,,,,,,/,,,,,,,noCollider; noUnitCard; inaccessible; noEditor; alwaysVisible; forceRogue,,,,,,,,,,,,,,,,,,,,,,,,,,,
,,,,,,,,,,,,,,,,,,,,,,,,,,,,,,,,,,,,,,,,,,,,,,,,,,,,,,,,,,,,,,,,,,,,,,,,,,,,,,,,,,,,,,,,,
// FORTIS ERADICATORS,,,,,,,,,,,,,,,,,,,,,,,,,,,,,,,,,,,,,,,,,,,,,,,,,,,,,,,,,,,,,,,,,,,,,,,,,,,,,,,,,,,,,,,,,
Fortis_Eradicators,5599,chem,,federation,ground,infantry,foot,Fortis_Eradicators,,154,,,Power_Plant,checker; 0.3; 1.8; 1.8; 2,offset: 5,squad,1,6,,,Fortis_Eradicator,0.8,,1.76,1.12; 1.15,,,Fortis_Eradicators,,Eradicator_Plasma_Shot,/,Deploy_Bastion_Railgun; Fortis_Construction_Kit; SwitchDefender_Tigers,/,100,40,,3,,,5,,,,3.9,360,,,50,,,,,Fortis_Eradicators_Deployed,Fortis_Eradicators_Deployed; Fortis_Eradicators_Constructors; Fortis_Eradicators_Constructors,,Sparks,,156; 10; 10,standard: Blood_Death,human; canCaptureHive; gasImmune; radiationImmune; eradicators,,garrison; canPurchase,,,,,,,3,,,,1,enabled,,preferredTransport: DR-4_Viking,,,,,,,,,,,,,
Fortis_Eradicators_Deployed,5600,chem,,federation,ground,infantry,foot,Fortis_Eradicators,,154,,,Power_Plant,mob; 0.3; 2.8,offset: 5,squad,1,6,,,Fortis_Eradicator,0.8,,1.76,1.12; 1.15,,,Fortis_Eradicators,,Eradicator_Plasma_Shot,/,Undeploy_Perimeter; Fortis_Construction_Kit; SwitchDefender_Tigers,/,100,40,,3,,,5,,,,/,360,,,50,,,,,Fortis_Eradicators,,,Sparks,,156; 10; 10,standard: Blood_Death,human; canCaptureHive; gasImmune; radiationImmune; eradicators,,garrison; noEditor; noAutoTarget,,,,,,,3,,,,1,enabled,,preferredTransport: DR-4_Viking,,,,,,exit: instant,,,,,,,
Fortis_Eradicators_Constructors,5627,chem,,federation,ground,infantry,foot,Fortis_Eradicators,,154,,,Power_Plant,checker; 0.3; 1.8; 1.8; 2,offset: 5,squad,1,6,,,Fortis_Eradicator,0.8,,1.76,1.12; 1.15,,,Fortis_Eradicators,,Eradicator_Plasma_Shot,/,Deploy_Bastion_Railgun; Fortis_Construction_Kit,/,100,40,,3,,,5,,,,3.9,360,,,50,,,,,Fortis_Eradicators_Deployed_Constructors,,,Sparks,,156; 10; 10,standard: Blood_Death,human; canCaptureHive; gasImmune; radiationImmune; eradicators,,garrison; noEditor,,,,,,,3,,,,1,enabled,,preferredTransport: DR-4_Viking,,,,,,,,,,welding,,construct: (attribute: repairable),
Fortis_Eradicators_Deployed_Constructors,5626,chem,,federation,ground,infantry,foot,Fortis_Eradicators,,154,,,Power_Plant,mob; 0.3; 2.8,offset: 5,squad,1,6,,,Fortis_Eradicator,0.8,,1.76,1.12; 1.15,,,Fortis_Eradicators,,Eradicator_Plasma_Shot,/,Undeploy_Perimeter; Fortis_Construction_Kit,/,100,40,,3,,,5,,,,/,360,,,50,,,,,Fortis_Eradicators_Constructors,,,Sparks,,156; 10; 10,standard: Blood_Death,human; canCaptureHive; gasImmune; radiationImmune; eradicators,,garrison; noEditor; noAutoTarget,,,,,,,3,,,,1,enabled,,preferredTransport: DR-4_Viking,,,,,,exit: instant,,,,,,,
Bastion_Railgun,5563,chem,,federation; gaia,ground,structure,fundament,Bastion_Railgun,,/,none,,/,/,type: simple; offset: 3.5,direct,/,1,,,Bastion_Railgun,10,2,1.8,1.2,,,,,Bastion_Railgun_Shot,,/,,500,50,,/,/,/,/,,,10,/,/,50; pitch: 30 -35 80,,60,,,,,,,,Sparks,,,Fortification_Explosion, gasImmune; radiationImmune; inanimate,,alwaysVisible; noUnitCard; noCollider; inaccessible; noEditor; shootThroughSoldiers,,,,,,,,,,,1,,,,,,,,,exit: instant,,,,,,,flatGroundOnly: true; requirePavement: true; requiresTileSpacing: 1
,,,,,,,,,,,,,,,,,,,,,,,,,,,,,,,,,,,,,,,,,,,,,,,,,,,,,,,,,,,,,,,,,,,,,,,,,,,,,,,,,,,,,,,,,
// M9C MANIPULATOR,,,,,,,,,,,,,,,,,,,,,,,,,,,,,,,,,,,,,,,,,,,,,,,,,,,,,,,,,,,,,,,,,,,,,,,,,,,,,,,,,,,,,,,,,
Mech_Heavy_Bio,5576,chem,,federation,ground,vehicle,mech,Mech_Heavy_Bio,,149,,,Power_Plant,/,offset: 7.5,direct,1,1,BigUnit 90,,Mech_Heavy_Bio,4,,4.5,0.95,1,,Mech_Heavy_Bio,,M9C_Rogue_Dart,,M9C_Mind_Control; SwitchDefender_RoyalGuard; Drop_Drones_Pod; Silo_Remote_Nuke; Silo_Remote_Chemical; Silo_Remote_Cluster,,500,70,,3,,,25,,,20,4,100,100; pitch: 30 -35 80,,40,,,,,,,,Sparks,ragdoll: (),,E_Turret_Death,armored; gasImmune; radiationImmune; fireproof,,suppressionImmune; cannotCapture; bigCollisionLayer; canSelfDestruct; canPurchase,,,,,,,,,,,,enabled,,preferredTransport: Drop_Pod; noPlayerInput: (),,,,,,,,,,,,,
Drones_Pod,5030,chem,,federation,ground,cavern,fundament,,,166,,,,/,type: simple; offset: 7,direct,/,1,,,Drones_Pod,8,2,4,,,,,,/,,/,30 kill,400,,,,,,,,,,/,/,,,20,,,10,Drones_Pod_Bugs,,,,Sparks,instantremove :(),,Bunker_Explosion,,,invulnerable; noUnitCard; alwaysVisible; critterSpawner,,,,,,,,,,,,enabled,,preferredTransport: Drop_Pod; noPlayerInput: (),,,maxDefenderCount: 10; activationDelay: 5; spawnDelay: 5; unitType: drones_pod_bugs; waves: 5 4 4 3 3 2 2 2 2 2,,,exit: instant,,,,,,,blockConstruction: true
,,,,,,,,,,,,,,,,,,,,,,,,,,,,,,,,,,,,,,,,,,,,,,,,,,,,,,,,,,,,,,,,,,,,,,,,,,,,,,,,,,,,,,,,,
// POWERED SUIT ERADICATORS,,,,,,,,,,,,,,,,,,,,,,,,,,,,,,,,,,,,,,,,,,,,,,,,,,,,,,,,,,,,,,,,,,,,,,,,,,,,,,,,,,,,,,,,,
Powersuit_Eradicators,5601,chem,,federation,ground,infantry,foot,Powersuit_Eradicators,,153,,,Sector_Headquarters,checker; 0.3; 2; 1.8; 2,offset: 5,squad,1,5,,,Powersuit_Eradicator,1,,1.76,1.12; 1.15,,,Powersuit_Eradicators,,Eradicator_Irradiator_Shot,/,Rogue_Grenade; Pheromone_Shield; Pheromone_Shield_Depleted; Deploy_Ufo; Silo_Remote_Nuke; Silo_Remote_Chemical; Silo_Remote_Cluster,/,120,50,,3,,,10,,1.5,,7,360,,,50,,,,,Powersuit_Eradicators_Cloaked,,,Sparks,,156; 10; 10,/,human; canCaptureHive; gasImmune; radiationImmune; eradicators; xm11Boostable,,garrison; canPurchase,,,,,,,3,,,,1,enabled,,preferredTransport: DR-4_Viking,,,,,,,,,,,,,
Powersuit_Eradicators_Cloaked,5604,chem,,federation,ground,infantry,foot,Powersuit_Eradicators,,153,,,Sector_Headquarters,checker; 0.3; 2; 1.8; 2,offset: 5,squad,1,5,,,Powersuit_Eradicator_Cloaked,1,,1.76,1.12; 1.15,,,Powersuit_Eradicators,,Eradicator_Irradiator_Shot,/,Rogue_Grenade; Pheromone_Shield; Pheromone_Shield_Depleted; Deploy_Ufo; Silo_Remote_Nuke; Silo_Remote_Chemical; Silo_Remote_Cluster,/,120,50,,3,,,10,,1.5,,7,360,,,50,,,,,Powersuit_Eradicators,,,Sparks,,156; 10; 10,/,human; canCaptureHive; gasImmune; radiationImmune; eradicators; xm11Boostable,1,garrison; noAutoTarget;,,,,,,,3,,,,1,enabled,,preferredTransport: DR-4_Viking,,,,,,,,,,,,,
Controllable_Rad_Drone,5632,chem,,federation,air,aircraft,rotor,,,156,,,,/,offset: 4,direct,1,1,,,Radiation_Drone_Big,3,,1.8,0.7,,,Kamikaze_Drone,male,Ufo_Shot,,,30 kill,200,20,,/,,/,/,,,20,6,200,1000,7,30,,,,,,,,Sparks,instantremove :(),,E_Turret_Death,human; gasImmune,,suppressionImmune; cannotCapture; bigCollisionLayer; canSelfDestruct; overwatch,,,,,,,,,,,,enabled,,preferredTransport: DR-4_Viking,spawnType: burrow,,,,,,,,,,,,
,,,,,,,,,,,,,,,,,,,,,,,,,,,,,,,,,,,,,,,,,,,,,,,,,,,,,,,,,,,,,,,,,,,,,,,,,,,,,,,,,,,,,,,,,
// M11 EXTERMINATOR,,,,,,,,,,,,,,,,,,,,,,,,,,,,,,,,,,,,,,,,,,,,,,,,,,,,,,,,,,,,,,,,,,,,,,,,,,,,,,,,,,,,,,,,,
M11_Exterminator,5606,chem,,federation,ground,vehicle,mech,M11_Exterminator,,137,,,Machine_Bay,/,offset: 7.5,direct,1,1,BigUnit 90,,M11_Exterminator,2.5,,3.63,1.5,1,,M11_Exterminator,,XM11_Irradiator_Shot,,M11_X_Default_Missile; M11_X_Booster; M11_X_Jump_Unlock; Radiation_Bomb,,800,70,,4,,,30,,0.8,40,4.4,60,,,60,,,,,,,,Sparks,bloodTexture: 3 always,,Marauder_Death,armored; gasImmune; fireproof; smogImmune,1,suppressionImmune; cannotCapture; bigCollisionLayer; canSelfDestruct; canPurchase,,,,,,,2,,,,,enabled,,preferredTransport: Drop_Pod; noPlayerInput: (),,,,,,,,,,,,,
M11_Exterminator_Jump,5049,chem,,federation,ground,vehicle,mech,M11_Exterminator,,137,,,Machine_Bay,/,offset: 7.5,direct,1,1,BigUnit 90,,M11_Exterminator,2.5,,3.63,1.5,1,,M11_Exterminator,,XM11_Irradiator_Shot,,M11_X_Default_Missile; M11_X_Booster; M11_X_Jump,,800,70,,4,,,30,,0.8,40,4.4,60,,,60,,,,,,,,Sparks,bloodTexture: 3 always,,Marauder_Death,armored; gasImmune; fireproof; smogImmune,,suppressionImmune; cannotCapture; bigCollisionLayer; canSelfDestruct;,,,,,,,2,,,,,enabled,,preferredTransport: Drop_Pod; noPlayerInput: (),,,,,,,,,,,,,
XM11_Missile_Poison,5007,chem,,gaia,ground,device,static,,,/,none,,,/,type: none,direct,/,1,,,XM11_Missile_Poison,8,,0.1,1,,,,,/,,/,18 remove,/,/,,,,,,,,,/,/,,,10,,,,,,,/,,,,,,1,noCollider; noUnitCard; inaccessible; noEditor; alwaysVisible; forceRogue,,,,,,,,,,,,,,,,,,,,,,,,,,,
Radiation_Bomb_Radiation,5008,chem,,gaia,ground,device,static,,,/,none,,,/,type: none,direct,/,1,,,Chemical_Radiation_360,16,,0.1,2,,,,,/,,/,30 remove,/,/,,,,,,,,,/,/,,,20,,,,,,,,,,,,,1,noUnitCard; inaccessible; forceRogue; alwaysVisible; noCollider; nightVision; noEditor,,,,,,,,,,,,,,,,,,,,,,,,,,,
,,,,,,,,,,,,,,,,,,,,,,,,,,,,,,,,,,,,,,,,,,,,,,,,,,,,,,,,,,,,,,,,,,,,,,,,,,,,,,,,,,,,,,,,,
// DRUGGED BUGS,,,,,,,,,,,,,,,,,,,,,,,,,,,,,,,,,,,,,,,,,,,,,,,,,,,,,,,,,,,,,,,,,,,,,,,,,,,,,,,,,,,,,,,,,
Drugged_Drones,5585,chem,,federation,ground,horde,claw,,,112,none,,/,,type: none; offset: 3,direct,1,1,individual,,Drugged_Drone_Bug_0,3.7,,2.46,0.5; 0.65,,,Drone,,Drugged_Pupae_Claws,,/,,80,10,,/,,,,,,/,7,600,,,30,,,,,,,,Green,,118; 165; 61,standard: Green_Death,,,noUnitCard; inaccessible; noFireBlocking,,aggressive,,climbing,,,4,4,,,1,enabled,,,spawnType: burrow,,,,attack:disabled,,,,,,,,
Drugged_Warriors,5015,chem,,federation,ground,horde,claw,,,113,none,,/,mob; 0.3; 3.0,type: none; offset: 3.5,direct,1,1,individual,,Drugged_Warrior_Bug_0,3.7,,2.46,0.8; 0.85,,,Warrior,,Drugged_Warrior_Claws,,/,,120,30,,/,,,,,,/,5,600,,,30,,,,,,,,Green,/,161; 231; 81,standard: Green_Death,,,noUnitCard; inaccessible; noFireBlocking,,aggressive,,climbing,,,4,4,,,1,enabled,,preferredTransport: DR-4_Viking,,,,,attack:disabled,,,,,,,,
Drugged_Tiger_Bugs,5580,chem,,federation,ground,horde,claw,,,114,none,,/,mob; 0.3; 3.0,type: none; offset: 4,direct,1,1,individual,,Drugged_Tiger_Bug,3.7,,2.46,0.85; 0.9,,,Warrior,,Drugged_Tiger_Claws,,/,,150,60,,/,,,,,,/,6,600,,,30,,,,,,,,Green,deathWeapon: Drugged_Tiger_Explosion,161; 231; 81,standard: Green_Death,,,noUnitCard; inaccessible; noFireBlocking; suppressionResistant,,aggressive,,climbing,,,4,4,,,1,enabled,,preferredTransport: Drop_Pod; noPlayerInput: (),,,,,attack:disabled,,,,,,,,
Drugged_Spitter_Bugs,5555,chem,,federation,ground,horde,claw,,,123,none,,/,mob; 0.3; 3.8,type: none; offset: 4,direct,2,1,individual,,Drugged_Spitter_Bug,3,,1.1,1; 1.1,,,Spitter,,Drugged_Spitter_Spit,,/,,100,10,,/,,,,,,/,7,360,,,50,,,,,,,,Green,,161; 231; 81,standard: Green_Death,,,noUnitCard; inaccessible; noFireBlocking,,aggressive,attribute: druggedSpitterPrio,climbing,,,2,,,,1,enabled,,,,,,,attack:disabled,,,,,,,,
Drugged_Bombardiers,5586,chem,,federation,ground,horde,claw,,,120,none,,/,,type: none; offset: 2,direct,2,1,individual,,Bombardier_Bug_0,0.5,,0.5,1.2,,,,,Drugged_Bombardier_Launch,,/,,20,30,,/,,,,,,/,4,195,,,30,,,,,,,,Green,,,standard: Green_Death,,,noUnitCard; inaccessible; noFireBlocking,,aggressive,,,,,,,,,,enabled,,,spawnType: burrow,,,,attack:disabled,,,,,,,,
Drugged_Royal_Guard,5031,chem,,federation,ground,horde,claw,,,115,none,,/,/,type: none; offset: 3,direct,1,1,individual,,Drugged_Guard_Bug,3.7,,2.46,0.9; 0.95,,,Warrior,,Drugged_Guard_Claws,,/,,300,100,,/,,,,,,/,4,360,,,30,,,,,,,,Orange,bloodTexture: 2,195; 196; 69,standard: Orange_Death,,,noUnitCard; inaccessible; noFireBlocking; suppressionResistant,,aggressive,,,,,4,4,,,2,enabled,,preferredTransport: Drop_Pod; noPlayerInput: (),,,,,attack:disabled,,,,,,,,
Drones_Pod_Bugs,5032,chem,,federation,ground,horde,claw,,,112,none,,/,mob; 0.3; 2.8,type: none; offset: 3,individual,1,8,individual,,Drugged_Drone_Bug_0,3.7,,2.46,0.5; 0.65,,,Drone,,Pupae_Claws,,/,25 kill,80,10,,/,,,,,,/,7,360,,,45,,,,,,,,Green,,118; 165; 61,standard: Green_Death,,,noUnitCard; inaccessible; noFireBlocking,,aggressive,,climbing,,,4,4,,,,enabled,,,spawnType: burrow,,,,attack:disabled,,,,,,,,
,,,,,,,,,,,,,,,,,,,,,,,,,,,,,,,,,,,,,,,,,,,,,,,,,,,,,,,,,,,,,,,,,,,,,,,,,,,,,,,,,,,,,,,,,
,,,,,,,,,,,,,,,,,,,,,,,,,,,,,,,,,,,,,,,,,,,,,,,,,,,,,,,,,,,,,,,,,,,,,,,,,,,,,,,,,,,,,,,,,
// BUG CAGE 'TURRET',,,,,,,,,,,,,,,,,,,,,,,,,,,,,,,,,,,,,,,,,,,,,,,,,,,,,,,,,,,,,,,,,,,,,,,,,,,,,,,,,,,,,,,,,
Electro_Bug_Cage,5592,chem,,federation,ground,electro_turret,static,,,162,,1,/,/,type: simple; offset: 2,direct,/,1,,,Electro_Bug_Cage,4,1,0.1,,,,,,,,/,,300,40,granite,/,/,,10,,,5,/,/,,,30,,,,,,,Bug_Cage_Mask,Sparks,,,,electroTurret; gasImmune; repairable,,alwaysVisible; noUnitCard; canSelfDestruct; noCollider; canPurchase,facing: tile,,,,,,,,,,,,,,,,,spawn: (type: drugged_warriors; interval: 3; amount: 2); followRange: 10; returner: (maxRange: 15; minRange: 8); dieWithLeader: (); highlight: (),attack: turret,,,,,,,,flatGroundOnly: true; requiresTileSpacing: 2
Electro_Bug_Cage_Tiger,5593,chem,,federation,ground,electro_turret,static,,,162,,1,/,/,type: simple; offset: 2,direct,/,1,,,Electro_Bug_Cage_Tiger,4,1,0.1,,,,,,,,/,,300,40,granite,/,/,,10,,,5,/,/,,,30,,,,,,,Bug_Cage_Mask,Sparks,,,,electroTurret; gasImmune; repairable,,alwaysVisible; noUnitCard; canSelfDestruct; noCollider; ,facing: tile,,,,,,,,,,,,,,,,,spawn: (type: drugged_tiger_bugs; interval: 3; amount: 2); followRange: 10; returner: (maxRange: 15; minRange: 8); dieWithLeader: (); highlight: (),attack: turret,,,,,,,,flatGroundOnly: true; requiresTileSpacing: 2
Electro_Bug_Cage_Spitter,5594,chem,,federation,ground,electro_turret,static,,,164,,1,/,/,type: simple; offset: 2,direct,/,1,,,Electro_Bug_Cage_Spitter,4,1,0.1,,,,,,,,/,,300,40,granite,/,/,,10,,,5,/,/,,,30,,,,,,,Bug_Cage_Mask,Sparks,,,,electroTurret; gasImmune; repairable,,alwaysVisible; noUnitCard; canSelfDestruct; noCollider; canPurchase,facing: tile,,,,,,,,,,,,,,,,,spawn: (type: drugged_spitter_bugs; interval: 3; amount: 3); followRange: 10; returner: (maxRange: 15; minRange: 8); dieWithLeader: (); highlight: (),attack: turret,,,,,,,,flatGroundOnly: true; requiresTileSpacing: 2
,,,,,,,,,,,,,,,,,,,,,,,,,,,,,,,,,,,,,,,,,,,,,,,,,,,,,,,,,,,,,,,,,,,,,,,,,,,,,,,,,,,,,,,,,
// SPECIAL UNITS,,,,,,,,,,,,,,,,,,,,,,,,,,,,,,,,,,,,,,,,,,,,,,,,,,,,,,,,,,,,,,,,,,,,,,,,,,,,,,,,,,,,,,,,,
Crashed_Dropship,5637,base,,federation,ground,device,fundament,,,59,none,,/,/,type: simple,direct,/,1,,,Crashed_Dropship,10,,6,1,,,,,/,,,,/,/,,/,,,,,,,/,/,,,/,,,10,,,,,Sparks,,,,,,alwaysVisible; noUnitCard,,,,,,,,,,,,,,,,,,,,,,,,,,,
Crashed_Dropship_Burning,5648,base,,federation,ground,device,fundament,,,59,none,,/,/,type: simple,direct,/,1,,,Crashed_Dropship_Burning,10,,6,1,,,,,/,,,,/,/,,/,,,,,,,/,/,,,/,,,10,,,,,Sparks,,,,,,alwaysVisible; noUnitCard,,,,,,,,,,,,,,,,,,,,,,,,,,,
Territory_Chemical_Depot,1141,chem,,federation; gaia,ground,platform,static,,,145,none,1,/,/,type: none; offset: 5.5,direct,/,1,,,Chemicals_Depot,8,2,1.737,,,,,,/,,/,,/,/,,/,/,,,funds: 5,,,/,/,,,16,,,,,,,Bug_Tunnel,Sparks,,,,,,baseHeight; alwaysVisible; noUnitCard; tileBlocking,facing: tile,,,,,,,,,,,,,,,,,,,,,,,,,,
Hydra_Mockup,5631,chem,,federation,ground,structure,static,,,152,none,,/,/,type: none,direct,/,1,,,Hydra_Mockup,10,4 4 ,5,1.1,2 ,,,,/,,/,,500,/,,/,,,,,,,/,/,,,/,,,,,,,,Sparks,,,,,,noUnitCard; alwaysVisible;tileBlocking; noAutoTarget,,,,,,,,,,,,,,,,,,,,,,,,,,,
Huge_Missile,5640,chem,,federation,ground,structure,static,,,152,none,,/,/,type: none,direct,/,1,,,Rocket_Huge,4,2,30,,,,,,/,,/,,500,/,,/,,,,,,,/,/,,,/,,,,,,,,Sparks,instantremove :() ;  deathWeapon: Camera_Shake,,Missile_Huge_Launch,,,alwaysVisible;tileBlocking; noAutoTarget,facing: fixed 0; force: true,,,,,,,,,,,,,,,,,,,,,,,,,,
Missile_Battery,5040,chem,,federation,ground,structure,static,,,53,,,/,/,offset: 4.5,direct,/,1,,,AA_Battery_Small,2,1,,0.5,1,,Turret,male,Missile_Battery_Shot,,/,,500,20,,/,,,,,,,/,/,60; pitch: 30 -13 30,,50,,8,,,,,,Sparks,deathSwitch: Missile_Battery_Destroyed,,E_Turret_Death,repairable,,noUnitCard; alwaysVisible; tileBlocking; capturable,,,,,,,,,,,,,,,,,,,,,,,,,,,flatGroundOnly: true; requiresTileSpacing: 2
Missile_Battery_Destroyed,5041,chem,,federation,ground,structure,static,,,53,,,/,/,offset: 4.5,direct,/,1,,,AA_Battery_Destroyed,2,1,,0.5,1,,,,/,,Repair_To_Default,,500; onDeployOrSwitch: 1,/,,/,,,,,,,/,/,60; pitch: 30 -13 30,,/,,8,,,Missile_Battery,,,Sparks,,,,repairable,,noUnitCard; alwaysVisible; tileBlocking; invulnerable; capturable,,,,,,,,,,,,,,,,,,,,,,,,,,,flatGroundOnly: true; requiresTileSpacing: 2
Territory_Base_Bombardiers,5010,chem,,federation; gaia,ground,station,static,,,138,base,,/,/,type: simple; offset: 5.5,direct,/,1,,,Territory_Base_Bombardiers,8,2,1.737,,1,1,,,Base_Bombardier_Launch,,/,,2000,/,,/,,,,,,120,/,/,80; pitch: 80 -20 90,,35,,,,,,,,Sparks,deathWeapon: Nuke_Device_Explosion; deathSwitch: Territory_Base_Destroyed,,,repairable,1,baseHeight; alwaysVisible; tileBlocking; station; nightVision; overwatch; noFireBlocking,facing: tile,,,,,,,,,,,,,,,,,,attack: base,,,,,,,,blockConstruction: true
,,,,,,,,,,,,,,,,,,,,,,,,,,,,,,,,,,,,,,,,,,,,,,,,,,,,,,,,,,,,,,,,,,,,,,,,,,,,,,,,,,,,,,,,,
DIM_Dart_Launcher_Captureable,5647,chem,,federation,ground,structure,static,,,144,none,,/,/,type: simple; offset: 6,direct,/,1,,,DIM_Dart_Launcher,8,2,,1,1,,Turret,male,/,,OnCapture_Switch,,/,/,,/,,,,,,,/,/,,,10,,8,,,DIM_Dart_Launcher,,,Sparks,,,E_Turret_Death,,,baseHeight; noUnitCard; alwaysVisible; tileBlocking; capturable,,,,,,,,,,,,,,,,,,,,,,,,,,,blockConstruction: true
DIM_Dart_Launcher,5642,chem,,federation,ground,structure,static,,,144,none,,/,/,type: simple; offset: 6,direct,/,1,,,DIM_Dart_Launcher,8,2,,1,1,,Turret,male,/,,Dart_Launcher_Fire,,/,/,,/,,,,,,,/,/,,,10,,,,,,,,Sparks,,,E_Turret_Death,,,baseHeight; noUnitCard; alwaysVisible; tileBlocking,,,,,,,,,,,,,,,,,,,,,,,,,,,blockConstruction: true
DIM_Dart_Launcher_Destroyed,5643,chem,,federation,ground,structure,static,,,144,none,,/,/,type: simple; offset: 6,direct,/,1,,,DIM_Dart_Launcher_Destroyed,8,2,,1,1,,Turret,male,/,,,,,/,,/,,,,,,,/,/,,,/,,,,,,,,Sparks,,,,,,baseHeight; noUnitCard; alwaysVisible; tileBlocking; invulnerable,,,,,,,,,,,,,,,,,,,,,,,,,,,blockConstruction: true
DIM_Dart_Launcher_Destroyable,5650,chem,,federation,ground,structure,static,,,144,none,,/,/,type: simple; offset: 6,direct,/,1,,,DIM_Dart_Launcher,8,2,,1,1,,Turret,male,/,,,,2000,20,,/,,,,,,,/,/,,,10,,,,,,,,Sparks,deathSwitch: DIM_Dart_Launcher_Destroyed,,E_Turret_Death,,,baseHeight; noUnitCard; alwaysVisible; tileBlocking,,,,,,,,,,,,,,,,,,,,,,,,,,,blockConstruction: true
,,,,,,,,,,,,,,,,,,,,,,,,,,,,,,,,,,,,,,,,,,,,,,,,,,,,,,,,,,,,,,,,,,,,,,,,,,,,,,,,,,,,,,,,,
Pheromone_Emitter,5644,base,,federation,ground,structure,static,,,144,none,,/,/,type: simple; offset: 11,direct,/,1,,,Mass_Pheromone_Emitter,8,2,,1,1,,Turret,male,,,Pheromone_Emitter_Activate,,500,20,,/,,,,,,,/,/,,,50,,,,,Pheromone_Emitter_Enabled,,,Sparks,deathSwitch: Pheromone_Emitter_Destroyed,,E_Turret_Death,repairable,,noUnitCard; alwaysVisible; tileBlocking,facing: tile,,,,,,,,,,,,,,,,,,,,,,,,,,blockConstruction: true
Pheromone_Emitter_Enabled,5646,base,,federation,ground,structure,static,,,144,none,,/,/,type: simple; offset: 11,direct,/,1,,,Mass_Pheromone_Emitter_Active,8,2,,1,1,,Turret,male,/,,Pheromone_Emitter_Deactivate,,500,20,,/,,,,,,,/,/,,,50,,,,,Pheromone_Emitter,,,Sparks,deathSwitch: Pheromone_Emitter_Destroyed,,E_Turret_Death,repairable,,noUnitCard; alwaysVisible; tileBlocking,facing: tile,,,,,,,,,,,,,,,,,,,,,,,,,,blockConstruction: true
Pheromone_Emitter_Destroyed,5645,base,,federation,ground,structure,static,,,144,none,,/,/,type: simple; offset: 11,direct,/,1,,,Mass_Pheromone_Emitter_Destroyed,8,2,,1,1,,Turret,male,/,,Repair_To_Default,,500; onDeployOrSwitch: 1,/,,/,,,,,,,/,/,,,/,,,,,Pheromone_Emitter,,,Sparks,,,,repairable,,noUnitCard; alwaysVisible; tileBlocking; invulnerable,facing: tile,,,,,,,,,,,,,,,,,,,,,,,,,,blockConstruction: true
Pheromone_Emitter_Enabled_Destroyed,5649,base,,federation,ground,structure,static,,,144,none,,/,/,type: simple; offset: 11,direct,/,1,,,Mass_Pheromone_Emitter_Active_Destroyed,8,2,,1,1,,Turret,male,/,,Repair_To_Default,,500; onDeployOrSwitch: 1,/,,/,,,,,,,/,/,,,/,,,,,Pheromone_Emitter_Enabled,,,Sparks,,,,repairable,,noUnitCard; alwaysVisible; tileBlocking; invulnerable,facing: tile,,,,,,,,,,,,,,,,,,,,,,,,,,blockConstruction: true
,,,,,,,,,,,,,,,,,,,,,,,,,,,,,,,,,,,,,,,,,,,,,,,,,,,,,,,,,,,,,,,,,,,,,,,,,,,,,,,,,,,,,,,,,
Battery_Array,5634,chem,,federation,ground,structure,static,,,144,none,,/,/,type: simple; offset: 9,direct,/,1,,,Battery_Array,8,2,,,1,,,male,/,,,,500,20,,/,,,,,,,/,/,,,/,,,,,Battery_Array_Charged,,,Sparks,,,,xm11Boostable,,baseHeight; noUnitCard; alwaysVisible; tileBlocking; noAutoTarget,facing: tile,,,,,,,,,,,,,,,,,,,,,,,,,,blockConstruction: true
Battery_Array_Charged,5641,chem,,federation,ground,structure,static,,,144,none,,/,/,type: simple; offset: 9,direct,/,1,,,Battery_Array_Charged,8,2,,,1,,,male,/,,,,500,20,,/,,,,,,,/,/,,,/,,,,,,,,Sparks,deathSwitch: Battery_Array_Destroyed,,E_Turret_Death,repairable,,baseHeight; noUnitCard; alwaysVisible; tileBlocking; noAutoTarget,facing: tile,,,,,,,,,,,,,,,,,,,,,,,,,,blockConstruction: true
Battery_Array_Destroyed,5639,chem,,federation,ground,structure,static,,,144,none,,/,/,type: simple; offset: 9,direct,/,1,,,Battery_Array_Destroyed,8,2,,,1,,,male,/,,Repair_To_Default,,500; onDeployOrSwitch: 1,/,,/,,,,,,,/,/,,,/,,,,,Battery_Array_Charged,,,Sparks,,,,xm11Boostable,,baseHeight; noUnitCard; alwaysVisible; tileBlocking; invulnerable,facing: tile,,,,,,,,,,,,,,,,,,,,,,,,,,blockConstruction: true
,,,,,,,,,,,,,,,,,,,,,,,,,,,,,,,,,,,,,,,,,,,,,,,,,,,,,,,,,,,,,,,,,,,,,,,,,,,,,,,,,,,,,,,,,
// ARACHNIDS,,,,,,,,,,,,,,,,,,,,,,,,,,,,,,,,,,,,,,,,,,,,,,,,,,,,,,,,,,,,,,,,,,,,,,,,,,,,,,,,,,,,,,,,,
Buzzer_Bugs,5017,chem,,arachnid,ground,horde,claw,Buzzer_Bugs,,150,,,,mob; 0.3; 2.8,type: none; offset: 3.5,individual,1,4,individual,0.25,Buzzer_Bug_0,3.7,,2.46,0.5; 0.55,,,Buzzer,,Buzzer_Bug_Attack,,/,,60,10,,2,,,,,,2,8,500,,,50,,,,,,Buzzer_Bug_Launched;,,Yellow,perType:(radiation:(ragdoll:())),156; 10; 10,standard: Yellow_Death ; radiation: Radiation_Death,mindControllable,1,suppressionResistant; canAttackAllClearableBuildings,,aggressive,,climbing,,,4,4,,,,enabled,,,spawnType: burrow,,,,,,,,,,,,
Buzzer_Bug_Launched,5035,chem,,arachnid,ground,horde,claw,Buzzer_Bugs,,150,,,,mob; 0.3; 2.8,type: none; offset: 3.5,individual,1,1,individual,0.25,Buzzer_Bug_0,3.7,,2.46,0.5; 0.55,,,Buzzer,,Buzzer_Bug_Attack,,/,,60,10,,2,,,,,,2,8,500,,,50,,,,,,,,Yellow,perType:(radiation:(ragdoll:())),156; 10; 10,standard: Yellow_Death ; radiation: Radiation_Death,mindControllable,1,suppressionResistant; canAttackAllClearableBuildings,,aggressive,,climbing,,,4,4,,,,enabled,,,spawnType: burrow,,,,,,,,,,,,
Buzzer_Grenadier_Bug,5033,chem,,arachnid,ground,horde,claw,Buzzer_Grenadier_Bug,,151,,,,/,type: simple; offset: 7,direct,2,1,,0.75,Buzzer_Grenadier_Bug_0,5,,3,1.5,,,Buzzer_Grenadier,male,Buzzer_Grenadier_Shot,Buzzer_Grenadier_Powershot,Buzzer_Grenadier_Trail,,500,70,,4,,,,,,4,4,104,,,40,,,,,,,,Yellow,bloodTexture: 1,233; 126; 12,standard: Yellow_Death,acidImmune; mindControllable,1,suppressionImmune; bigCollisionLayer; overwatch; canAttackAllClearableBuildings,,aggressive,,,,,,,,,,enabled,,,spawnType: burrow,,,,,,,,,,,,
Geiger_Bugs,5048,chem,,arachnid,ground,behemoth,foot,Geiger_Bugs,,146,,,,mob; 0.3; 3.0,type: none,individual,1,7,individual,,Geiger_Bug_0;Geiger_Bug_1;Geiger_Bug_2,2,,1.1,1,,,Geiger_Bug,,Geiger_Bug_Attack,,/,,120,60,,3,,,,,,,6.5,300,,,50,,,,,,,,Orange,deathWeapon: Geiger_Bug_Explosion; ragdoll: (),233; 126; 12, Radiation_Death,radiationImmune; mindControllable,,suppressionResistant; canAttackAllClearableBuildings,,aggressive,attribute: eradicators,,,,,,,,,enabled,,,spawnType: burrow,,,,,,,,,,,,
Hydra_Bug,5044,chem,,arachnid,ground,behemoth,static,Hydra_Bug,,152,,,,/,type: simple; offset: 7,direct,2,1,BigUnit 20,0.75,Hydra_Bug_0,10,,5,1.1,,,Hydra_Bug,male,Hydra_Shot_Buzzer,,Hydra_Shockwave,,5000,70,,,,,,,,,/,70,,,40,,,,,,,,Yellow,bloodTexture: 2,,standard: Yellow_Death,acidImmune,,suppressionImmune; bigCollisionLayer; overwatch; canAttackAllClearableBuildings,,aggressive,,,,,,,,,,enabled,,,spawnType: burrow,,,,,exit: burrow,,,,,,,
Hydra_Bug_Wounded,5053,chem,,arachnid,ground,behemoth,claw,Hydra_Bug,,152,,,,/,type: simple; offset: 7,direct,2,1,BigUnit 20,0.75,Hydra_Bug_Wounded_0,10,,5,1.1,,,Hydra_Bug,male,Hydra_Wounded_Shot,,Hydra_Shockwave,,3000,60,,,,,,,,,4,70,,,40,,,,,,,,Yellow,bloodTexture: 2,,standard: Yellow_Death,acidImmune; radiationImmune,,suppressionImmune; bigCollisionLayer; overwatch; canAttackAllClearableBuildings,,aggressive,,,,,,,,,,enabled,,,spawnType: burrow,,,,,exit: burrow,,,,,,,
Buzzer_Nest,5045,chem,,arachnid,ground,cavern,fundament,Buzzer_Nest,,161,,,,/,type: simple; offset: 9,direct,/,1,,,Buzzer_Nest; lava:Buzzer_Nest_Lava; chem:Buzzer_Nest_Chem,8,2,4,,,,,,/,,/,,400,50,granite,,,,,,,,/,/,,,20,,,10,Pupae_Bugs,,Buzzer_Nest_Collapsed,,Dust,deathSwitch: Buzzer_Nest_Collapsed,,Brood_Chamber_Collapse,structure,,noUnitCard; tileBlocking; alwaysVisible; critterSpawner; noCollider,,,,,,,,,,,,,,,,,unitType: buzzer_bugs; activationDelay: 5; waves: 3 3 3 3 3 3 3 3 3 3; waveDelay: 1; waveSlowDown: 0,,,,,,,,,,blockConstruction: true
Buzzer_Nest_Collapsed,5046,chem,,gaia,ground,cavern,fundament,,,161,none,,,/,type: none; offset: 9,direct,/,1,,,Buzzer_Nest_Collapsed; lava:Buzzer_Nest_Collapsed_Lava; chem:Buzzer_Nest_Collapsed_Chem,8,2,4,,,,,,/,,/,,/,/,,,,,,,,,/,/,,,/,,,/,,,,,Dust,deathSwitch: Buzzer_Nest_Collapsed,,,structure,,noUnitCard; noAutoTarget; alwaysVisible; forceGaia; inaccessible; noCollider,,,,,,,,,,,,,,,,,,,,,,,,,,,blockConstruction: true
Buzzer_Grenadier_Acid_Trail,5052,chem,,gaia,ground,device,static,,,/,none,,,/,type: none,direct,/,1,,,Acid_Pool_Orange,16,,0.1,1,,,,,Buzzer_Grenadier_Pool_Shot,,/,15 remove,/,/,,,,,,,,,/,/,,,20,,,,,,,,,,,,,,noUnitCard; inaccessible; noEditor; forceRogue; alwaysVisible; noCollider; nightVision,,,,,,,,,,,,,,,,,,,,,,,,,,,
Hydra_Acid_Pool,5054,chem,,gaia,ground,device,static,,,/,none,,,/,type: none,direct,/,1,,,Acid_Pool_Hydra,16,5,0.1,1,,,,,,,/,15 remove,/,/,,,,,,,,,/,/,,,20,,,,,,,,,,,,,1,noCollider; alwaysVisible; noUnitCard; inaccessible; noEditor,,,,,,,,,,,,,,,,,,,,,,,,,,,
,,,,,,,,,,,,,,,,,,,,,,,,,,,,,,,,,,,,,,,,,,,,,,,,,,,,,,,,,,,,,,,,,,,,,,,,,,,,,,,,,,,,,,,,,
// EXTRAS,,,,,,,,,,,,,,,,,,,,,,,,,,,,,,,,,,,,,,,,,,,,,,,,,,,,,,,,,,,,,,,,,,,,,,,,,,,,,,,,,,,,,,,,,
Mutated_Spitter_Corpse,5047,chem,,gaia,ground,device,static,,,123,none,,,/,type: simple,direct,/,1,,,Mutated_Spitter_Corpse,3.8,,1,1.8,,,,,/,,,,/,/,,,,,,,,,/,/,,,/,,,,,Terminal_On,,,Green,,,,,,noCollider; capturable; alwaysVisible; noUnitCard,,,,,,,,,,,,,,,,,,,,,,,,,,,
Irradiated_Tanker_Corpse,5050,chem,,gaia,ground,device,static,,,116,none,,,/,type: simple,direct,/,1,,,Irradiated_Tanker_Corpse,3.8,,1.8,,,,,,/,,,,/,/,,,,,,,,,/,/,,,/,,,,,Terminal_On,,,Green,,,,,1,noCollider; capturable; alwaysVisible; noUnitCard,,,,,,,,,,,,,,,,,,,,,,,,,,,
Eggs_Cluster,5051,chem,,gaia,ground,device,static,,,123,none,,,/,type: simple,direct,/,1,,,Eggs_Cluster,7,2,1,1,,,,,/,,,,/,/,,,,,,,,,/,/,,,/,,,,,Terminal_On,,,Green,,,,,,tileBlocking; capturable; alwaysVisible; noUnitCard,,,,,,,,,,,,,,,,,,,,,,,,,,,
Prisoners_Chemical,5009,chem,,gaia,ground,infantry,foot,,portrait_prisoners,52,,,,mob; 0.3; 2.0,type: simple,squad,2,5,,,Prisoner_0;Prisoner_1;Prisoner_2,1.2,,1.76,1; 1.1,,,Generic_Humans,,/,,,,35,20,,3,,,,,,,3.9,360,,,50,,,,,,,,Blood,,156; 10; 10,standard: Blood_Death,human,,garrison; noFireBlocking; noAutoTarget,,aggressive,,,,,,,,,1,enabled,,preferredTransport: DR-4_Viking; noPlayerInput: (),,,,,,,,,,,,,
Permanent_Radiation,5581,chem,,gaia,ground,device,static,,,/,none,,,/,type: none,direct,/,1,,,Chemical_Radiation_360,16,,0.1,1,,,,,/,,/,,/,/,,,,,,,,,/,/,,,20,,,,,,,,,,,,,1,noUnitCard; inaccessible; forceRogue; alwaysVisible; noCollider; nightVision,,,,,,,,,,,,,,,,,,,,,,,,,,,
Lingering_Radiation,5582,chem,,gaia,ground,device,static,,,/,none,,,/,type: none,direct,/,1,,,Chemical_Radiation_360,16,,0.1,1,,,,,/,,/,,/,/,,,,,,,,,/,/,,,20,,,,,,,,,,,,,1,noUnitCard; inaccessible; forceRogue; alwaysVisible; noCollider; nightVision; noEditor,,,,,,,,,,,,,,,,,,,,,,,,,,,
Cutscene_Dropship,5638,base,,federation,air,transport_air,hover,,,59,,,,/,type: none,direct,/,1,individual,,Cutscene_Dropship,3,,1.8,0.7,,,,,,,,,/,/,,/,,,,,,,30,200,,10,30,,,,,,,,Sparks,,,,,,cannotCapture,,,,,,,,,,,,,,,,,,,,,,,,,,,
,,,,,,,,,,,,,,,,,,,,,,,,,,,,,,,,,,,,,,,,,,,,,,,,,,,,,,,,,,,,,,,,,,,,,,,,,,,,,,,,,,,,,,,,,
,,,,,,,,,,,,,,,,,,,,,,,,,,,,,,,,,,,,,,,,,,,,,,,,,,,,,,,,,,,,,,,,,,,,,,,,,,,,,,,,,,,,,,,,,
// JUNGLE DLC,,,,,,,,,,,,,,,,,,,,,,,,,,,,,,,,,,,,,,,,,,,,,,,,,,,,,,,,,,,,,,,,,,,,,,,,,,,,,,,,,,,,,,,,,
,,,,,,,,,,,,,,,,,,,,,,,,,,,,,,,,,,,,,,,,,,,,,,,,,,,,,,,,,,,,,,,,,,,,,,,,,,,,,,,,,,,,,,,,,
// RANGERS,,,,,,,,,,,,,,,,,,,,,,,,,,,,,,,,,,,,,,,,,,,,,,,,,,,,,,,,,,,,,,,,,,,,,,,,,,,,,,,,,,,,,,,,,
Jungle_Troopers,4011,jungle,,federation,ground,infantry,foot,Jungle_Troopers,,79,,,/,checker; 0.5; 2.0; 1.5; 3,offset: 5,squad,1,9,,,Jungle_Trooper_0; Jungle_Trooper_1; Jungle_Trooper_2,0.7,,1.76,1; 1.1,,,rifle_squad,,Jungle_Trooper_Shot,,Jungle_HMG_Deploy; Jungle_Mortar_Deploy; Infiltrator_Flare; Base_Remote_Artillery,,60,0,,3,,,,,,,3.9,360,,,50,,,,,,,,Blood,,156; 10; 10,standard: Blood_Death,human; canCaptureHive,,garrison; canPurchase,,,,,,,3,,,,1,enabled,,preferredTransport: DR-4_Viking,,,,,,,,,,,,purchase: (Jungle_MG_Turret),
Jungle_HMG,4049,jungle,,federation,ground,infantry,static,,,23,,,/,/,offset: 4,direct,1,1,,,Jungle_Trooper_HMG,1,,1.76,1.2,,,Shredder,male,Jungle_HMG_Burst,,/,15 remove,60,0,,/,,,,,,,/,100,,,30,,,,,,,,Blood,,156; 10; 10,standard: Blood_Death,human,,cannotCapture,,,,,,,,,,,1,enabled,,,,,,,,,nothing,,,,,,
Jungle_Mortar,4050,jungle,,federation,ground,infantry,static,,,23,,,/,/,offset: 4,direct,1,1,,,Jungle_Trooper_Mortar,1,,1.76,1,,,Shredder,male,Jungle_Mortar_Shot,,/,15 remove,60,0,,/,,,,,,,/,80,,,30,,,,,,,,Blood,,156; 10; 10,standard: Blood_Death,human,,cannotCapture,,,,,,,,,,,1,enabled,,,,,,,,,nothing,,,,,,
Jungle_Grenade_Bag,4046,jungle,,federation,ground,device,static,,,23,none,,/,/,type: simple,direct,/,1,,,Demolition_Charge_Active,0.5,,0.1,0.5,,,,,/,,/,4 kill,/,/,,/,,,,,,,/,/,,,/,,,,,,,,Sparks,deathWeapon: Jungle_Grenade_Bag_Shot,,,,,noEditor; noUnitCard; noCollider; forceRogue; remainVisible,,,,,,,,,,,,,,,,,,,,,,,,,,,
,,,,,,,,,,,,,,,,,,,,,,,,,,,,,,,,,,,,,,,,,,,,,,,,,,,,,,,,,,,,,,,,,,,,,,,,,,,,,,,,,,,,,,,,,
// GRENADE TROOPERS,,,,,,,,,,,,,,,,,,,,,,,,,,,,,,,,,,,,,,,,,,,,,,,,,,,,,,,,,,,,,,,,,,,,,,,,,,,,,,,,,,,,,,,,,
Grenade_Troopers,4012,jungle,,federation,ground,infantry,foot,Grenade_Troopers,,77,,,Grenade_Depot,checker; 0.4; 1.5; 1.9; 2,offset: 4,squad,2,5,,,Grenade_Trooper_0,0.7,,1.76,1; 1.1,,,heavy_troopers,,Jungle_Grenade,,Flare_Grenade; Jungle_Grenade_Barrage; Grenade_Drone_Launch,,70,0,,3,,,,,0.5,,3.9,360,,,50,,,,,,Grenade_Troopers_Drone,,Blood,ragdoll: (); deathWeapon: Grenade_Trooper_Death,156; 10; 10,standard: Blood_Death,human; canCaptureHive,,garrison; canPurchase,,,,,,,,,,,1,enabled,,preferredTransport: DR-8B_Skyhook,,,,,,,,,,,,,
Grenade_Troopers_Drone,4056,jungle,,federation,ground,infantry,foot,Grenade_Troopers,,77,,,Grenade_Depot,checker; 0.4; 1.5; 1.9; 2,offset: 4,squad,2,5,,,Grenade_Trooper_0,0.7,,1.76,1; 1.1,,,heavy_troopers,,Jungle_Grenade,,Flare_Grenade; Grenade_Drone_Active,,70,0,,3,,,,,0.5,,3.9,360,,,50,,,,,,,,Blood,ragdoll: (); deathWeapon: Grenade_Trooper_Death,156; 10; 10,standard: Blood_Death,human; canCaptureHive,,garrison,,,,,,,,,,,1,enabled,,,,,,spawn: (type: Drone_Grenade_Suicide; interval: 3; amount: 1); followRange: 5; returner: (maxRange: 25; minRange: 20),,,,,,,,,
Drone_Jungle_Grenade,4054,jungle,,federation,air,generic,rotor,,,/,none,,,/,type: none; offset: 2,direct,1,1,BigUnit 200,,Generic_Drone,0.7,,1.5,,,,,,Grenade_Drone_Bomb,,/,10 remove,100,10,,/,,,,,,,10,300,,10,20,,,,,,,,Sparks,ragdoll: (),23; 139; 43,Flak_Explosion,inanimate,,suppressionImmune; inaccessible; noExperience,,,,,,,,,,,2,,,,,,,,,,,,,,,,
Drone_Grenade_Suicide,4055,jungle,,federation,air,swarm,wing,,,99,,,,mob; 1.5; 5,type: none; offset: 5.5,squad,2,5,air,0.25,Drone_Grenade_Suicide,3,,2,0.6,,,,,Grenade_Drone_Suicide,,/,,40,0,,/,,,,,,,7,200,,3.5,50,,,,,,,,Yellow,,244; 205; 77,Firehopper_Death_Explosion,,,constantMotion; ragdollDeath; suppressionImmune; inaccessible,,aggressive,,,true,,,,,,,,,,,,,,,,,,,,,,
,,,,,,,,,,,,,,,,,,,,,,,,,,,,,,,,,,,,,,,,,,,,,,,,,,,,,,,,,,,,,,,,,,,,,,,,,,,,,,,,,,,,,,,,,
// SAWMASTER,,,,,,,,,,,,,,,,,,,,,,,,,,,,,,,,,,,,,,,,,,,,,,,,,,,,,,,,,,,,,,,,,,,,,,,,,,,,,,,,,,,,,,,,,
Mech_Saw,4016,jungle,,federation,ground,vehicle,mech,Mech_Saw,,78,,,Rocket_Depot,/,offset: 6,direct,1,1,BigUnit 90,,Chainsaw_Mech_V2,4.5,,3.63,1,,,Mech_Engineer,,Chainsaw_Mech_Attack,,SawMaster_Spin; Saw_Blade_Eject; Sawmaster_Uparmor; SawMaster_Bushtrimmers,,500,40,,2,/,,15,,1.5,20,4,200,150,,40,,,,,Mech_Saw_Damaged,Mech_Saw_Damaged; Mech_Saw_Armored; Mech_Saw_Armored_Damaged,,Sparks,ragdoll: ()     ,,Saw_Master_Breakdown,armored; human; fireproof,,cannotCapture; suppressionImmune; bigCollisionLayer; canSelfDestruct; canPurchase,,defendarea 8,,,,,2,,,,2,enabled,,preferredTransport: Drop_Pod; noPlayerInput: (),,,,,,,,,,,,,
Mech_Saw_Damaged,4040,jungle,,federation,ground,vehicle,mech,Mech_Saw,,78,,,Rocket_Depot,/,offset: 6,direct,1,1,BigUnit 90,,Chainsaw_Mech_Damaged_V2,4.5,,3.63,1,,,Mech_Engineer,,/,,Saw_Blade_Eject; Sawmaster_Uparmor; Repair_To_Default,,500; onDeployOrSwitch: 150,40,,2,/,,15,,1.5,20,2.5,150,50,,40,,,,,Mech_Saw,,,Sparks,ragdoll: ()     ,,Bunker_Explosion,armored; human; fireproof,,cannotCapture; suppressionImmune; bigCollisionLayer; canSelfDestruct,,defendarea 8,,,,,2,,,,2,enabled,,preferredTransport: Drop_Pod; noPlayerInput: (),,,,,,,,,,,,,
Mech_Saw_Armored,4041,jungle,,federation,ground,vehicle,mech,Mech_Saw,,78,,,Rocket_Depot,/,offset: 6,direct,1,1,BigUnit 90,,Chainsaw_Mech_Armored_V2,4.5,,3.63,1,,,Mech_Engineer,,Chainsaw_Mech_Attack,,SawMaster_Spin; Sawmaster_Uparmor_Active; Saw_Blade_HealthSwitch,,500,60,,2,/,,15,,1.5,20,4,200,150,,40,,,,,Mech_Saw_Armored_Damaged,,,Sparks,ragdoll: ()     ,,Saw_Master_Breakdown,armored; human; fireproof,,cannotCapture; suppressionImmune; bigCollisionLayer; canSelfDestruct,,defendarea 8,,,,,2,,,,2,enabled,,preferredTransport: Drop_Pod; noPlayerInput: (),,,,,,,,,,,,,
Mech_Saw_Armored_Damaged,4042,jungle,,federation,ground,vehicle,mech,Mech_Saw,,78,,,Rocket_Depot,/,offset: 6,direct,1,1,BigUnit 90,,Chainsaw_Mech_Armored_Damaged_V2,4.5,,3.63,1,,,Mech_Engineer,,/,,SawMaster_Spin; Sawmaster_Uparmor_Active; Repair_To_Default,,500; onDeployOrSwitch: 150,60,,2,/,,15,,1.5,20,2.5,150,50,,40,,,,,Mech_Saw_Armored,,,Sparks,ragdoll: ()     ,,Bunker_Explosion,armored; human; fireproof,,cannotCapture; suppressionImmune; bigCollisionLayer; canSelfDestruct,,defendarea 8,,,,,2,,,,2,enabled,,preferredTransport: Drop_Pod; noPlayerInput: (),,,,,,,,,,,,,
SawMaster_Drone,4097,jungle,,federation,ground,generic,foot,,,/,none,,/,/,type: none; offset: 3,direct,1,2,,,BushTrimmer_Drone,1.5,,1,1,,,,,BushTrimmer_Shot,,,,100,40,,/,/,,,,,12,7,360,,,50,,,,,,,,Sparks,ragdoll: (),,Flak_Explosion,inanimate; minion,,noEditor; suppressionResistant; noFireBlocking; inaccessible; noExperience; cannotCapture,,aggressive,,,,,4,4,,,,enabled,,preferredTransport: Drop_Pod; noPlayerInput: (),,,,,,,,,,,,,
,,,,,,,,,,,,,,,,,,,,,,,,,,,,,,,,,,,,,,,,,,,,,,,,,,,,,,,,,,,,,,,,,,,,,,,,,,,,,,,,,,,,,,,,,
,,,,,,,,,,,,,,,,,,,,,,,,,,,,,,,,,,,,,,,,,,,,,,,,,,,,,,,,,,,,,,,,,,,,,,,,,,,,,,,,,,,,,,,,,
// AIR SUPPORT OPERATOR,,,,,,,,,,,,,,,,,,,,,,,,,,,,,,,,,,,,,,,,,,,,,,,,,,,,,,,,,,,,,,,,,,,,,,,,,,,,,,,,,,,,,,,,,
Air_Support_Operator,4021,jungle,,federation,ground,infantry,foot,Air_Support_Operator,,84,,,Command_Center,/,offset: 4,direct,2,1,,,Air_Support_Operator,0.7,,1.76,1; 1.1,,,radio_operator,,Jungle_Trooper_Shot,/,Phosphorus_Strike; Thermite_Drone_Spawn; Perimeter_Turrets_Drop; Remote_Gunship_Deploy,,80,0,,1,,,,,,,3.9,360,,,50,,,,,,,,Blood,,156; 10; 10,standard: Blood_Death,human,,garrison; noFireBlocking; singleton; shootThroughSoldiers; canPurchase,,,,,,,,,,,1,enabled,,preferredTransport: DR-8B_Skyhook,,,,//spawn: (type: armed_skyhook; interval: 3; amount: 1); dieWithLeader: (),,,,,,welding,,purchase: (field_radio_constructable),
Field_Radio_Small,4025,jungle,,federation; gaia,ground,station,fundament,,,62,base,,/,/,type: simple; offset: 5.5,direct,/,1,,,Field_Radio,3.5,1,1,,,,,,/,,/,,/,/,,/,,,,,,,/,/,,,30,,6,,,,,,Sparks,,,,,,capturable; alwaysVisible; noUnitCard; tileBlocking; station; noUnitCard,facing: tile,,,,,,,,,,,,,,,,,,,,,,,,,,
Field_Radio_Constructable,4022,jungle,,federation; gaia,ground,construction,fundament,,,62,base,,,/,type: simple; offset: 5.5,direct,/,1,,,Field_Radio_1,12,3,1,,,,,,,,/,,500,50,,/,/,,/,,,15,/,/,,,30,,,,,,,Drop_Site,Sparks,,,E_Turret_Death,electroTurret; gasImmune; repairable,,alwaysVisible; canSelfDestruct; station; singleton; canPurchase; noCollider,position: grid; facing: tile,,,,,,,,,,,,padType: Outside,,,,,,,,,,,,,,
,,,,,,,,,,,,,,,,,,,,,,,,,,,,,,,,,,,,,,,,,,,,,,,,,,,,,,,,,,,,,,,,,,,,,,,,,,,,,,,,,,,,,,,,,
// M4 THUMPER,,,,,,,,,,,,,,,,,,,,,,,,,,,,,,,,,,,,,,,,,,,,,,,,,,,,,,,,,,,,,,,,,,,,,,,,,,,,,,,,,,,,,,,,,
Hover_Mortar,4067,jungle,,federation,ground,vehicle,mech,Hover_Mortar,,133,,,Grenade_Depot,/,offset: 5.5,direct,2,1,BigUnit 120,,Hover_Mortar,3,,1.8,1,,,Hover_Mortar,,Hover_Mortar_Shot,,Hover_Mortar_ATGM; Hover_Mortar_Napalm; Hover_Mortar_Flare,,200,20,,2,,,10,,,20,4,100,120; pitch: 60 -10 85,,30,,,,,,,,Sparks,ragdoll: (),,E_Turret_Death,human,,suppressionImmune; cannotCapture; bigCollisionLayer; canSelfDestruct; canPurchase; overwatch,,,,,,,,,,,,enabled,,preferredTransport: Drop_Pod; noPlayerInput: (),,,,,,,,,,,,,
Napalm_Dispenser,4090,jungle,,federation,air,aircraft,rotor,,,156,,,,/,offset: 4,direct,1,1,,,Napalm_Dispenser,3,,1.8,,,,Kamikaze_Drone,male,,,Napalm_Dispenser_Shot,10 kill,200,20,,/,,2,10,,,20,2,200,1000,15,/,,,,,,,,Sparks,instantremove :(); deathWeapon: Hover_Mortar_Bomb,,,human; gasImmune,,suppressionImmune; cannotCapture; bigCollisionLayer; canSelfDestruct; overwatch,,,,,,,,,,,,enabled,,,,,,,,,,,,,,,
Napalm_Pool,4094,jungle,,gaia,ground,device,static,,,/,none,,,/,type: none,direct,/,1,,,Fire_Small,16,,0.1,,,,,,Napalm_Pool_Shot,,/,15 remove,/,/,,,,,,,,,/,/,,,20,,,,,,,,,,,,,,noUnitCard; inaccessible; noEditor; forceRogue; alwaysVisible; noCollider; nightVision,,,,,,,,,,,,,,,,,,,,,,,,,,,
Flare_Bomb,4092,jungle,,federation,air,aircraft,rotor,,,156,,,,/,offset: 4,direct,1,1,,,Flare_Bomb,3,,1.8,,,,Kamikaze_Drone,male,Hover_Mortar_Flare_Shot,,Hover_Mortar_Designate_Target,10 kill,200,20,,/,,2,10,,,20,,,1000,15,65,,,,,,,,Sparks,instantremove :(); deathWeapon: Hover_Mortar_Bomb,,,human; gasImmune,,suppressionImmune; cannotCapture; bigCollisionLayer; canSelfDestruct; overwatch; inaccessible; designatedTarget,,,,,,,,,,,,enabled,,,,,,,,,,,,,,,
,,,,,,,,,,,,,,,,,,,,,,,,,,,,,,,,,,,,,,,,,,,,,,,,,,,,,,,,,,,,,,,,,,,,,,,,,,,,,,,,,,,,,,,,,
// M6 ONTOS,,,,,,,,,,,,,,,,,,,,,,,,,,,,,,,,,,,,,,,,,,,,,,,,,,,,,,,,,,,,,,,,,,,,,,,,,,,,,,,,,,,,,,,,,
Mech_Ontos,4047,jungle,,federation,ground,vehicle,mech,Mech_Ontos,,86,,,Power_Plant,/,offset: 5.5,direct,2,1,BigUnit 120,,Mech_Ontos,3,,1.8,0.9,1,,rifle_squad,male,Mech_Ontos_Burst,,Mech_Ontos_Deploy; Ontos_Ripper_Barrage; Mech_Ontos_Tripod_Deploy; Remote_Gunship_Deploy,,300,40,,2,,,20,,,20,5,120,120; pitch: 120 -20 90,,30,,,,,Mech_Ontos_Deployed,Mech_Ontos_Deployed; Mech_Ontos_Unarmed,,Sparks,ragdoll: (),,E_Turret_Death,human,,suppressionImmune; cannotCapture; bigCollisionLayer; canSelfDestruct; canPurchase; overwatch,,,,,,,,,,,,enabled,,preferredTransport: Drop_Pod; noPlayerInput: (),,,,,,,canDefend: true,,,,,,
Mech_Ontos_Deployed,4061,jungle,,federation,ground,vehicle,static,Mech_Ontos,,86,,,Power_Plant,/,offset: 5.5,direct,2,1,BigUnit 120,,Mech_Ontos_Deployed,3,,1.8,0.9,,,rifle_squad,male,Mech_Ontos_Deployed_Shot,,Mech_Ontos_Undeploy,,300,50,,2,,,20,,,20,/,/,120; pitch: 120 -20 90,,30,,,,,Mech_Ontos,,,Sparks,ragdoll: (),,E_Turret_Death,human,,suppressionImmune; cannotCapture; bigCollisionLayer; canSelfDestruct; overwatch,,,,,,,,,,,,enabled,,preferredTransport: Drop_Pod; noPlayerInput: (),,,,,,,canDefend: true,,,,,,
Mech_Ontos_Unarmed,4063,jungle,,federation,ground,vehicle,static,Mech_Ontos,,86,,,Power_Plant,/,offset: 5.5,direct,2,1,BigUnit 120,,Mech_Ontos_Unarmed,3,,1.8,0.9,,,rifle_squad,male,/,,Mech_Ontos_Tripod_Undeploy,,300,50,,2,,,20,,,20,/,/,/,,30,,,,,Mech_Ontos_Tripod,,,Sparks,ragdoll: (),,E_Turret_Death,human,,suppressionImmune; cannotCapture; bigCollisionLayer; canSelfDestruct; overwatch,,,,,,,,,,,,enabled,,preferredTransport: Drop_Pod; noPlayerInput: (),,,,,,,,,,,,,
Mech_Ontos_Tripod,4062,jungle,,federation,ground,infantry,static,,,23,,,/,/,offset: 4,direct,1,1,,,Mech_Ontos_Tripod,1,,1.76,1.2,,,Shredder,male,Mech_Ontos_Tripod_Shot,,/,15 remove,60,0,,/,,,,,,,/,100,,,30,,,,,,,,Blood,,156; 10; 10,standard: Blood_Death,human,,cannotCapture,,,,,,,,,,,1,enabled,,,,,,,,,canDefend: true,,,,,,
,,,,,,,,,,,,,,,,,,,,,,,,,,,,,,,,,,,,,,,,,,,,,,,,,,,,,,,,,,,,,,,,,,,,,,,,,,,,,,,,,,,,,,,,,
// M9 MINOTAUR,,,,,,,,,,,,,,,,,,,,,,,,,,,,,,,,,,,,,,,,,,,,,,,,,,,,,,,,,,,,,,,,,,,,,,,,,,,,,,,,,,,,,,,,,
Mech_Artillery,4066,jungle,,federation,ground,vehicle,mech,Mech_Artillery,,85,,,Fleet_Relay,/,offset: 7,direct,1,1,BigUnit 90,,Mech_Artillery,4,,4.5,1,1,,Mech_Artillery,,Mech_Artillery_Shot,,Mech_Artillery_Direct_Mode,,500,70,,3,,,25,,,20,4,80,20; feetalignangle: 30,,40,,,,,,Mech_Artillery_Direct,,Sparks,ragdoll: (),,E_Turret_Death,inanimate,,suppressionImmune; cannotCapture; bigCollisionLayer; canSelfDestruct; canPurchase,,,,,,,,,,,,enabled,,preferredTransport: Drop_Pod; noPlayerInput: (),,,,,,,,,,,effect: Mech_Step,,
Mech_Artillery_Direct,4069,jungle,,federation,ground,vehicle,mech,Mech_Artillery,,85,,,Fleet_Relay,/,offset: 7,direct,1,1,BigUnit 90,,Mech_Artillery_Direct,4,,4.5,1,1,,Mech_Artillery_Direct,,Mech_Artillery_Direct_Shot,,Mech_Artillery_Indirect_Mode,,500,70,,3,,,25,,,20,4,80,20; feetalignangle: 30,,40,,,,,Mech_Artillery,,,Sparks,ragdoll: (),,E_Turret_Death,inanimate,,suppressionImmune; cannotCapture; bigCollisionLayer; canSelfDestruct; canPurchase,,,,,,,,,,,,enabled,,preferredTransport: Drop_Pod; noPlayerInput: (),,,,,,,,,,,effect: Mech_Step,,
,,,,,,,,,,,,,,,,,,,,,,,,,,,,,,,,,,,,,,,,,,,,,,,,,,,,,,,,,,,,,,,,,,,,,,,,,,,,,,,,,,,,,,,,,
// M23-T COMBAT CAB,,,,,,,,,,,,,,,,,,,,,,,,,,,,,,,,,,,,,,,,,,,,,,,,,,,,,,,,,,,,,,,,,,,,,,,,,,,,,,,,,,,,,,,,,
Mech_Cab,4077,jungle,,federation,ground,vehicle,mech,Mech_Cab,,18,,,Power_Plant,/,offset: 6.5,direct,2,1,BigUnit 90,,Jungle_Mech,5,,1.7,1.1,1,,Missile_Mech,,Combat_Cab_Shot,,Cab_Deploy; Base_Remote_Artillery; Cab_Flamethrower; Cab_Mortar,,500,60,,4,,,15,,,60,3.8,100,100; pitch: 60,,40,,,,,Mech_Cab_Deployed,Mech_Cab_Deployed; Mech_Cab_Mortar; Mech_Cab_Mortar_Deployed; Mech_Cab_Flamethrower; Mech_Cab_Flamethrower_Deployed,,Sparks,ragdoll: (),,Large_Vehicle_Explosion_Sound,inanimate; repairable,,overwatch; suppressionImmune; bigCollisionLayer; canSelfDestruct; canPurchase,,,,,,,,,,,,enabled,,preferredTransport: Drop_Pod; noPlayerInput: (),,,,spawn: (type: Heavy_Jungle_Troopers; interval: 3; amount: 7); followRange: 8; returner: (maxRange: 10; minRange: 5); dieWithLeader: (); highlight: (),,,,,,,effect: Mech_Step,,
Mech_Cab_Deployed,4078,jungle,,federation; gaia,ground,vehicle,static,Mech_Cab,,18,,,Power_Plant,/,offset: 5.5,direct,/,1,,,Jungle_Mech_Deployed,5,,1.7,1.1,1,,Missile_Mech,,Combat_Cab_Shot,,Cab_Undeploy,,500,60,,4,,,15,,,60,/,/,100; pitch: 60,,40,,,,,Mech_Cab,,,Sparks,ragdoll: (),,Large_Vehicle_Explosion_Sound,inanimate; repairable; station,,overwatch; suppressionImmune; bigCollisionLayer; canSelfDestruct; station,,,,,,,,,,,,enabled,padType: door; overrideTransportType: Jungle_Dropship_Invisible,noPlayerInput: (),,,,spawn: (type: Heavy_Jungle_Troopers; interval: 3; amount: 7); followRange: 8; returner: (maxRange: 10; minRange: 5); dieWithLeader: (); highlight: (),,,,,,,,,
Mech_Cab_Mortar,4098,jungle,,federation,ground,vehicle,mech,Mech_Cab,,18,,,Power_Plant,/,offset: 6.5,direct,2,1,BigUnit 90,,Jungle_Mech,5,,1.7,1.1,1,,Missile_Mech,,Combat_Cab_Mortar_Shot,,Cab_Deploy; Base_Remote_Artillery,,500,60,,4,,,15,,,60,3.8,100,100; pitch: 60,,40,,,,,Mech_Cab_Mortar_Deployed,Mech_Cab_Deployed; Mech_Cab_Mortar; Mech_Cab_Mortar_Deployed; Mech_Cab_Flamethrower; Mech_Cab_Flamethrower_Deployed,,Sparks,ragdoll: (),,Large_Vehicle_Explosion_Sound,inanimate; repairable,,overwatch; suppressionImmune; bigCollisionLayer; canSelfDestruct; canPurchase,,,,,,,,,,,,enabled,,preferredTransport: Drop_Pod; noPlayerInput: (),,,,spawn: (type: Heavy_Jungle_Troopers; interval: 3; amount: 7); followRange: 8; returner: (maxRange: 10; minRange: 5); dieWithLeader: (); highlight: (),,,,,,,,,
Mech_Cab_Mortar_Deployed,4121,jungle,,federation; gaia,ground,vehicle,static,Mech_Cab,,18,,,Power_Plant,/,offset: 5.5,direct,/,1,,,Jungle_Mech,5,,1.7,1.1,1,,Missile_Mech,,Combat_Cab_Mortar_Shot,,Cab_Undeploy,,500,60,,4,,,15,,,60,/,/,100; pitch: 60,,40,,,,,Mech_Cab_Mortar,,,Sparks,ragdoll: (),,Large_Vehicle_Explosion_Sound,inanimate; repairable; station,,overwatch; suppressionImmune; bigCollisionLayer; canSelfDestruct; station,,,,,,,,,,,,enabled,padType: door; overrideTransportType: Jungle_Dropship_Invisible,noPlayerInput: (),,,,spawn: (type: Heavy_Jungle_Troopers; interval: 3; amount: 7); followRange: 8; returner: (maxRange: 10; minRange: 5); dieWithLeader: (); highlight: (),,,,,,,,,
Mech_Cab_Flamethrower,4099,jungle,,federation,ground,vehicle,mech,Mech_Cab,,18,,,Power_Plant,/,offset: 6.5,direct,2,1,BigUnit 90,,Jungle_Mech,5,,1.7,1.1,1,,Missile_Mech,,Combat_Cab_Flamethrower_Shot,,Cab_Deploy; Base_Remote_Artillery,,500,60,,4,,,15,,,60,3.8,100,100; pitch: 60,,40,,,,,Mech_Cab_Flamethrower_Deployed,Mech_Cab_Deployed; Mech_Cab_Mortar; Mech_Cab_Mortar_Deployed; Mech_Cab_Flamethrower; Mech_Cab_Flamethrower_Deployed,,Sparks,ragdoll: (),,Large_Vehicle_Explosion_Sound,inanimate; repairable,,overwatch; suppressionImmune; bigCollisionLayer; canSelfDestruct; canPurchase,,,,,,,,,,,,enabled,,preferredTransport: Drop_Pod; noPlayerInput: (),,,,spawn: (type: Heavy_Jungle_Troopers; interval: 3; amount: 7); followRange: 8; returner: (maxRange: 10; minRange: 5); dieWithLeader: (); highlight: (),,,,,,,,,
Mech_Cab_Flamethrower_Deployed,4120,jungle,,federation; gaia,ground,vehicle,static,Mech_Cab,,18,,,Power_Plant,/,offset: 5.5,direct,/,1,,,Jungle_Mech,5,,1.7,1.1,1,,Missile_Mech,,Combat_Cab_Flamethrower_Shot,,Cab_Undeploy,,500,60,,4,,,15,,,60,/,/,100; pitch: 60,,40,,,,,Mech_Cab_Flamethrower,,,Sparks,ragdoll: (),,Large_Vehicle_Explosion_Sound,inanimate; repairable; station,,overwatch; suppressionImmune; bigCollisionLayer; canSelfDestruct; station,,,,,,,,,,,,enabled,padType: door; overrideTransportType: Jungle_Dropship_Invisible,noPlayerInput: (),,,,spawn: (type: Heavy_Jungle_Troopers; interval: 3; amount: 7); followRange: 8; returner: (maxRange: 10; minRange: 5); dieWithLeader: (); highlight: (),,,,,,,,,
Mech_Cab_Parked,4122,jungle,,gaia,ground,vehicle,static,Mech_Cab,,18,,,Power_Plant,/,offset: 5.5,direct,/,1,,,Jungle_Mech_Deployed,5,,1.7,1.1,1,,Missile_Mech,,,,OnCapture_Switch,,500,60,,4,,,15,,,60,/,/,100; pitch: 60,,40,,,,,Mech_Cab,,,Sparks,ragdoll: (),,Large_Vehicle_Explosion_Sound,inanimate; repairable; station,,overwatch; suppressionImmune; bigCollisionLayer; canSelfDestruct; station; capturable,,,,,,,,,,,,enabled,padType: door; overrideTransportType: Jungle_Dropship_Invisible,noPlayerInput: (),,,,,,,,,,,,,
Heavy_Jungle_Troopers,4088,jungle,,federation,ground,infantry,foot,,,79,,,/,checker; 0.5; 2.0; 2.0; 2,type: none,squad,1,7,,,Fortis_Jungle_Trooper_0,0.7,,1.76,1; 1.1,,,rifle_squad,,Heavy_Jungle_Trooper_Burst,,/,,100,40,,/,,,/,,,,3.9,360,,,50,,,,,,,,Blood,,156; 10; 10,standard: Blood_Death,human,,garrison; inaccessible,,,,,,,3,,,,1,enabled,,preferredTransport: DR-8B_Skyhook,,,,,,,,,,,,,
,,,,,,,,,,,,,,,,,,,,,,,,,,,,,,,,,,,,,,,,,,,,,,,,,,,,,,,,,,,,,,,,,,,,,,,,,,,,,,,,,,,,,,,,,
,,,,,,,,,,,,,,,,,,,,,,,,,,,,,,,,,,,,,,,,,,,,,,,,,,,,,,,,,,,,,,,,,,,,,,,,,,,,,,,,,,,,,,,,,
Jungle_Dropship_Invisible,4079,jungle,,federation,air,transport_air,static,,,59,,,/,/,type: none,direct,,1,,,Cab_Fake_Dropship,12,,,,,,,,/,,/,,/,0,,/,,,,,,,39,130,,,10,,,10,,,,,/,,,,,,noEditor; inaccessible; dropship,,,,,,,,,animated; landAnim: 2.5; takeoffAnim: 2.6,,,,,,,,,,,,,,,,,,
,,,,,,,,,,,,,,,,,,,,,,,,,,,,,,,,,,/,,,,,,,,,,,,,,,,,,,,,,,,,,,,,,,,,,,,,,,,,,,,,,,,,,,,,,,
// MK.II MARAUDER,,,,,,,,,,,,,,,,,,,,,,,,,,,,,,,,,,,,,,,,,,,,,,,,,,,,,,,,,,,,,,,,,,,,,,,,,,,,,,,,,,,,,,,,,
MkII_Marauder,4058,jungle,,federation,ground,vehicle,mech,MkII_Marauder,,26,,,Machine_Bay,/,offset: 5,direct,,1,BigUnit 120,,Mk2_Marauder_Miniguns,2.5,,3.63,1.2,1,,marauder,,MkII_Minigun,,Hover_HMG_Hover; MkII_Marauder_Missile_Pods; MkII_Marauder_Chainsaws,,400,50,,2,,,25,,,30,8,360,100,,40,,,,,MkII_Marauder_Hover,,,Sparks,bloodTexture: 3 always,,Mech_Death,armored; gasImmune,,suppressionImmune; bigCollisionLayer; cannotCapture; canPurchase,,,,,,,,,,,,enabled,,preferredTransport: DR-4_Viking,,,,,,,,,,,,,
MkII_Marauder_Hover,4068,jungle,,federation,ground,vehicle,mech,MkII_Marauder,,26,,,Machine_Bay,/,offset: 11,direct,,1,BigUnit 120,,Mk2_Marauder_Miniguns_Hover,2.5,,3.63,1.2,2,,marauder,,MkII_Minigun_Hover,,Hover_HMG_Descend,,400,50,,2,,,25,,,30,/,360,,,50,,,,,MkII_Marauder,,,Sparks,bloodTexture: 3 always,,Mech_Death,armored; gasImmune; meleeImmune,1,suppressionImmune; bigCollisionLayer; cannotCapture,,,,,,,,,,,,enabled,,preferredTransport: DR-4_Viking,,,,,,,,,,,,,
MkII_Marauder_Missiles,2106,jungle,,federation,ground,vehicle,mech,MkII_Marauder,,26,,,Machine_Bay,/,offset: 5,direct,,1,BigUnit 120,,Mk2_Marauder_Missiles,2.5,,3.63,1.2,1,,marauder,,MkII_Minigun,,MkII_Marauder_Jump; MkII_Marauder_Missile_Barrage; MkII_Marauder_Missile_Pods_Active,,400,50,,2,,,25,,,30,8,360,,,40,,,,,,,,Sparks,bloodTexture: 3 always,,Mech_Death,armored; gasImmune,,suppressionImmune; bigCollisionLayer; cannotCapture,,,,,,,,,,,,enabled,,preferredTransport: DR-4_Viking,,,,,,,,,,,,,
MkII_Marauder_Chainsaws,4060,jungle,,federation,ground,vehicle,mech,MkII_Marauder,,26,,,Machine_Bay,/,offset: 5,direct,,1,BigUnit 120,,Mk2_Marauder_Chainsaws,2.5,,3.63,1.2,1,,marauder,,MkII_Minigun,,MkII_Marauder_Jump; MkII_Marauder_Chainsaw_Attack; MkII_Marauder_Chainsaws_Active,,400,50,,2,,,25,,,30,8,360,,,40,,,,,,,,Sparks,bloodTexture: 3 always,,Mech_Death,armored; gasImmune,,suppressionImmune; bigCollisionLayer; cannotCapture,,,,,,,,,,,,enabled,,preferredTransport: DR-4_Viking,,,,,,,,,,,,,
,,,,,,,,,,,,,,,,,,,,,,,,,,,,,,,,,,,,,,,,,,,,,,,,,,,,,,,,,,,,,,,,,,,,,,,,,,,,,,,,,,,,,,,,,
// MK.II SILVERBACK,,,,,,,,,,,,,,,,,,,,,,,,,,,,,,,,,,,,,,,,,,,,,,,,,,,,,,,,,,,,,,,,,,,,,,,,,,,,,,,,,,,,,,,,,
MkII_Marauder_Grenade,4018,jungle,,federation,ground,vehicle,mech,MkII_Marauder_Grenade,,26,,,Machine_Bay,/,offset: 5,direct,,1,BigUnit 120,,Mk2_Marauder_Grenades,2.5,,3.63,1.2,1,,marauder,,MkII_Grenade,,MkII_Marauder_Jump,,400,50,,2,,,25,,,30,8,360,,,40,,,,,,,,Sparks,bloodTexture: 3 always,,Mech_Death,armored; gasImmune,,suppressionImmune; bigCollisionLayer; cannotCapture; canPurchase,,,,,,,,,,,,enabled,,preferredTransport: Drop_Pod; noPlayerInput: (),,,,,,,,,,,,,
,,,,,,,,,,,,,,,,,,,,,,,,,,,,,,,,,,,,,,,,,,,,,,,,,,,,,,,,,,,,,,,,,,,,,,,,,,,,,,,,,,,,,,,,,
// POWER SUIT SNIPER,,,,,,,,,,,,,,,,,,,,,,,,,,,,,,,,,,,,,,,,,,,,,,,,,,,,,,,,,,,,,,,,,,,,,,,,,,,,,,,,,,,,,,,,,
Power_Sniper,4020,jungle,,federation,ground,infantry,foot,Power_Sniper,,24,,,Sector_Headquarters,/,,direct,1,1,,,Power_Sniper,1,,1.76,1.05; 1.15,,,,,PS_Sniper,,Power_Sniper_Jump; PS_Focus; PS_Hover; Remote_Gunship_Deploy; Base_Remote_Artillery,,150,30,,2,,,,,,,8,360,,,50,,,,,,Power_Sniper_Focussed; Power_Sniper_Hover,,Sparks,,156; 10; 10,standard: Yellow_Death,human,,garrison; shootThroughSoldiers; noFireBlocking; singleton,,,,,,,,,,,1,enabled,,preferredTransport: DR-8B_Skyhook,,,,,,,,,,,,,
Power_Sniper_Focussed,4071,jungle,,federation,ground,infantry,foot,Power_Sniper,,24,,,Sector_Headquarters,/,,direct,1,1,,,Power_Sniper,1,,1.76,1.05; 1.15,,,,,PS_Sniper_Focused_Shot,,PS_Focus; PS_Exit_Focus,,150,30,,2,,,,,,,8,360,,,10,,,,,Power_Sniper,,,Sparks,,156; 10; 10,standard: Yellow_Death,human,,garrison; shootThroughSoldiers; noFireBlocking,,,,,,,,,,,1,enabled,,preferredTransport: DR-8B_Skyhook,,,,,,,,,,,,,
Power_Sniper_Hover,4072,jungle,,federation,air,infantry,foot,Power_Sniper,,24,,,Sector_Headquarters,/,offset: 4,direct,2,1,,,Power_Sniper,1,,1.76,1.05; 1.15,2,,,,PS_Sniper,,PS_Descend,,150,30,,2,,,,,,,/,360,,,50,,,,,Power_Sniper,,,Sparks,,156; 10; 10,standard: Yellow_Death,human,1,garrison; shootThroughSoldiers; noFireBlocking,,,,,,,,,,,1,enabled,,preferredTransport: DR-8B_Skyhook; noPlayerInput: (),,,,,,,,,,,,,
,,,,,,,,,,,,,,,,,,,,,,,,,,,,,,,,,,,,,,,,,,,,,,,,,,,,,,,,,,,,,,,,,,,,,,,,,,,,,,,,,,,,,,,,,
// MOBILE TURRET,,,,,,,,,,,,,,,,,,,,,,,,,,,,,,,,,,,,,,,,,,,,,,,,,,,,,,,,,,,,,,,,,,,,,,,,,,,,,,,,,,,,,,,,,
Turret_Mobilized,4073,jungle,,federation; gaia,ground,infantry,mech,Turret_Mobilized,,82,,2,,/,offset: 5.5,direct,/,1,,,Electro-Cannon,1.8,1,1.5,,1,,Turret,male,,,Mobile_Turret_Deploy,,150,30,granite,/,/,,15,,,15,10,360,,,30,,,,,Turret_Deployed,,,Sparks,,,E_Turret_Death,electroTurret; gasImmune; repairable,,noCollider; alwaysVisible; noUnitCard; suppressionImmune; canSelfDestruct; canPurchase,,,,,,,,,,,,,,,,,,,,,,,,,,,
Turret_Deployed,4074,jungle,,federation; gaia,ground,electro_turret,fundament,Turret_Mobilized,,82,,2,,/,offset: 5.5,direct,/,1,,,Electro-Cannon,1.8,1,1.5,,1,,Turret,male,Electro-Cannon_Shot,,Mobile_Turret_Mobilize,,150,30,granite,/,/,,15,,,15,/,/,60,,30,,,,,Turret_Mobilized,,,Sparks,,,E_Turret_Death,electroTurret; gasImmune; repairable,,noCollider; alwaysVisible; noUnitCard; suppressionImmune; canSelfDestruct; canPurchase,,,,,,,,,,,,,,,,,,,,,,,,,,,
,,,,,,,,,,,,,,,,,,,,,,,,,,,,,,,,,,,,,,,,,,,,,,,,,,,,,,,,,,,,,,,,,,,,,,,,,,,,,,,,,,,,,,,,,
// ARMED SKYHOOK,,,,,,,,,,,,,,,,,,,,,,,,,,,,,,,,,,,,,,,,,,,,,,,,,,,,,,,,,,,,,,,,,,,,,,,,,,,,,,,,,,,,,,,,,
Armed_Skyhook,4075,jungle,,federation,air,aircraft,wing,,,37,,,Fleet_Relay,/,,direct,-1,1,BigUnit 90,,DR-8_Gunship,8,,2.2,0.8,,,Pegasus_Gunship,female,Armed_Skyhook_Gatling,,,,200,30,,3,,,20,,,4,9,150,100; pitch: 80 -80 10,8,40,,,,,,,,Sparks,ragdoll: (),,Large_Vehicle_Explosion_Sound,inanimate,,suppressionImmune; garrison; nightVision; canPurchase; ragdollDeath; canSelfDestruct,,,,,,,,,,,3,,,,,,,,,,,,,,,,
DR-8B_Skyhook,4125,jungle,,federation,air,transport_air,hover,,,59,,,/,/,type: none,direct,/,1,,,DR-8B_Skyhook,9.6,,,0.8,,,,,/,,/,,/,0,,/,,,,,,,39,130,,,10,,,10,,,,,Sparks,,,,,,noEditor; inaccessible; dropship,,,,,,,,,animated; landAnim: 4 (flare: 0; effect: 0 Jungle_Skyhook_Land); takeoffAnim: 4 (effect: 0 Jungle_Skyhook_Takeoff),,,,,,,,,,,,,,,,,,
,,,,,,,,,,,,,,,,,,,,,,,,,,,,,,,,,,,,,,,,,,,,,,,,,,,,,,,,,,,,,,,,,,,,,,,,,,,,,,,,,,,,,,,,,
// ARTILLERY TERRITORY BASE,,,,,,,,,,,,,,,,,,,,,,,,,,,,,,,,,,,,,,,,,,,,,,,,,,,,,,,,,,,,,,,,,,,,,,,,,,,,,,,,,,,,,,,,,
Territory_Base_Artillery,4076,jungle,,federation; gaia,ground,station,static,,,138,base,,/,/,type: simple; offset: 5.5,direct,/,1,,,Territory_Base_Artillery,8,2,2.5,,1,1,,,,,Territory_Base_Artillery_Strike,,2000,/,,/,,,,,,120,/,/,80; pitch: 80 -20 90,,35,,,,,,,,Sparks,deathWeapon: Nuke_Device_Explosion; deathSwitch: Territory_Base_Destroyed,,,repairable,1,baseHeight; alwaysVisible; tileBlocking; station; nightVision; overwatch; noFireBlocking,facing: tile,,,,,,,,,,,,,,,,,,attack: base,,,,,,,,blockConstruction: true
Territory_Base_Artillery_Neutral,4134,jungle,,federation; gaia,ground,structure,static,,,138,base,,/,/,type: simple; offset: 5.5,direct,/,1,,,Territory_Base_Artillery,8,2,2.5,,1,1,,,/,,OnCapture_Switch,,/,/,,/,,,,,,,/,/,,,/,,12,,,Territory_Base_Artillery,,,Sparks,,,,inanimate,,baseHeight; alwaysVisible; tileBlocking; station; capturable; invulnerable; forceGaia; noUnitCard,facing: tile,,,,,,,,,,,,,,,,,,,,,,,,,,blockConstruction: true
,,,,,,,,,,,,,,,,,,,,,,,,,,,,,,,,,,,,,,,,,,,,,,,,,,,,,,,,,,,,,,,,,,,,,,,,,,,,,,,,,,,,,,,,,
// PLATFORM GUNSHIP,,,,,,,,,,,,,,,,,,,,,,,,,,,,,,,,,,,,,,,,,,,,,,,,,,,,,,,,,,,,,,,,,,,,,,,,,,,,,,,,,,,,,,,,,
Territory_Platform_Gunship,4093,jungle,,federation; gaia,ground,platform,static,,,56,none,1,/,/,offset: 5.5,direct,/,1,,,Delivery_Platform_Gunship,8,2,1.737,,,,,,/,,Platform_Gunship_Deploy,,/,/,,/,,,,,,,/,/,,,/,,,,,,,Bug_Tunnel,Sparks,,,,solid; inanimate,1,baseHeight; alwaysVisible; tileBlocking,facing: tile,,,,,,,,,,,,,,,,,,,,,,,,,,
Deployed_Gunship,4095,jungle,,federation,air,aircraft,wing,,,37,,,Fleet_Relay,/,,direct,-1,1,BigUnit 200,,DR-8_Gunship,8,,2.2,0.8,,,Pegasus_Gunship,female,Platform_Gunship_HMG_Shot,Platform_Gunship_Missile_Shot,,20 remove,200,30,,3,,,20,,,4,9,150,100; pitch: 80 -80 10,8,40,,,,,,,,Sparks,ragdoll: (),,Large_Vehicle_Explosion_Sound,inanimate,,suppressionImmune; garrison; nightVision; canPurchase; ragdollDeath; canSelfDestruct,,,,,,,,,,,3,,,,,,,,,,,,,,,,
,,,,,,,,,,,,,,,,,,,,,,,,,,,,,,,,,,/,,,,,,,,,,,,,,,,,,,,,,,,,,,,,,,,,,,,,,,,,,,,,,,,,,,,,,,
M11_Marauder_GG,4035,jungle,,federation,ground,vehicle,mech,M11_Marauder_GG,,27,,,Machine_Bay,/,offset: 7.5,direct,1,1,BigUnit 90,,M11_Marauder_FM,2.5,,3.63,1.5,1,,marauder,,M11_Grenade; M11_Grenade,,M11_Mortar_Barrage; M11_Jet_Blast,,500,80,,4,,,30,,0.8,40,4.4,100,110; fliprotation: true; feetalignangle: 70,,60,,,,,,,,Sparks,bloodTexture: 3 always,,Marauder_Death,armored; gasImmune; fireproof; smogImmune,,performanceDamage; suppressionImmune; cannotCapture; bigCollisionLayer; canSelfDestruct; canPurchase,,,,,,,2,,,,,enabled,,preferredTransport: Drop_Pod; noPlayerInput: (),,,,,,,,,,,,,
Jungle_Gunship_Marker,4014,jungle,,federation,ground,device,static,,,/,none,,/,/,type: simple,direct,/,1,,,Designated_Target,0.05,,0.1,,,,,,/,,/,13 remove,/,/,,/,,,,,,,/,/,,,/,,,,,,,,/,,,,,,inaccessible; noUnitCard; noCollider; noEditor,,,,,,,,,,,,,,,,,,spawn: (type: Jungle_Drone; interval: 3; amount: 1); followRange: 5; returner: (maxRange: 15; minRange: 10),,,,,,,,,
Jungle_Gunship,4015,jungle,,federation,air,generic,rotor,,,/,none,,/,/,,direct,1,1,BigUnit 200,,DR-8_Gunship,4,,1,0.8,,,Pegasus_Gunship,,Jungle_Gunship_Shot,,/,15 remove,300,30,,/,,,,,,,10,50,50; pitch: 80 -80 5,10,20,,,,,,,,Sparks,ragdoll: ()     ,23; 139; 43,Large_Vehicle_Explosion_Sound,inanimate,,noUnitCard; noCollider; noEditor; suppressionImmune; noExperience; garrison; cannotCapture,,,,,,,,,,,2,enabled,,preferredTransport: Dropship_Invisible_Instant,,,,,,enter: (anim:3); exit: anim,,,,,,,
Infiltrator,4013,jungle,,federation,ground,infantry,foot,,,2,,,/,/,offset: 4,squad,1,1,,,Infiltrator_0,0.7,,1.76,1; 1.1,,,sniper,male,Infiltrator_Sniper 0,,/,15 remove,/,/,,/,,,,,0.7,,/,360,,,65,,,,,,,,Blood,,156; 10; 10,standard: Blood_Death,human,,garrison; noFireBlocking,,,,,,,,,,,1,enabled,,,,,,,,,,,,,,,
Foxhole,4024,jungle,,gaia,ground,structure,fundament,,,70,none,,/,/,type: none,direct,/,1,,,Foxhole,1,2,0.5,,,,,,/,,Foxhole_Boost,,/,/,,/,,,,,,,/,/,,,/,,,,,,,,Sparks,,,,,,alwaysVisible; noUnitCard; noCollider; inaccessible; forceGaia,,,,,,,,,,,,enabled,,,,,,,,exit: instant,,,,,,,
Character_Reporter,4036,jungle,,federation,ground,infantry,foot,,,64,,,/,checker; 0.2; 1.2; 1.5; 2,offset: 3.5,squad,2,3,,,Reporter; Camera_Crew; Microphone_Trooper; random: false,0.7,,1.76,1,,,fleet_liaison,female,/,/,/,,80,0,,/,,,,,,,3.9,360,,,50,,,,,,,,Blood,,156; 10; 10,standard: Blood_Death,human,,garrison; cannotCapture,,,,,,,,,,,1,enabled,,preferredTransport: DR-8B_Skyhook; disband: false,,,,,,,canDefend: true,,,,,,
Character_Canul,4138,jungle,,federation,ground,infantry,foot,,,64,,,/,checker; 0.2; 1.2; 1.5; 2,offset: 3.5,squad,2,1,,,Tactical_Officer_0,0.7,,1.76,1,,,fleet_liaison,female,/,/,/,,80,0,,/,,,,,,,3.9,360,,,50,,,,,,,,Blood,,156; 10; 10,standard: Blood_Death,human,,garrison; cannotCapture,,,,,,,,,,,1,enabled,,preferredTransport: DR-8B_Skyhook; disband: false,,,,,,,canDefend: true,,,,,,
Thermite_Drone,4043,jungle,,federation,air,generic,rotor,,,/,none,,,/,type: simple; offset: 2,direct,1,1,BigUnit 200,,Generic_Drone,0.7,,1.5,,,,,,/,,Thermite_Drone_Fire,7 remove,/,/,,/,,,,,,,10,300,,10,20,,,,,,,,Sparks,ragdoll: (),23; 139; 43,Flak_Explosion,inanimate,,suppressionImmune; noExperience,,,,,,,,,,,2,,,,,,,,,,,,,,,,
Drop_Turret,4051,jungle,,federation,ground,structure,fundament,,,/,,,/,/,type: simple,direct,/,1,,,Mortar_Mech_Turret_Shell,0.8,,,1.5,,,,,Drop_Turret_Shot 0,,/,15 kill,100,20,,/,,,,,,,/,/,120; pitch: 120 -35 80,,30,,,,,,,,Sparks,ragdoll: (),,Deployable_turret_Death,inanimate,,noCollider; noUnitCard; noCollider; uncontrollable; noExperience; noEditor,,,,,,,,,,,,,,,,,,,attack: turret,,,,,,,,
Flare_Grenade,4052,jungle,,federation,ground,device,static,,,/,none,,/,/,type: simple,direct,/,1,,,Flare_Grenade,0.05,,0.1,,,,,,Sensor_Pulse,,/,3 kill,100000,/,,/,,,,,,,/,/,,,/,,,,,,,,/,deathWeapon: Flare_Grenade_Explosion,,,,,inaccessible; noUnitCard; noCollider; noEditor,,,,,,,,,,,,,,,,,,,,,,,,,,,
,,,,,,,,,,,,,,,,,,,,,,,,,,,,,,,,,,,,,,,,,,,,,,,,,,,,,,,,,,,,,,,,,,,,,,,,,,,,,,,,,,,,,,,,,
// PLANTS,,,,,,,,,,,,,,,,,,,,,,,,,,,,,,,,,,,,,,,,,,,,,,,,,,,,,,,,,,,,,,,,,,,,,,,,,,,,,,,,,,,,,,,,,
Plant_Spiker,4037,jungle,,gaia,ground,structure,fundament,,,46,none,,/,/,type: none,direct,/,1,,,Plant_Spiker,1.8,1,0.1,,,,,,Plant_Spiker_Shot,,/,,120,10,,/,/,/,,,,/,/,/,/,,10,,,,,,,/,Yellow,,195; 196; 69,standard: Yellow_Death,,,suppressionImmune; alwaysVisible; noCollider; noAutoTarget; forceRogue,,,,,,,,,,,,,,,,,,,,,,,,,,,
Plant_Spitter,4038,jungle,,gaia,ground,structure,fundament,,,57,,,/,/,type: none; offset: 5.5,direct,/,1,,,Plant_Spitter,0.8,1,1.8,1.2,,,,,Plant_Spitter_Shot,,/,,120,10,,/,,,,,,/,/,/,120; pitch: 120 -35 80,,60,,,,,,,,Yellow,,195; 196; 69,standard: Yellow_Death,,,suppressionResistant; noCollider; forceRogue,,,,,,,,,,,,,,,,,,,,,,,,,,,
Plant_Spreader,4130,jungle,,gaia,ground,structure,fundament,,,57,,,/,/,type: none; offset: 5.5,direct,/,1,,,Plant_Spreader,0.8,1,1.8,1.2,,,,,,,/,,120,10,,/,,,,,,/,/,/,120; pitch: 120 -35 80,,60,,,,,,,,Yellow,,195; 196; 69,standard: Yellow_Death,,1,suppressionResistant; noCollider; forceRogue,,,,,,,,,,,,,,,,,,,,,,,,,,,
,,,,,,,,,,,,,,,,,,,,,,,,,,,,,,,,,,,,,,,,,,,,,,,,,,,,,,,,,,,,,,,,,,,,,,,,,,,,,,,,,,,,,,,,,
// ANIMALS,,,,,,,,,,,,,,,,,,,,,,,,,,,,,,,,,,,,,,,,,,,,,,,,,,,,,,,,,,,,,,,,,,,,,,,,,,,,,,,,,,,,,,,,,
Jungle_Herbivore,4128,jungle,,arachnid,ground,behemoth,claw,,,117,,,,/,type: simple; offset: 8,direct,2,1,BigUnit 20,1,Jungle_Herbivore,4.4,,8,0.25,,,Scorpion,male,Herbivore_Spit,,,,400,40,,/,,,,,,4,4,130,,,70,,,,,,,,Orange,bloodTexture: 2,219; 163; 74,standard: Yellow_Death,mindControllable,1,noAutoTarget,,aggressive,attribute: eradicators,,,,2,,,,,enabled,,,spawnType: burrow,,,,,exit: burrow,,,,,,,
Jungle_Herbivore_Aggroed,4231,jungle,,arachnid,ground,behemoth,claw,,,117,,,,/,type: none; offset: 8,direct,2,1,BigUnit 20,1,Jungle_Herbivore,4.4,,8,0.25,,,Scorpion,male,Herbivore_Spit,,/,,400,40,,/,,,,,,4,4,130,,,70,,,,,,,,Orange,bloodTexture: 2,219; 163; 74,standard: Yellow_Death,mindControllable,,noAutoTarget,,aggressive,attribute: eradicators,,,,2,,,,,enabled,,,spawnType: burrow,,,,,exit: burrow,,,,,,,
Jungle_Herbivore_Baby,4230,jungle,,arachnid,ground,behemoth,claw,,,117,,,,/,type: none; offset: 5,direct,2,1,BigUnit 20,1,Jungle_Herbivore,4.4,,6,0.15,,,Scorpion,male,,,/,,200,20,,/,,,,,,4,4,130,,,70,,,,,,,,Orange,bloodTexture: 2,219; 163; 74,standard: Yellow_Death,mindControllable,,noAutoTarget,,aggressive,attribute: eradicators,,,,2,,,,,enabled,,,spawnType: burrow,,,,,exit: burrow,,,,,,,
Jungle_Carnivore,4129,jungle,,arachnid,ground,horde,claw,,,113,,,,mob; 0.6; 5,type: none; offset: 3.5,individual,1,4,individual,0.25,Jungle_Carnivore,2.5,,2,1.6; 1.9,,,Warrior,,Carnivore_Claws,,/,,120,30,,/,,,,,,2,7,360,,,50,,,,,,,,Green,perType:(radiation:(ragdoll:())),118; 165; 61,standard: Green_Death ; radiation: Radiation_Death,mindControllable,,canAttackAllClearableBuildings,,aggressive,,climbing,,,4,4,,,,enabled,,,spawnType: burrow,,,,,,,,,,,,
,,,,,,,,,,,,,,,,,,,,,,,,,,,,,,,,,,/,,,,,,,,,,,,,,,,,,,,,,,,,,,,,,,,,,,,,,,,,,,,,,,,,,,,,,,
// ARACHNIDS,,,,,,,,,,,,,,,,,,,,,,,,,,,,,,,,,,/,,,,,,,,,,,,,,,,,,,,,,,,,,,,,,,,,,,,,,,,,,,,,,,,,,,,,,,
Reaper_Bugs,4028,jungle,,arachnid,ground,horde,claw,Reaper_Bugs,,87,,,,mob; 0.3; 4.0,type: none; offset: 3.5,individual,1,7,individual,0.3,Panther_Bug_0,3.7,,2.46,0.9; 0.95,,,Warrior,,Reaper_Claws,,/,,120,80,,7,,,,,,3,8,360,,,50,,,,,,,,Green,,161; 231; 81,standard: Green_Death,mindControllable,,suppressionImmune; canAttackAllClearableBuildings,,aggressive,,climbing,,,4,4,,,,enabled,,,spawnType: burrow,,,,,,,,,,,,
Venator_Bug,4030,jungle,,arachnid,ground,horde,claw,Venator_Bug,,93,,,,/,type: simple; offset: 4.5,direct,1,1,BigUnit 200,0.3,Venator_Bug_0,4.4,,1.5,1,,,Scorpion,,Venator_Spit,,Venator_Bug_Jump; Venator_Bug_Land,,500,100,,2,,,,,,,4,150,,,50,,,,,,,,Green,deathWeapon: Venator_Death,161; 180; 160,,mindControllable,,suppressionResistant; canAttackAllClearableBuildings,,aggressive,,,,,,,,,,enabled,,,spawnType: burrow,,,,,,,,,,,,
Scarab_Bugs,4032,jungle,,arachnid,ground,horde,claw,Scarab_Bugs,,94,,,,mob; 0.6; 3.5,type: none,individual,2,8,individual,0.15,Turtle_Bug_0,1.3,,0.62,1.4,,,Chariot,,Turtle_Claws,,/,,80,60,,1,,,,,,5,3,170,,,40,,,,,,,,Yellow,,244; 205; 77,standard: Yellow_Death,mindControllable,,suppressionImmune; canAttackAllClearableBuildings,,aggressive,,,,,,,,,,enabled,,,spawnType: burrow,,,,,,,,,,,,
Scarab_Spitter_Armored_Bug,4033,jungle,,arachnid,ground,behemoth,foot,Scarab_Spitter_Bug,,98,,,,/,type: simple; offset: 4.5,direct,2,1,,,Turtle_Spitter_Armored_Bug,2,,1.1,2.3,,,,,Turtle_Spitter_Armored_Spit,,/,,300,90,,5,,,,,,,4,300,,,50,,,,,,,,Orange,deathSwitch: Scarab_Spitter_Bug; deathWeapon: Turtle_Spitter_Death,161; 231; 81,,fireproof; mindControllable,,suppressionImmune; bigCollisionLayer,,aggressive,,,,,,,,,,enabled,,,spawnType: burrow,,,,,,,,,,,,
Scarab_Spitter_Bug,4034,jungle,,arachnid,ground,behemoth,foot,Scarab_Spitter_Bug,,98,,,,/,type: simple; offset: 4.5,direct,2,1,,,Turtle_Spitter_Bug,2,,1.1,2.3,,,,,Turtle_Spitter_Spit,,/,,200,30,,/,,,,,,,6,300,,,50,,,,,,,,Orange,,161; 231; 81,standard: Green_Death,fireproof; mindControllable,,ragdollDeath; suppressionImmune; bigCollisionLayer; noEditor,,aggressive,,,,,,,,,,enabled,,,spawnType: burrow,,,,,,,,,,,,
King_Tanker_Bug,2115,jungle,,arachnid,ground,behemoth,claw,King_Tanker_Bug,,95,,,,/,type: simple; offset: 6,direct,1,1,BigUnit 20,5,King_Tanker_Bug_0,12,,3.65,1.1,1,,Tanker,,King_Tanker_Acid,,King_Tanker_Roar; King_Tanker_Bite,,1500,120,,4,,,,,,5,3.9,70,,,70,,,,,,,,Orange,bloodTexture: 1,233; 126; 12,Tanker_Death,,1,suppressionImmune; canAttackAllClearableBuildings; bigCollisionLayer,,aggressive,,,,,,,,,,enabled,,,spawnType: burrow,,,,,exit: burrow,,,,,,,
Super_Tanker_Bug,4124,jungle,,arachnid,ground,behemoth,claw,Super_Tanker_Bug,,95,,,,/,type: simple; offset: 6,direct,1,1,BigUnit 20,5,King_Tanker_Bug_0,12,,3.65,1.7,1,,Tanker,,King_Tanker_Acid,,King_Tanker_Roar; King_Tanker_Bite,,1500,120,,4,,,,,,5,3.9,70,,,70,,,,,,,,Orange,bloodTexture: 1,233; 126; 12,Tanker_Death,,1,suppressionImmune; canAttackAllClearableBuildings; bigCollisionLayer,,aggressive,,,,,,,,,,enabled,,,spawnType: burrow,,,spawn: (type: warrior_bugs; interval: 1; amount: 10; transport: burrow); followRange: 8; returner: (maxRange: 40; minRange: 15),,exit: burrow,,,,,,,
,,,,,,,,,,,,,,,,,,,,,,,,,,,,,,,,,,,,,,,,,,,,,,,,,,,,,,,,,,,,,,,,,,,,,,,,,,,,,,,,,,,,,,,,,
Tunneler_Surfaced_Bug,4089,jungle,,arachnid,ground,horde,claw,Tunneler_Surfaced_Bug,,120,,,,/,type: none; offset: 2,direct,2,1,,0.15,Tunneler_Bug_0,4.4,,0.5,0.6,,,,,Tunneler_Surfaced_Claw,,Tunneler_Burrow,,120,30,,2,,,,,,2,5,195,,,70,,,,,Tunneler_Burrowed_Bug,Tunneler_Burrowed_Bug,,Green,perType:(radiation:(ragdoll:())),,standard: Green_Death; radiation:Radiation_Death,druggedSpitterPrio; mindControllable,1,suppressionResistant; canAttackAllClearableBuildings,,aggressive,,,,,,,,,,enabled,,,spawnType: burrow,,,,,,,,,,,,
Tunneler_Burrowed_Bug,4091,jungle,,arachnid,ground,horde,claw,Tunneler_Surfaced_Bug,,120,,,,/,type: simple; offset: 2,direct,2,1,,0.15,Tunneler_Burrowed_Bug_0,2,,0.5,0.6,,,,,Tunneler_Burrowed_Claw,,Tunneler_Surface,,120,30,,2,,,,,,2,6,360,,,40,,,,,Tunneler_Surfaced_Bug,,,Green,perType:(radiation:(ragdoll:())),,standard: Green_Death; radiation:Radiation_Death,druggedSpitterPrio; mindControllable,1,suppressionResistant; noCollider; canAttackAllClearableBuildings; invulnerable,,aggressive,,,,,,,,,,enabled,,,spawnType: burrow,,,,,,,,,,,,
,,,,,,,,,,,,,,,,,,,,,,,,,,,,,,,,,,,,,,,,,,,,,,,,,,,,,,,,,,,,,,,,,,,,,,,,,,,,,,,,,,,,,,,,,
Hopper_Cage,4118,jungle,,arachnid; gaia,ground,cavern,fundament,,,126,,,,/,type: simple; offset: 4,direct,/,1,,,Hopper_Cage,8,2,3,,,,,,/,,/,,250,45,granite,,,,,,,,/,/,,,8,,/,8,,,,,Dust,deathSwitch: Hopper_Cage_Collapsed,,Brood_Chamber_Collapse,structure,,baseHeight; noUnitCard; tileBlocking; remainVisible; noCollider,,,,,,,,,,respawnTime: 30; spawnBehaviour: PerSoldier,,,,,,,,,,,,,,,,,blockConstruction: true
Hopper_Cage_Collapsed,4119,jungle,,gaia,ground,cavern,fundament,,,126,none,,,/,type: none; offset: 4,direct,/,1,,,Hopper_Cage_Collapsed,8,2,3,,,,,,/,,/,,/,,,,,,,,,,/,/,,,/,,/,/,,,,,Dust,,,,structure,,baseHeight; noUnitCard; noAutoTarget; alwaysVisible; forceGaia; inaccessible; noCollider,,,,,,,,,,,,,,,,,,,,,,,,,,,blockConstruction: true
,,,,,,,,,,,,,,,,,,,,,,,,,,,,,,,,,,,,,,,,,,,,,,,,,,,,,,,,,,,,,,,,,,,,,,,,,,,,,,,,,,,,,,,,,
// EDITOR TOYS,,,,,,,,,,,,,,,,,,,,,,,,,,,,,,,,,,,,,,,,,,,,,,,,,,,,,,,,,,,,,,,,,,,,,,,,,,,,,,,,,,,,,,,,,
DR-8B_Cutscene_Dropship,4127,jungle,,federation,air,transport_air,hover,,,59,none,,,/,type: none,direct,/,1,individual,,DR-8B_Cutscene_Dropship,3,,1.8,0.7,,,,,,,,,/,/,,/,,,,,,,30,200,,10,30,,,,,,,,Sparks,,,,,,inaccessible; cannotCapture,,,,,,,,,,,,,,,,,,,,,,,,,,,
DR-8B_Cutscene_Burning,4136,jungle,,federation,air,transport_air,hover,,,59,none,,,/,type: none,direct,/,1,individual,,DR-8B_Cutscene_Burning,3,,1.8,0.7,,,,,,,,,/,/,,/,,,,,,,20,200,,7,30,,,,,Jungle_Militia,,,Sparks,,,,,,inaccessible; cannotCapture,,,,,,,,,,,,,,,,,,,,,,,,,,,
Invisible_Flying_Marker,4131,jungle,,federation,air,aircraft,wing,Invisible_Flying_Marker,,37,,,Fleet_Relay,/,,direct,-1,1,individual,,Invisible_Flying_Marker,8,,2.2,0.9,,,Pegasus_Gunship,female,,,,,/,/,,/,,,,,,,5,500,,8,40,,,,,,Bug_Cage_Up,,Sparks,ragdoll: (),,Large_Vehicle_Explosion_Sound,inanimate,,inaccessible; alwaysVisible,,,,,,,,,,,3,,,,,,,,,,,,,,,,
DR-8B_FEDNET,4137,jungle,,federation,air,transport_air,hover,,,59,none,,,/,type: none,direct,/,1,individual,,DR-8B_FEDNET_Dropship,3,,1.8,0.7,,,,,Camera_Turret,,,,/,/,,/,,,,,,,20,120,80; pitch: 60; feetalignangle: 70,7,30,,,,,Tear_Gas_Cloud,,,Sparks,,,,,,inaccessible; alwaysVisible; cannotCapture,,,,,,,,,,,,,,,,,,,,,,,,,,,
,,,,,,,,,,,,,,,,,,,,,,,,,,,,,,,,,,,,,,,,,,,,,,,,,,,,,,,,,,,,,,,,,,,,,,,,,,,,,,,,,,,,,,,,,
,,,,,,,,,,,,,,,,,,,,,,,,,,,,,,,,,,,,,,,,,,,,,,,,,,,,,,,,,,,,,,,,,,,,,,,,,,,,,,,,,,,,,,,,,
// SCENARIO - MISC,,,,,,,,,,,,,,,,,,,,,,,,,,,,,,,,,,/,,,,,,,,,,,,,,,,,,,,,,,,,,,,,,,,,,,,,,,,,,,,,,,,,,,,,,,
Jungle_MG_Turret,4048,jungle,,federation; gaia,ground,construction,fundament,Jungle_MG_Turret,HMGTurret,57,,,/,/,offset: 4.5,direct,/,1,,,Jungle_MG_Turret_Manned,2,1,2.5,1,,,,,Jungle_MG_Turret_Burst 0,,/,,600,10,,1,,,5,,,5,/,/,120; pitch: 120 -35 80,,60,,,,,,,,Sparks,ragdoll: (),,MG_Turret_Death,repairable,,ragdollDeath; noUnitCard; overwatch; suppressionResistant; noCollider; canSelfDestruct; canPurchase,,,,,,,,,,,2,,,,,,,spawn: (type: Jungle_MG_Troopers; interval: 3; amount: 2); followRange: 1.5; returner: (maxRange: 1.5; minRange: 0.5); dieWithLeader: (),attack: turret,,,,,,,,flatGroundOnly: true; requiresTileSpacing: 1
Jungle_MG_Troopers,4096,jungle,,federation,ground,infantry,static,Jungle_Troopers,,79,,,/,checker; 0.5; 2.0; 1.5; 3,type: none,squad,1,9,,,Jungle_Trooper_0; Jungle_Trooper_1; Jungle_Trooper_2,0.7,,1.76,1; 1.1,,,,,Jungle_Trooper_Shot,Jungle_MG_Turret_Powershot,,,60,0,,/,,,,,,,/,360,,,50,,,,,,,,Blood,,156; 10; 10,standard: Blood_Death,human,,inaccessible,,,,,,,3,,,,1,,,,,,,,,,,,,,,,
Jungle_Gate_Closed,4070,jungle,,federation; gaia,ground,structure,fundament,,,66,none,,/,/,type: simple; offset: 5,direct,/,1,,,Jungle_Gate_Closed,6,2 1,3,,1,1,,,/,,Gate_Tall_Open,,1000,60,,/,,,,,,,/,/,,,/,,,,,Jungle_Gate_Open,,,Sparks,deathSwitch: Gate_Destroyed,,,solid; inanimate,,baseHeight; noUnitCard; alwaysVisible; noCollider; tileBlocking; isClearableBuilding,facing: tile,,,,,,,,,,,,,,,,,,,,,,,,,,blockConstruction: true
Jungle_Gate_Open,4086,jungle,,federation; gaia,ground,structure,fundament,,,66,none,,/,/,type: simple; offset: 5,direct,/,1,,,Jungle_Gate_Open,6,2 1,3,,,,,,/,,Gate_Tall_Close,,1000,60,,/,,,,,,,/,/,,,/,,,,,Jungle_Gate_Closed,,,Sparks,deathSwitch: Gate_Destroyed,,,solid; inanimate,,baseHeight; noUnitCard; noAutoTarget; alwaysVisible; noCollider,facing: tile,,,,,,,,,,,,,,,,,,,,,,,,,,blockConstruction: true
Jungle_HMG_Tower,4085,jungle,,federation; gaia,ground,structure,fundament,,HMGTurret,57,,,/,/,type: simple; offset: 12,direct,/,1,,,Jungle_MG_Tower,4,1,9,,3,,,,Turret_HMG 0,,/,,600,40,,/,/,,,,,20,/,/,120; pitch: 120 -35 80,,60,,,,,,,,Sparks,deathSwitch: MG_Tower_Destroyed,,,repairable,,noUnitCard; suppressionResistant; alwaysVisible; tileBlocking; noFireBlocking,facing: tile,,,,,,,,,,,,,,,,,,attack: turret,,,,,,,,flatGroundOnly: true; requirePavement: true; requiresTileSpacing: 1
//Jungle_Bridge,4123,jungle,NewDecorations,federation; gaia,ground,structure,fundament,,,66,none,,/,/,type: simple; offset: 5,direct,/,1,,,Jungle_Bridge,6,2 1,3,,1,1,,,/,,,,1,/,,/,,,,,,,/,/,,,/,,,,,,,,Sparks,,,,solid; inanimate,,noUnitCard; alwaysVisible; tileBlocking; isClearableBuilding; noCollider,facing: tile,,,,,,,,,,,,,,,,,,,,,,,,,,blockConstruction: true
Jungle_LMG_Permanent,4126,jungle,,federation,ground,infantry,static,,,23,,,/,/,offset: 4,direct,1,1,,,Jungle_Trooper_HMG,1,,1.76,1.2,,,Shredder,male,Jungle_HMG_Burst,,/,,60,0,,/,,,,,,,/,100,,,30,,,,,,,,Blood,,156; 10; 10,standard: Blood_Death,human,,cannotCapture,,,,,,,,,,,1,enabled,,,,,,,,,nothing,,,,,,
Mech_Overseer_Jungle,4135,jungle,,federation,ground,vehicle,mech,,,149,,,Power_Plant,/,offset: 7.5,direct,1,1,BigUnit 90,,Mech_Heavy_Bio_Jungle,4,,4.5,0.95,1,,Mech_Heavy_Bio,,/,,Jungle_Mind_Control,,500,70,,3,,,25,,,20,4,100,100; pitch: 30 -35 80,,40,,,,,,,,Sparks,ragdoll: (),,E_Turret_Death,armored; gasImmune; radiationImmune; fireproof,,suppressionImmune; cannotCapture; bigCollisionLayer; canSelfDestruct; canPurchase,,,,,,,,,,,,enabled,,preferredTransport: Drop_Pod; noPlayerInput: (),,,,,,,,,,,,,
,,,,,,,,,,,,,,,,,,,,,,,,,,,,,,,,,,,,,,,,,,,,,,,,,,,,,,,,,,,,,,,,,,,,,,,,,,,,,,,,,,,,,,,,,
Bug_Cage_Up,5022,jungle,,federation; gaia,air,device,wing,,,/,none,,/,/,type: none,direct,/,1,,,Bug_Cage_Fall,0.5,,2,,1,,,,,,Bug_Cage_Fall,,100,0,,/,,,,,,,/,/,,10,20,,,,,,,,Sparks,none: (),,,,,noUnitCard; alwaysVisible; nightVision; noAutoTarget; baseHeight,,aggressive,,,,,,,,,,,,,,,,,,,,,,,,,
Container_Up,5020,jungle,,federation; gaia,air,device,wing,,,/,none,,/,/,type: none,direct,/,1,,,Falling_Container,0.5,,2,,1,,,,,,Container_Fall,,100,0,,/,,,,,,,/,/,,10,20,,,,,,,,Sparks,none: (),,,,,noUnitCard; alwaysVisible; nightVision; noAutoTarget; baseHeight,,,,,,,,,,,,,,,,,,,,,,,,,,,
Container_Down,5021,jungle,,federation; gaia,ground,device,static,,,/,none,,/,/,type: none,direct,/,1,,,Container_On_Ground,0.5,1 2,2,,1,1,,,,,/,,/,0,,/,,,,,,,/,/,,,20,,,,,,,,Sparks,,,,,,noUnitCard; alwaysVisible; nightVision ; baseHeight; tileBlocking,,,,,,,,,,,,,,,,,,,,,,,,,,,
Bug_Cell,5019,jungle,,arachnid,ground,structure,static,,,162,none,,/,/,type: simple,direct,/,1,,,Warrior_Bug_Cell_0,4,1,1.5,0.9,,,,,/,,/,,200,/,,/,/,,,,,,/,/,,,/,,,,,,,,Green,,118; 165; 61,standard: Green_Death,,, noHitExperience; cannotCapture; alwaysVisible; noUnitCard; tileBlocking; noAutoTarget,,,,,,,,,,,,,,,,,,,,,,,,,,,blockConstruction: true
Excavator,4132,jungle,,federation,ground,structure,static,,,144,none,,/,/,type: simple; offset: 9,direct,/,1,,,Excavator,8,2,,,1,,,male,/,,,,500,20,,/,,,,,,,/,/,,,/,,,,,,,,Sparks,,,,xm11Boostable,,baseHeight; noUnitCard; alwaysVisible; tileBlocking; noAutoTarget,facing: tile,,,,,,,,,,,,,,,,,,,,,,,,,,blockConstruction: true
Jungle_Mine_Placer,4117,jungle,NewDecorations,federation,ground,behemoth,foot,,,51,,,,/,,squad,2,1,,,Tanker_Bug_0,2.5,,3.65,0.5,,,,,/,,/,,10000000,0,,8,,,,,,,3.9,80,,,70,,,,,,,,Orange,,233; 126; 12,standard: Orange_Death,,1,suppressionImmune,,aggressive,,,,,,,,,,enabled,,,,,,,,,,,,,,,
Jungle_Mine,4116,jungle,NewDecorations,federation,ground,device,static,,,75,none,,/,mob; 0.3; 5,type: simple,direct,/,1,,,Landmine_Armed_Jungle_0,0.5,,0.1,,1,,,,Fire_Mine_Jungle_Explosion,,/,,/,0,,/,,,,,,,/,/,,,20,,,,,,,,Sparks,,,,,,noEditor; noUnitCard; alwaysVisible; noCollider; nightVision,,,,,,,,,,,,,,,,,,,,,,,,,,,
,,,,,,,,,,,,,,,,,,,,,,,,,,,,,,,,,,/,,,,,,,,,,,,,,,,,,,,,,,,,,,,,,,,,,,,,,,,,,,,,,,,,,,,,,,
Jungle_Militia,4039,jungle,,gaia,ground,infantry,foot,,,51,,,,checker; 0.6; 1.6; 1.8; 2,offset: 5,squad,1,12,,0.3,Militia_0; Militia_1; Militia_2,0.7,,1.76,1; 1.1,,,Generic_Humans,,Rifle 0,,,,35,20,,3,,,,,,,3.9,360,,,70,,,,,,,,Blood,,156; 10; 10,standard: Blood_Death,human,,garrison,,,,,,,,,,,1,enabled,,preferredTransport: DR-4_Viking; noPlayerInput: (),,,,,,,,,,,,,
Phosphorus_Cloud,4027,jungle,,gaia,ground,device,static,,,/,none,,/,/,type: none,direct,/,1,,,Tear_Gas_Pool,8,,0.1,2,,,,,Phosphorus_Gas,,,18 remove,/,/,,,,,,,,,/,/,,,/,,,,,,,/,,,,,,,noCollider; noUnitCard; inaccessible; noEditor; alwaysVisible,,,,,,,,,,,,,,,,,,,,,,,,,,,
Tear_Gas_Cloud,2123,jungle,,gaia,ground,device,static,,,/,none,,/,/,type: none,direct,/,1,,,Tear_Gas_Pool,8,,0.1,,,,,,Tear_Gas,,,18 remove,/,/,,,,,,,,,/,/,,,/,,,,,,,/,,,,,,,noCollider; noUnitCard; inaccessible; noEditor; alwaysVisible,,,,,,,,,,,,,,,,,,,,,,,,,,,
Thermite_Fire_Unit,4044,jungle,,gaia,ground,device,static,,,/,none,,,/,type: none,direct,/,1,,,Fire_Mech,16,,0.1,1,,,,,Fire_Small_Pool,,/,15 remove,/,/,,,,,,,,,/,/,,,20,,,,,,,,,,,,,,noUnitCard; inaccessible; noEditor; forceRogue; alwaysVisible; noCollider; nightVision,,,,,,,,,,,,,,,,,,,,,,,,,,,
,,,,,,,,,,,,,,,,,,,,,,,,,,,,,,,,,,,,,,,,,,,,,,,,,,,,,,,,,,,,,,,,,,,,,,,,,,,,,,,,,,,,,,,,,
Jungle_Trees_3x3,4133,jungle,,gaia,ground,device,static,,,/,none,,,/,type: none,direct,/,1,,,Trees_3x3_Unit,12,3,5,1,,2,,,,,/,,/,/,,,,,,,,,/,/,,,/,,,,,,,,,,,,,,noUnitCard; inaccessible; tileBlocking; alwaysVisible,position: grid; facing: tile,,,,,,,,,,,,,,,,,,,,,,,,,,
,,,,,,,,,,,,,,,,,,,,,,,,,,,,,,,,,,,,,,,,,,,,,,,,,,,,,,,,,,,,,,,,,,,,,,,,,,,,,,,,,,,,,,,,,
// FLEET DLC,,,FleetDLC,,,,,,,,,,,,,,,,,,,,,,,,,,,,,,,/,,,,,,,,,,,,,,,,,,,,,,,,,,,,,,,,,,,,,,,,,,,,,,,,,,,,,,,
,,,,,,,,,,,,,,,,,,,,,,,,,,,,,,,,,,/,,,,,,,,,,,,,,,,,,,,,,,,,,,,,,,,,,,,,,,,,,,,,,,,,,,,,,,
Marines_New,1157,,FleetDLC,federation,ground,infantry,foot,Marines_New,marine,49,,,/,checker; 0.3; 1.6; 1.6; 3,offset: 5,squad,1,7,,,Marine_0,0.7,,1.76,1; 1.1,,,marines,,Marines_Burst 0,Marines_Shotgun,Ammo_Drop_Crate; Marines_Grenade_Barrage; Ripper_Barrage,,80,10,,2,,,,,,,5,360,,,50,,,,,,,,Blood,,156; 10; 10,standard: Blood_Death,human; canCaptureHive,,noExperience; garrison; suppressionResistant; noFireBlocking,,,,,,,,,,,1,enabled,,preferredTransport: DR-8_Skyhook,,,,,,,,,,,,,
Fleet_Mechanics,1131,,FleetDLC,federation,ground,infantry,foot,Fleet_Mechanics,,134,,,/,checker; 0.3; 2.0; 1.8; 2,offset: 4,squad,2,7,,,Fleet_Mechanic_0,0.7,,1.76,1; 1.1,,,rifle_squad,,Morita_Carbine 0,,Support_Drop_Crate,,80,10,,3,,,,,2,,3.9,360,,,50,,,,,,,,Blood,,156; 10; 10,standard: Blood_Death,human,,garrison; canPurchase; noFireBlocking; noExperience,,,,,,,,,,,1,enabled,,preferredTransport: DR-8_Skyhook,,,,,,,,,,welding,,purchase: electro_mg electro_mortar electro_cannon electro_launcher; construct: (attribute: repairable),
TAC_Director,4064,,FleetDLC,federation,ground,infantry,foot,TAC_Director,,128,,,Fleet_Relay,checker; 0.3; 2.0; 1.8; 2,offset: 5,squad,2,3,,,TAC_Strike_Operator_0,0.7,,1.76,1; 1.1,,,radio_operator,,TAC_Minigun_Strafe,TAC_Strike_Laser,TAC_Strike; TAC_Director_Default; TAC_Director_A; TAC_Director_B,,60,0,,/,,1,,,,,3.9,360,,,50,,,,,,,,Blood,,156; 10; 10,standard: Blood_Death,human,,garrison; shootThroughSoldiers; noFireBlocking; canPurchase,,,,,,,,,,,1,enabled,,preferredTransport: DR-8_Skyhook,,,,,,,,,,,,,
TAC_Director_A,1132,,FleetDLC,federation,ground,infantry,foot,TAC_Director,,128,,,Fleet_Relay,checker; 0.3; 2.0; 1.8; 2,offset: 5,squad,2,3,,,TAC_Strike_Operator_0,0.7,,1.76,1; 1.1,,,radio_operator,,TAC_Cannon_Strafe,TAC_Strike_Laser,TAC_Strike; TAC_Director_Default; TAC_Director_A; TAC_Director_B,,60,0,,/,,1,,,,,3.9,360,,,50,,,,,,,,Blood,,156; 10; 10,standard: Blood_Death,human,,garrison; shootThroughSoldiers; noFireBlocking; canPurchase,,,,,,,,,,,1,enabled,,preferredTransport: DR-8_Skyhook,,,,,,,,,,,,,
TAC_Director_B,1133,,FleetDLC,federation,ground,infantry,foot,TAC_Director,,128,,,Fleet_Relay,checker; 0.3; 2.0; 1.8; 2,offset: 5,squad,2,3,,,TAC_Strike_Operator_0,0.7,,1.76,1; 1.1,,,radio_operator,,TAC_Missile_Strafe,TAC_Strike_Laser,TAC_Strike; TAC_Director_Default; TAC_Director_A; TAC_Director_B,,60,0,,/,,1,,,,,3.9,360,,,50,,,,,,,,Blood,,156; 10; 10,standard: Blood_Death,human,,garrison; shootThroughSoldiers; noFireBlocking; canPurchase,,,,,,,,,,,1,enabled,,preferredTransport: DR-8_Skyhook,,,,,,,,,,,,,
Hover_Missile_Launcher,4057,,FleetDLC,federation,ground,vehicle,rotor,Hover_Missile_Launcher,,86,,,Power_Plant,/,,direct,1,1,BigUnit 100,,Hover_Missile_Launcher,4,,1.8,1,,,Hover_Autocannon,,Hover_Missile_Launcher_Burst,,Hover_Missile_Launcher_Droner,,300,40,,3,,,20,,,20,5,100,,,40,,,,,,,,Sparks,ragdoll: (),,Small_Vehicle_Explosion_Sound,inanimate,,suppressionImmune; cannotCapture; bigCollisionLayer; canSelfDestruct; canPurchase,,,,,,,,,,,,enabled,,preferredTransport: Drop_Pod; noPlayerInput: (),,,,,,,,,,,,,
Hover_Missile_Launcher_Droner,1144,,FleetDLC,federation,ground,vehicle,rotor,Hover_Missile_Launcher,,86,,,Power_Plant,/,,direct,1,1,BigUnit 100,,Hover_Missile_Launcher,4,,1.8,1,,,Hover_Autocannon,,Hover_Missile_Launcher_Burst,,/,,300,40,,3,,,20,,,20,5,100,,,40,,,,,,,,Sparks,ragdoll: (),,Small_Vehicle_Explosion_Sound,inanimate,,suppressionImmune; cannotCapture; bigCollisionLayer; canSelfDestruct; canPurchase,,,,,,,,,,,,enabled,,preferredTransport: Drop_Pod; noPlayerInput: (),,,,spawn: (type: Loitering_Munitions; interval: 3; amount: 2); followRange: 5; returner: (maxRange: 30; minRange: 5); teleportBackRange: 60,,,,,,,,,
Loitering_Munitions,4031,,FleetDLC,federation,air,swarm,wing,,,99,,,,mob; 1.5; 5,type: none; offset: 5.5,squad,2,5,air,0.25,Recon_Drone,3,,2,0.6,,,,,Loitering_Munition_Shot,,/,,40,0,,2,,,,,,3,10,200,,8,50,,,,,,,,Yellow,,244; 205; 77,Firehopper_Death_Explosion,,,constantMotion; ragdollDeath; suppressionImmune,,aggressive,,,true,,,,,,,,,,,,,,,,,,,,,,
Manpad_Troopers,4006,,FleetDLC,federation,ground,infantry,foot,,rocket,132,,,Rocket_Depot,line; 0.3; 2.0; 2.0; 1,offset: 5,squad,2,2,,,MANPAD_Trooper_0,1.2,,1.76,1; 1.1,,,rocketeers,male,MANPAD_Shot,,/,,60,0,,2,,,,,0.7,,3.9,360,,,50,,,,,,,,Blood,,156; 10; 10,standard: Blood_Death,human,,garrison; canPurchase,,,,,,,,,,,1,enabled,,preferredTransport: DR-8_Skyhook,,,,,,,,,,,,,
Battlecruiser,2022,,FleetDLC,federation,air,vehicle,rotor,,hopper,15,,,Fleet_Relay,mob; 1.5; 5,,direct,1,1,,,Battle_Cruiser,5,,12,1,,,,,Cruiser_Missile,,TAC_Strike; Orbital_Strike,,/,/,,/,,1,,,,/,20,9000,,0.1,/,,,,,,,,/,,,,,,cannotCapture; noCollider; singleton,,,,,,,,,,,,,,,,,,,,,,,,,,,
Corvette_Liaison,1139,,FleetDLC,federation,ground,infantry,foot,Corvette_Liaison,fleet,6,,,Fleet_Relay,/,offset: 4,direct,2,1,,,Fleet_Liaison_0,0.7,,1.76,1; 1.1,,,fleet_liaison,female,Cruiser_Missile,/,Reinforce; Marines_Drop; Orbital_Strike,,80,0,,1,,1,,,,,3.9,360,,,50,,,,,,,,Blood,,156; 10; 10,standard: Blood_Death,human,,garrison; noFireBlocking; canPurchase,,,,,,,,,,,1,enabled,,preferredTransport: DR-8_Skyhook,,,,,,,,,,,,,
Electro_Quad,1134,,FleetDLC,federation; gaia,ground,electro_turret,fundament,,,135,,,,/,offset: 4,direct,/,1,,,Electro-Quad,1.8,1,1.5,,,,Turret,male,Hover_HMG_Burst,,/,,100,10,granite,/,/,,15,,,10,/,/,80; pitch: 80 -20 90,,30,,,,,,,,Sparks,,,E_Turret_Death,electroTurret; gasImmune; repairable,,noCollider; alwaysVisible; noUnitCard; suppressionImmune; canSelfDestruct; overwatch,facing: tile,,,,,,,,,,,,,,,,,,attack: turret,,,,,,,,flatGroundOnly: true; requiresTileSpacing: 2
Support_Drop_Crate,1136,,FleetDLC,federation,ground,device,static,,,/,none,,/,/,type: simple,direct,/,1,,,Drop_Crate_Supply,0.05,,0.1,1,,,,,/,,Support_Drop_Crate_Modifier,20 remove,100,/,,/,,,,,,,/,/,,,/,,,,,,,,/,,,,,,inaccessible; noUnitCard; noCollider; noEditor,,,,,,,,,,,,enabled,,preferredTransport: Drop_Pod,,,,,,,,,,,,,
Ammo_Drop_Crate,1137,,FleetDLC,federation,ground,device,static,,,/,none,,/,/,type: simple,direct,/,1,,,Drop_Crate_Material,0.05,,0.1,1,,,,,/,,Ammo_Drop_Crate_Modifier,20 remove,100,/,,/,,,,,,,/,/,,,/,,,,,,,,/,deathWeapon: Ammo_Drop_Crate_Explosion; deathSwitch: Ammo_Drop_Crate_Exploding,,,,,inaccessible; noUnitCard; noCollider; noEditor,,,,,,,,,,,,enabled,,preferredTransport: Drop_Pod,,,,,,,,,,,,,
Ammo_Drop_Crate_Exploding,1138,,FleetDLC,federation; gaia,ground,device,static,,,75,none,,/,/,type: simple,direct,/,1,,,Drop_Crate_Material,0.5,,0.1,1,,,,,/,,Ammo_Drop_Crate_Explode,3 kill,/,0,,/,,,,,,,/,/,,,/,,,,,,,,Sparks,/,,,,,noEditor; noUnitCard; alwaysVisible; noCollider; forceRogue,,,,,,,,,,,,,,,,,,,,,,,,,,,
Jet_Fuel_Depot,1145,,FleetDLC,federation; gaia,ground,structure,static,,,102,none,,/,/,offset: 5.5,direct,/,1,,,Chemicals_Depot,8,2,1.737,,,,,,/,,/,,/,/,,/,/,,,funds: 5,,,/,/,,,16,,,,,,,,Sparks,,,,,1,alwaysVisible; noUnitCard; tileBlocking,facing: tile,,,,,,,,,,,,,,,,,,,,,,,,,,
,,,,,,,,,,,,,,,,,,,,,,,,,,,,,,,,,,/,,,,,,,,,,,,,,,,,,,,,,,,,,,,,,,,,,,,,,,,,,,,,,,,,,,,,,,
,,,,,,,,,,,,,,,,,,,,,,,,,,,,,,,,,,,,,,,,,,,,,,,,,,,,,,,,,,,,,,,,,,,,,,,,,,,,,,,,,,,,,,,,,
// FROST DLC,,,FrostDLC,,,,,,,,,,,,,,,,,,,,,,,,,,,,,,,/,,,,,,,,,,,,,,,,,,,,,,,,,,,,,,,,,,,,,,,,,,,,,,,,,,,,,,,
,,,,,,,,,,,,,,,,,,,,,,,,,,,,,,,,,,/,,,,,,,,,,,,,,,,,,,,,,,,,,,,,,,,,,,,,,,,,,,,,,,,,,,,,,,
,,,,,,,,,,,,,,,,,,,,,,,,,,,,,,,,,,/,,,,,,,,,,,,,,,,,,,,,,,,,,,,,,,,,,,,,,,,,,,,,,,,,,,,,,,
Obital_Defence_Cannon,5005,,FrostDLC,federation,ground,structure,static,Obital_Defence_Cannon,,82,point,,,/,type: simple; offset: 7.5,direct,2,1,BigUnit 1,0.75,Wave_Breaker,1,1,4,10,2,,Plasma,,/,,Orbital_Defence_Strike; Orbital_Defence_Scripted,,1000,100,granite,/,,,,,,5,/,78,,,70,,,,,,,,Sparks,deathWeapon: Plasma_Bug_Explosion,,,massive,,remainVisible,position: grid,aggressive,,,,,,,,,,enabled,,,spawnType: burrow,,,,,,,,,,,,
,,,,,,,,,,,,,,,,,,,,,,,,,,,,,,,,,,/,,,,,,,,,,,,,,,,,,,,,,,,,,,,,,,,,,,,,,,,,,,,,,,,,,,,,,,
E-Pulse_88_Trooper,1103,,UnitPrototyping,federation,ground,infantry,foot,E-Pulse_88_Trooper,,22,,,Power_Plant,checker; 0.5; 2; 2; 2,offset: 5,squad,1,3,,,E-Pulse_88_Trooper_0,0.7,,1.76,1.22,,,Shredder,male,E-Pulse_88,,/,,100,40,,2,/,/,,,,,3.9,360,,,50,,,,,,,,Blood,,156; 10; 10,standard: Blood_Death,human,,garrison; canPurchase,,,,,,,,,,,1,enabled,,preferredTransport: DR-8_Skyhook,,,,,,,,,,,,,
,,,,,,,,,,,,,,,,,,,,,,,,,,,,,,,,,,/,,,,,,,,,,,,,,,,,,,,,,,,,,,,,,,,,,,,,,,,,,,,,,,,,,,,,,,
Tesla_Troopers,3260,,LabDLC,federation,ground,infantry,foot,,trooper,0,,,/,checker; 0.3; 1.2; 1.4; 2,offset: 5,squad,1,7,,,Frag_Trooper_0,0.7,,1.76,1; 1.1,,,rifle_squad,,Tesla_Shot,,Tesla_Boost,,60,0,,3,,,,,,,3.9,360,,,50,,,,,,,,Blood,,156; 10; 10,standard: Blood_Death,human; canCaptureHive; tesla,,garrison; canPurchase,,,,,,,3,,,,1,enabled,,preferredTransport: DR-4_Viking,,,,,,,,,,,,,
E-Bomber_Direct,3261,,LabDLC,federation,ground,infantry,foot,,trooper,1,,,Rocket_Depot,checker; 0.4; 1.4; 1.6; 2,offset: 5,squad,1,5,,,Shredder_Trooper_0,0.7,,1.76,1; 1.1,,,Frag_Troopers,,E-Bomber_Shot_Far,E-Bomber_Shot_Close,,,60,35,,2,/,,,,,,3.9,500,,,50,,,,,,,,Blood,,156; 10; 10,standard: Blood_Death,human; canCaptureHive; temp-minrangepowershot; tesla,,garrison; canPurchase,,,,,,,,,,,1,enabled,,preferredTransport: DR-4_Viking,,,,,,,,,,,,,
Laser_Tank,3263,,LabDLC,federation,ground,vehicle,mech,,,14,,,Power_Plant,line; 0.6; 5; 5; 1,,direct,1,1,,,Hover_Autocannon,4,,1.8,0.8,,,marauder,,Ramping_Laser,,,,300,40,,3,,20,,,,30,5,80,100,,40,,,,,,,,Sparks,,,Bunker_Explosion,inanimate; tesla,,suppressionImmune; overwatch; cannotCapture; bigCollisionLayer; canSelfDestruct; canPurchase,,,,,,,,,,,,enabled,,preferredTransport: Drop_Pod; noPlayerInput: (),,,,,,,,,,,,,
Power_Enforcers,3254,,LabDLC,federation,ground,infantry,foot,,power,32,,,Sector_Headquarters,mob; 0.3; 2.8,offset: 5,individual,1,7,,,Power_Enforcer,1.5,,1.76,1.05; 1.15,,,Power_Infantry,,Nightstick_Melee,,,,150,50,,3,,,,,,,7,360,,,50,,,,,,,,Sparks,,156; 10; 10,,human; canCaptureHive; tesla,,garrison; canPurchase,,defendarea 10,,,,,,,,,1,enabled,,preferredTransport: DR-4_Viking,,,,,,,,,,,,,
,,,,,,,,,,,,,,,,,,,,,,,,,,,,,,,,,,/,,,,,,,,,,,,,,,,,,,,,,,,,,,,,,,,,,,,,,,,,,,,,,,,,,,,,,,
Recon_Drone,3303,,LabDLC,federation,air,vehicle,rotor,,hopper,124,,,,mob; 1.5; 5,,direct,1,1,,,Rippler_Bug_0,1,,1.5,0.5,,,Hopper,,/,,/,,100,10,,/,,,,,,3,10,200,,6,20,,,,,,,,Green,ragdoll: (),23; 139; 43,Turret_Explosion,inanimate,,noAutoTarget; ragdollDeath; suppressionImmune,,,,,,,,,,,,,,,,,,,,,,,,,,,
,,,,,,,,,,,,,,,,,,,,,,,,,,,,,,,,,,/,,,,,,,,,,,,,,,,,,,,,,,,,,,,,,,,,,,,,,,,,,,,,,,,,,,,,,,
,,,,,,,,,,,,,,,,,,,,,,,,,,,,,,,,,,/,,,,,,,,,,,,,,,,,,,,,,,,,,,,,,,,,,,,,,,,,,,,,,,,,,,,,,,
// PROTOTYPES,,,,,,,,,,,,,,,,,,,,,,,,,,,,,,,,,,/,,,,,,,,,,,,,,,,,,,,,,,,,,,,,,,,,,,,,,,,,,,,,,,,,,,,,,,
Pegasus_Gunship2,21002,wip,UnitPrototyping,federation,air,aircraft,wing,Pegasus_Gunship,,37,,,Fleet_Relay,/,,direct,-1,1,BigUnit 200,,Gunship,8,,2.2,0.9,,,Pegasus_Gunship,female,Gunship_Gatling,,Gunship_Ability; Gunship_Reaper_Missile; Gunship_Bomb,,200,30,,3,,,20,,,4,9,150,100; pitch: 80 -80 10,8,30,,,,,,,,Sparks,ragdoll: (),,Large_Vehicle_Explosion_Sound,inanimate,,suppressionImmune; garrison; nightVision; canPurchase; ragdollDeath; canSelfDestruct,,,,,,,,,,,3,enabled,,preferredTransport: Dropship_Invisible_Instant,,,,,,enter: (anim:3); exit: anim,,,,,,,
ADR-4_Thor_TEMP,21004,wip,UnitPrototyping,federation,ground,infantry,wing,,,59,,,/,/,,direct,/,1,BigUnit 200,,ADR-4_Thor,12,,,,,,,,Dropship_Guns,,/,,/,0,,/,,,,,,,9,150,,,25,,,,,,,,Sparks,,,,,,noCollider; garrison; canPurchase,,,,,,,,,,,,enabled,,preferredTransport: Dropship_Invisible_Instant,,,,,,enter: (anim:3); exit: anim,,,,,,,
Dropship_Invisible_Instant,21003,wip,UnitPrototyping,federation,air,transport_air,static,,,59,,,/,/,type: none,direct,,1,,,Dropship_Invisible_Instant,12,,,,,,,,/,,/,,/,0,,/,,,,,,,39,130,,,10,,,10,,,,,/,,,,,,noEditor; inaccessible; dropship,,,,,,,,,animated; landAnim: 0.1; takeoffAnim: 0.1,,,,,,,,,,,,,,,,,,
,,,,,,,,,,,,,,,,,,,,,,,,,,,,,,,,,,/,,,,,,,,,,,,,,,,,,,,,,,,,,,,,,,,,,,,,,,,,,,,,,,,,,,,,,,
Armored_Marines,1111,,UnitPrototyping,federation,ground,infantry,foot,Armored_Marines,epulse,28,,,Power_Plant,checker; 0.3; 1.6; 1.6; 3,offset: 5,squad,1,10,,,Bastion_Marine,0.8,,1.76,1.12; 1.15,,,,,Morita_Carbine 0,,/,,100,40,,3,,,5,,,,3.9,360,,,50,,,,,,,,Blood,,156; 10; 10,standard: Blood_Death,human; canCaptureHive,,garrison; canPurchase,,,,,,,,,,,1,enabled,,preferredTransport: DR-4_Viking,,,,,,,,,,,,,
Marksman,20292,,UnitPrototyping,federation,ground,infantry,foot,,,36,,,Power_Plant,/,offset: 4,direct,1,1,,,Mechanized_Marksman_0,0.7,,1.76,1.2,,,,,Lazer_Gun,,Marksman_Jump; Low_Velocity_Round; Marksman_Bomb_Drop,,100,30,,2,,,,,,,5,360,,,55,,,,,,,,Blood,,156; 10; 10,standard: Blood_Death,human,,garrison; noFireBlocking; cannotCapture,,,,,,,,,,,1,enabled,,preferredTransport: DR-8_Skyhook,,,,,,,,,,,,,
Intel_Officer,4019,,UnitPrototyping,federation,ground,infantry,foot,,,58,,,/,/,,direct,2,1,,,Psi_Ops_0,0.7,,1.76,1; 1.1,5,,,,Morita_Pistol,,/,,80,0,,3,,,,,,,3.9,360,,,60,,,,,,,,Blood,,156; 10; 10,standard: Blood_Death,,,garrison; nightVision; noFireBlocking,,,,,,,,,,,,enabled,,preferredTransport: DR-8_Skyhook,,,,,,,,,,,,,
Nester_Bug,4029,,UnitPrototyping,arachnid,ground,horde,claw,,,126,,,,/,type: simple; offset: 7,direct,/,1,,,Nester_Bug_0,2,,1.1,3,,,,,/,,/,,300,30,,,,,,,,,3.5,360,,,20,,35,10,,,,,Green,deathWeapon: Turtle_Spitter_Death,,,,1,noUnitCard,,,,,,,,,,,,enabled,,,spawnType: burrow,,,spawn: (type: pupae_bugs; interval: 1; amount: 10); followRange: 8; returner: (maxRange: 40; minRange: 10),,,,,,,,,
Rippler_Bugs,2001,,UnitPrototyping,arachnid,air,swarm,wing,,,124,,,,mob; 1.5; 5,type: none,individual,1,3,,0.25,Rippler_Bug_0,3,,1.5,1.2; 1.3,,,Hopper,,Rippler_Spikes,,/,,100,10,,2,,,,,,3,10,200,,6,50,,,,,,,,Green,ragdoll: (crashEffect: Crash_Impact),23; 139; 43,standard: Green_Death,,,ragdollDeath; suppressionImmune,,aggressive,,,,,,,,,,,,,,,,,,,,,,,,,
Infested_Bomber,4500,,UnitPrototyping,arachnid,ground,infantry,foot,,,64,none,,,/,type: none; offset: 5,direct,2,1,,/,Basic_Infantry_0; Basic_Infantry_1; Basic_Infantry_2,0.7,,1.76,1; 1.1,,,,,Infested_Fake_Weapon,,/,20 kill,40,20,,2,,,,,,5,3.9,360,,,70,,,,,,,,Yellow,deathWeapon: Jungle_Grenade,247; 197; 31,standard: Yellow_Death,,,noAutoTarget; garrison,,aggressive,,,,,,,,,,enabled,,preferredTransport: DR-4_Viking,,,,,,,,,,,,,
Bomber_Bugs,5034,,UnitPrototyping,arachnid,ground,horde,claw,Bomber_Bugs,,114,,,,mob; 0.3; 3.0,type: none; offset: 4,individual,1,10,individual,0.3,Tiger_Bug_0,3.7,,2.46,0.85; 0.9,,,Warrior,,Tiger_Claws,,/,,130,40,,7,,,,,,3,6,360,,,50,,,,,,,,Green,deathWeapon: Burster_Bug_Explode,161; 231; 81,standard: Green_Death,,,suppressionResistant; canAttackAllClearableBuildings,,aggressive,,climbing,,,4,4,,,,enabled,,,spawnType: burrow,,,,,,,,,,,,
Scorpion_Fly_Bug,5042,,UnitPrototyping,arachnid,air,swarm,wing,Scorpion_Fly_Bug,,100,,,,/,type: simple,direct,1,1,individual avoidance=false force=20 separationradiusfactor=1.5,0.25,Scorpion_Fly,3,,2,1.3; 1.4,,,Hopper,,Scorpion_Fly_Railgun_Shot,,/,,200,50,,3,,,,,,3,6,200,,4,50,,,,,,Scorpion_Fly_Wounded_Bug,,Orange,deathSwitch:Scorpion_Fly_Wounded_Bug; bloodTexture: 2,195; 196; 69,standard: Orange_Death,,,ragdollDeath; suppressionImmune,,aggressive,,,,,,,,,,enabled,,,spawnType: burrow,,,,,,,,,,,,
Scorpion_Fly_Wounded_Bug,5043,,UnitPrototyping,arachnid,ground,horde,claw,Scorpion_Fly_Bug,,100,,,,/,type: simple,direct,1,1,individual,0.45,Scorpion_Fly_Wounded_Bug,3,,2,1,,,Hopper,,Rage_Claws,,Scorpion_Fly_Bug_Death,,200,50,,3,,,,,,/,4,360,,,50,,,,,,,,Orange,bloodTexture: 2,195; 196; 69,standard: Orange_Death,,,suppressionImmune; noEditor; canAttackAllClearableBuildings,,aggressive,,,,,4,4,,,,enabled,,,spawnType: burrow,,,,,,,,,,,,
,,,,,,,,,,,,,,,,,,,,,,,,,,,,,,,,,,,,,,,,,,,,,,,,,,,,,,,,,,,,,,,,,,,,,,,,,,,,,,,,,,,,,,,,,
Immolator_Bug,20288,lava,UnitPrototyping,arachnid,ground,behemoth,foot,Sparker_Bug,,98,,,,/,type: simple,direct,2,1,,,Sparker_Bug_0,2,,1.1,2.3,,,,,Sparker_Flamer,,/,,300,80,,5,,,,,,,5,300,,,50,,,,,,,,Orange,deathSwitch: Immolator_Burning,233; 126; 12,,fireproof,,suppressionImmune; bigCollisionLayer,,aggressive,,,,,,,,,,enabled,,,spawnType: burrow,,,,,,,,,,,,
Immolator_Burning,20286,lava,UnitPrototyping,arachnid,ground,behemoth,foot,Sparker_Bug,,90,,,,/,type: simple; offset: 6,direct,2,1,,0.75,Sparker_Bug_0_Burning,2,,1.1,2.3,,,,,Immulator_Bug_Suicide,,/,,100,80,,/,,,,,,,6,300,,,50,,,,,,,,Orange,deathWeapon: Immolator_Bug_Timer; deathSwitch: Immolator_Detonation,,,fireproof,,suppressionImmune,,aggressive,,,,,,,,,,enabled,,,spawnType: burrow,,,,,,,,,,,,
Immolator_Detonation,20287,lava,UnitPrototyping,arachnid,ground,behemoth,static,Sparker_Bug,,90,,,,/,type: none; offset: 6,direct,2,1,,0.75,Sparker_Bug_1_Burning,2,,1.1,2.3,,,,,,,/,,100,80,,/,,,,,,,0,/,,,50,,,,,,,,Orange,deathWeapon: Sparker_Explode; ragdoll: (),,,fireproof,,ragdollDeath; suppressionImmune,,aggressive,,,,,,,,,,enabled,,,spawnType: burrow,,,,,,,,,,,,
,,,,,,,,,,,,,,,,,,,,,,,,,,,,,,,,,,/,,,,,,,,,,,,,,,,,,,,,,,,,,,,,,,,,,,,,,,,,,,,,,,,,,,,,,,
Robotics_Operator,2003,,UnitPrototyping,federation,ground,infantry,foot,,engineer,8,,,/,checker; 0.3; 3.0; 1.8; 2,,direct,2,1,,,Basic_Engineer,0.7,,1.76,1; 1.1,,,,,/,,Auto_Turret; Com_Beacon; Recon_Drone; Kamikaze_Drone_OLD,,80,10,,4,,,,,,,3.9,360,,,50,,,,,,,,Blood,,156; 10; 10,standard: Blood_Death,human,,,,,,,,,,,,,1,enabled,,preferredTransport: DR-8_Skyhook,,,,,,,,,,welding,,,
Electro_Shocker,3258,,UnitPrototyping,federation; gaia,ground,electro_turret,fundament,,,54,,1,,/,offset: 3,direct,/,1,,,Electro-Shocker,1.8,1,1.5,,,,,,Electro-Shocker_Shot,,/,,100,30,,/,/,,5,,,10,/,/,/,,30,,,,,,,,Sparks,,,Bunker_Explosion,electroTurret; gasImmune; repairable,,alwaysVisible; noUnitCard; suppressionImmune; canSelfDestruct; noAutoTarget; noFireBlocking,,,,,,,,,,,2,,,,,,,,,,,,,,,,
Electro_Decoy,3262,,UnitPrototyping,federation; gaia,ground,electro_turret,fundament,,,54,,3,,/,offset: 3,direct,/,1,,,Electro-Decoy,1.8,1,1.5,,,,,,/,,/,,10,200,,/,/,,5,,,10,/,/,/,,30,,,,,,,,Sparks,deathSwitch: Elector_Decoy_Down,,,electroTurret; gasImmune; repairable,,alwaysVisible; noUnitCard; suppressionImmune; canSelfDestruct; canPurchase; noFireBlocking,,,,,,,,,,,2,,,,,,,,,,,,,,,,
Electro_Decoy_Down,3266,,UnitPrototyping,federation; gaia,ground,electro_turret,fundament,,,54,,3,,/,offset: 3,direct,/,1,,,Electro-Decoy_Down,1.8,1,1.5,,,,,,/,,/,20 kill,/,/,,/,/,,5,,,10,/,/,/,,30,,,,,,,,Sparks,deathSwitch: Electro_Decoy,,,electroTurret; gasImmune; repairable,,alwaysVisible; noUnitCard; suppressionImmune; canSelfDestruct; noFireBlocking,,,,,,,,,,,2,,,,,,,,,,,,,,,,
Spiker_Nest,2014,,UnitPrototyping,arachnid; gaia,ground,cavern,fundament,,,126,,,,/,type: simple,direct,/,1,,,Spiker_Nest,8,2,3,,,,,,Spike,,/,,1000,50,granite,,,,,,,,/,/,,,20,,,,,,,,Dust,,,Tunnel_Collapse,,,baseHeight; noUnitCard; tileBlocking; remainVisible; noHitExperience,,,,,,,,,,,,,,,,,,,,,,,,,,,
Plasma_Nest,2015,,UnitPrototyping,arachnid; gaia,ground,cavern,fundament,,,126,,,,/,type: simple,direct,/,1,,,Plasma_Nest,8,2,3,,,,,,Turret_Plasma,Turret_Plasma_Accurate,/,,1000,50,granite,,,,,,,,/,/,,,50,,,,,,,,Dust,,,Tunnel_Collapse,,,baseHeight; noUnitCard; tileBlocking; remainVisible; noHitExperience,,,,,,,,,,,,,,,,,,,,,,,,,,,
Artillery_Platform,2116,,UnitPrototyping,federation,ground,structure,fundament,,,53,,,/,/,,direct,/,1,,,Wave_Breaker,4,2,,1.8,1,,,,Artillery_Shell,,/,,1000,40,,/,,,,,,,/,/,40,,50,,,,,,,,Sparks,deathSwitch: Delivery_Platform,,Bunker_Explosion,armored,,alwaysVisible; tileBlocking,facing: tile,,,,,,,,,,,,,,,,,,,,,,,,,,
Scorpion_Turret,94,,UnitPrototyping,arachnid,ground,behemoth,static,,,117,,,,/,,direct,2,1,,,Scorpion_Turret_0,4.4,,3,1,,,,,Scorpion_Turret_Plasma 0,,/,,400,80,,3,,,,,,/,/,/,100,,40,,,,,,,,Orange,,219; 163; 74,standard: Yellow_Death,,,,,,,,,,,,,,,,,,,,,,,,,,,,,,
,,,,,,,,,,,,,,,,,,,,,,,,,,,,,,,,,,,,,,,,,,,,,,,,,,,,,,,,,,,,,,,,,,,,,,,,,,,,,,,,,,,,,,,,,
Arachnid_Turret,5635,,UnitPrototyping,arachnid,ground,electro_turret,static,,,113,,1,/,/,type: simple; offset: 2,direct,/,1,,,Brood_Nest; lava:Brood_Nest_Lava,1.8,1,5,,2,,,,Arachnid_Turret_Shot,,Tanker_Roar,,800,100,,4,,,,,,5,3.9,70,,,70,,,,,,,,Sparks,,,,electroTurret; gasImmune; repairable,,alwaysVisible; noUnitCard; canSelfDestruct; noCollider,facing: tile,,,,,,,,,,,,,,,,,,attack: turret,,,,,,,,flatGroundOnly: true; requiresTileSpacing: 2
Arachnid_Plasma_Turret,5636,,UnitPrototyping,arachnid,ground,electro_turret,static,,,113,,1,/,/,type: simple; offset: 2,direct,/,1,,,Brood_Nest; lava:Brood_Nest_Lava,1.8,1,5,,2,,,,Arachnid_Turret_Blast,,,,600,50,,4,,,,,,5,3.9,70,,,70,,,,,,,,Sparks,,,,electroTurret; gasImmune; repairable,,alwaysVisible; noUnitCard; canSelfDestruct; noCollider,facing: tile,,,,,,,,,,,,,,,,,,attack: turret,,,,,,,,flatGroundOnly: true; requiresTileSpacing: 2
,,,,,,,,,,,,,,,,,,,,,,,,,,,,,,,,,,,,,,,,,,,,,,,,,,,,,,,,,,,,,,,,,,,,,,,,,,,,,,,,,,,,,,,,,
Bug_Tunnel_Egg,20305,base,UnitPrototyping,arachnid; gaia,ground,cavern,fundament,,,125,none,,,/,type: hatchery,direct,/,1,,,Bug_Tunnel_Egg,8,2,3,,,,,,/,,/,,/,/,,,,,,,,,/,/,,,30,,/,8,,,,Bug_Tunnel,Dust,,,,,,baseHeight; noUnitCard; tileBlocking; noAutoTarget; alwaysVisible; bugTunnel,,,,,,,,,,,,,,,,,,,,,,,,,,,blockConstruction: true
,,,,,,,,,,,,,,,,,,,,,,,,,,,,,,,,,,/,,,,,,,,,,,,,,,,,,,,,,,,,,,,,,,,,,,,,,,,,,,,,,,,,,,,,,,
// STORM DLC,,,,,,,,,,,,,,,,,,,,,,,,,,,,,,,,,,/,,,,,,,,,,,,,,,,,,,,,,,,,,,,,,,,,,,,,,,,,,,,,,,,,,,,,,,
Worm_Bug,2025,,UnitPrototyping,arachnid,ground,horde,claw,,,115,,,,mob; 0.3; 3.5,type: none,direct,1,1,,0.35,Guard_Bug_0,3.7,,2.46,0.9; 0.95,,,Warrior,,Worm_Attack,,/,,/,/,,2,,,,,,3,2,300,,,10,,,,,,,,Orange,bloodTexture: 2,195; 196; 69,Electro_Shock,,,suppressionResistant,,aggressive,,,,,,,,,,enabled,,,spawnType: burrow,,,,,,,,,,,,
Storm_Shield,2026,,UnitPrototyping,gaia,ground,structure,fundament,,,68,,,,/,type: none,direct,/,1,,,Storm_Shield,1.8,1,0.5,,,,,,/,,/,,/,/,,/,/,/,,,,/,/,/,,,/,,,,,,,,Sparks,,,Electro_Shock,inanimate; repairable,,noUnitCard; tileBlocking; alwaysVisible,,,,,,,,,,,,,,,,,,,,,,,,,,,
Storm_Bug,2027,,UnitPrototyping,arachnid,ground,horde,claw,,spitter,123,,,,mob; 0.3; 3.8,type: simple,direct,2,1,,0,Storm_Bug_0,2,,1.1,2,,,Spitter,,/,,/,,300,30,,3,,,,,,2,3,360,,,50,,,,,,,,Green,,161; 231; 81,standard: Green_Death,,,noAutoTarget; alwaysVisible,,,,,,,2,,,,,enabled,,,spawnType: burrow,,,,,,,,,,,,
Storm_Shield_Large,2028,,UnitPrototyping,gaia,ground,structure,fundament,,,68,,,,/,type: simple,direct,/,1,,,Storm_Shield_Large,3.8,2,3,,,,,,/,,/,,/,/,,/,/,/,,,,/,/,/,,,/,,,,,,,,Sparks,,,Electro_Shock,inanimate,,noUnitCard; tileBlocking; alwaysVisible,,,,,,,,,,,,,,,,,,,,,,,,,,,
Storm_Shield_Incomplete,2031,,UnitPrototyping,gaia,ground,structure,fundament,,,68,,,,/,type: simple,direct,/,1,,,Storm_Shield_Incomplete,3.8,2,3,,,,,,/,,/,,/,/,,/,/,/,,,,/,/,/,,,/,,,,,,,,Sparks,,,Electro_Shock,inanimate,,noUnitCard; tileBlocking; alwaysVisible,,,,,,,,,,,,,,,,,,,,,,,,,,,
Storm_Shelter,2029,,UnitPrototyping,federation; gaia,ground,structure,fundament,,,65,,,/,/,,direct,/,1,,,Storm_Shelter,7,2,3.02,,/,/,,,/,,/,,/,/,,/,,,,,,,/,/,/,,10,/,,10,class: infantry,,,,Sparks,,,,inanimate,,noUnitCard; tileBlocking; alwaysVisible; garrisonCapture; abandonUncapture,,,,,,,,,,,,,,,,,,,,,,,,,,,
Native_Hunters,2030,,UnitPrototyping,federation,ground,infantry,foot,,,51,,,,checker; 0.6; 1.6; 1.8; 2,,squad,1,8,,0.3,Militia_0; Militia_1; Militia_2,0.7,,1.76,1; 1.1,,,Generic_Humans,,Native_Rifle 0,,Hunters_Burry,,60,0,,/,,,,,,,5,360,,,60,,,,,Native_Hunters_Burried,,,Blood,,156; 10; 10,standard: Blood_Death,,,garrison,,,,,,,,,,,,enabled,,preferredTransport: DR-4_Viking,,,,,,,,,,,,,
Native_Hunters_Burried,2032,,UnitPrototyping,federation,ground,infantry,foot,,,51,,,,checker; 0.6; 1.6; 1.8; 2,,squad,1,8,,0.3,Burried_Hunter_0,0.7,,1.76,1; 1.1,,,Generic_Humans,,/,,Hunters_Unburry,,60,0,,/,,,,,,,/,/,,,/,,,,,Native_Hunters,,,Blood,,156; 10; 10,standard: Blood_Death,,,,,,,,,,,,,,,enabled,,preferredTransport: DR-4_Viking,,,,,,,,,,,,,
Storm_Cattle,2033,,UnitPrototyping,gaia,ground,critter,claw,,,112,,,,mob; 0.5; 3.8,type: none,individual,1,5,individual,0.25,Storm_Cattle_0,3,,2.46,0.3; 0.65,,,,,/,,/,,80,0,,/,,,,,,/,5,360,,,45,,,,,,,,Blood,,156; 10; 10,standard: Blood_Death,,,noAutoTarget,,,,,,,,,,,,,,,,,,,,,,,,,,,
,,,,,,,,,,,,,,,,,,,,,,,,,,,,,,,,,,/,,,,,,,,,,,,,,,,,,,,,,,,,,,,,,,,,,,,,,,,,,,,,,,,,,,,,,,
Scientist_Tent,5561,chem,UnitPrototyping,federation,ground,device,fundament,,,59,,,/,/,type: simple,direct,/,1,,,Scientist_Camp,10,,6,1,,,,,/,,,,/,/,,/,,,,,,,/,/,,,/,,,10,,,,,Sparks,,,,,,alwaysVisible; noUnitCard,,,,,,,,,,,,,,,,,,,,,,,,,,,
,,,,,,,,,,,,,,,,,,,,,,,,,,,,,,,,,,,,,,,,,,,,,,,,,,,,,,,,,,,,,,,,,,,,,,,,,,,,,,,,,,,,,,,,,
Marauder_dropship,20300,wip,UnitPrototyping,federation,air,transport_air,hover,,,59,,,/,/,type: none,direct,/,1,,,Marauder_dropship,12,,,,,,,,/,,/,,/,0,,/,,,,,,,39,130,,,10,,,10,,,,,Sparks,,,,,,noEditor; inaccessible; dropship,,,,,,,,,animated; landAnim: 6 (flare: 0); takeoffAnim: 6 ,,,,,,,,,,,,,,,,,,
M11_Marauder_HM_WIP,20301,wip,UnitPrototyping,federation,ground,vehicle,mech,M11_Marauder_HM_WIP,Marauder_How,26,,,Machine_Bay,/,offset: 7.5,direct,1,1,BigUnit 90,,M11_Marauder_HM,2.5,,3.63,1.5,1,,marauder,,M11_Howitzer; M11_MG,,M11_Jet_Blast; M11_Mortar_Barrage,,1000,80,,4,,,30,,0.5,40,4.4,100,110; fliprotation: true; feetalignangle: 70,,60,,,,,,,,Sparks,bloodTexture: 3 always,,Marauder_Death,armored; gasImmune; fireproof; smogImmune,,performanceDamage; suppressionImmune; noFireBlocking; cannotCapture; bigCollisionLayer; canSelfDestruct; canPurchase,,,,,,,2,, ,,,enabled,,preferredTransport: Marauder_dropship,,,,,,exit: anim,,,,,,,
,,,,,,,,,,,,,,,,,,,,,,,,,,,,,,,,,,,,,,,,,,,,,,,,,,,,,,,,,,,,,,,,,,,,,,,,,,,,,,,,,,,,,,,,,
,,,,,,,,,,,,,,,,,,,,,,,,,,,,,,,,,,,,,,,,,,,,,,,,,,,,,,,,,,,,,,,,,,,,,,,,,,,,,,,,,,,,,,,,,
Bug_Tunnel_Small,20302,wip,UnitPrototyping,gaia,ground,marker,static,,,76,none,,,/,type: simple,direct,/,1,,,Bug_Tunnel_Small ;lava:Bug_Tunnel_Small_Lava ; jungle:Bug_Tunnel_Small_Jungle,2,1,0.1,,,,,,/,,/,,/,/,,,,,,,,,/,/,,,/,,,10,,,,Bug_Tunnel_Small_Rocks,,,,,,,noCollider; usePlayerColor; alwaysVisible; noUnitCard; noAutoTarget; alwaysVisible; tileBlocking,position: grid; facing: tile,,,,,,,,,,,,,,,,,,,,,,,,,,
