name,dlc,featureflag,model,projectile,air projectile,spawn,scale,width,sound,offset,charge effect,fire effect,fire effect AA,ignition effect,target hit,soft hit,hard hit,water hit,// target armor,// damage,// DPS,attack,anti armor,anti granite,anti air,shock,blast,timer,burst,delay,range,extended,min range,accuracy,speed,initialSpeed,timeUntilFullSpeed,charge,cooldown,timeBetweenAttacks,shake,fire strategy,targeting,cone,homing,invalid,valid,damageType,traits,pinning strategy,overheat,onSoldierHit,poison,allianceSwitch,mindControl,timelineShot,burstOffsets,notification
// debug,,,,,,,,,(Resources/Sound/SFX) |  fire|*: sound effect on fire shot (including burst start); burstStart: sound effect on burst start,"// Weaponpoint ""c"" offset",,,,,,,,,60,,,,,building armor,,,,,default = 1 bullet,,4Meter = 1 tile,,,,,,,,,,,,,,200,Cannot hit:,Can hit:,,traits support commenting for wip nonimplemented traits: //myprototypetrait,,,default is DetonateOnAnything,,,,"On weapon fire, spawn a timeline instead of doing damage or launching a projectile",relative to the shooter,"onTakeDamageSound is automatically enabled, unless specified otherwise"
// FEDERATION,,,,,,,,,,,,,,,,,,,,,,,,,,,,,,,,,,,,,,,,,,,,,,,,,,,,,,,,,,
,,,,,,,,,,,,,,,,,,,,,,,,,,,,,,,,,,,,,,,,,,,,,,,,,,,,,,,,,,
// RIFLE TROOPERS,,,,,,,,,,,,,,,,,,,,,,,,,,,,,,,,,,,,,,,,,,,,,,,,,,,,,,,,,,
Morita_MkI,base,,Morita_MkI,Tracer,Tracer,,1,/,burstStart: Morita_MkI,,,Muzzle_Flash_4,,,,Bullet_Impact_Dust,Bullet_Impact_Hard,Water_Splash_Tiny,,3,#REF!,6,15,,3,5,,,2,0.3,35,10,/,max: 12; air: 17,78,,,0.3,0.3,1.3,/,,,,,solid; extinguishable,,,burstEffect;spreadFire,,,,,,,,,
Stungun,base,,/,Invisible,,,1,/,Shotgun,1,,Shot_Flash,,,,Bullet_Impact_Dust,,Water_Splash_Tiny,,1,#REF!,3,10,,,100,,,/,/,6,,/,/,50,,,,/,6,/,,,,,solid; extinguishable,,,spreadFire;indirectFire;noModifierBonus,,,,,,,,,
Shotgun,base,,/,Invisible,,,1,/,Shotgun,1,,Shot_Flash,,,,Bullet_Impact_Dust,,Water_Splash_Tiny,,1,#REF!,10,10,,,60,,,/,/,15,,/,/,50,,,,/,1,/,,,,,solid; extinguishable,,,spreadFire;indirectFire;noModifierBonus;forceStun,,,,,,,,,
Concussion_Grenade,base,,/,Grenade,,Grenade_Shock,1,/,Grenade_Timer,,,,,Bullet_Impact_Dust,,Grenade_Explosion_Concussive,,Water_Splash_Small,,250,#REF!,250,100,25,,150,5,1.5,/,/,20,,7,max: 0.5,20,,,0.9,0.5,3,40,soldier special0,,,,solid; extinguishable,,,friendlyFire;indirectFire;forceStun;longStun;noModifierBonus,,,onHit: None,,,,,,
Grenade_Shock,base,,/,/,,,,,,,,,,,,/,,,,,,/,/,,,200,6,,/,/,/,,,/,/,,,,/,0,/,,,,,solid; massive; extinguishable,,,,,,,,,,,,
Bundled_Grenades,base,,/,Bundled_Grenades,,,1,/,Grenade_Timer,,,,,Bullet_Impact_Dust,,Bundled_Grenade_Explosion,,Water_Splash_Small,,500,#REF!,500,110,50,,150,9,4,/,/,6,,/,/,10,,,,/,0,80,,,,,solid; extinguishable,,explosive,friendlyFire;indirectFire;forceStun;longStun;noModifierBonus,,,onHit: None,,,,,,
Morita_MkI_Secondary,base,,Morita_MkI,Tracer,,,1,/,burstStart: Morita_MkI,,,Muzzle_Flash_4,,,,Bullet_Impact_Dust,Bullet_Impact_Hard,Water_Splash_Tiny,,1,#REF!,5,20,,3,10,,,2,0.39,45,5,/,max: 5,78,,,0.3,0.3,1.39,/,,,,,solid; extinguishable,,,burstEffect;spreadFire,,,,,,,,,
,,,,,,,,,,,,,,,,,,,,,,,,,,,,,,,,,,,,,,,,,,,,,,,,,,,,,,,,,,
// RADIO OPERATOR,,,,,,,,,,,,,,,,,,,,,,,,,,,,,,,,,,,,,,,,,,,,,,,,,,,,,,,,,,
Dropship_Guns,base,,/,Dropship_Shell,,,1,/,Heavy_Mortar,,,M11_Mortar,,,,Dropship_Shell_Explosion,,Water_Splash_Tiny,,60,#REF!,100,40,,,30,2,,4,0.4,15,50,,max: 1,78,,,,/,2.5,/,,,,,solid; extinguishable,,,unaimed;indirectFire;noModifierBonus,,,onHit: None,,,,,,
Radio_Propaganda,base,,/,/,,,2,,burstStart: Propaganda,,,Radio_Propaganda,,,,,,,,,,/,/,,,,60,,20,0.5,/,,,,,,,,/,9.5,/,,,,,structure; solid; extinguishable,,hidden,indirectFire;unaimed;noModifierBonus,,,,,,,,,
,,,,,,,,,,,,,,,,,,,,,,,,,,,,,,,,,,,,,,,,,,,,,,,,,,,,,,,,,,
// ENGINEERS,,,,,,,,,,,,,,,,,,,,,,,,,,,,,,,,,,,,,,,,,,,,,,,,,,,,,,,,,,
Morita_Flamer,base,,/,Invisible,,,1,3,burstStart: Flamethrower,,,Flamethrower,,,,,,/,,1,#REF!,5,20,50,,50,,,7,0.2,10,4,,,40,,,,/,1.2,/,,,,,solid; extinguishable; fireproof,flammable,scorching,burstEffect; StopBurstEffectManually; spreadFire; constantFireRate,,,onHit: PassThroughDamage,,,,,,
Blazing_Spear,base,,/,Blazing_Spear_Shot,,,1,10,burstStart: Flamethrower,,,Blazing_Spear,,,,,,/,,60,#REF!,60,60,5,,30,,,40,0.1,20,5,,,20,,,,/,6.9,/,,,,,solid; extinguishable,flammable,scorching,burstEffect; StopBurstEffectManually; friendlyFire; noModifierBonus;forceStun,,,onHit: PassThroughDamage,,,,,,
Demolition_Explosion,base,,/,/,,,1,,,,,/,,,,Demolition_Explosion,,,,400,#REF!,400,90,80,,,6,,/,/,/,,,,,,,,/,0,80,,,,,solid; extinguishable,,explosive,friendlyFire;noModifierBonus;noBlastReduction,,,,,,,,,
Fire_Grenade,base,,/,Fire_Grenade,,Fire_Small_Unit,1,,Grenade_Throw,,,,,,Fireball,Fireball,,Water_Splash_Large,,32,#REF!,80,30,,,/,4,,/,/,15,,5,,20,,,0.9,/,6.9,/,soldier special0,,,,solid; extinguishable; fireproof,,scorching,friendlyFire;spreadFire;indirectFire;noBlastReduction,,,onHit: None,,,,,,
Fire_Small_Pool,base,,/,/,,,1,,,,,,,,,,,/,,1.2,#REF!,6,20,,,50,3.5,,/,/,2.25,,,,,,,,/,0.3,/,,,,,solid; extinguishable; fireproof,,scorching,unaimed;indirectFire;noBlastReduction;detonateOnSource;noModifierBonus;forceStun;stealthFire,,,,,,,,,
Fire_Medium_Pool,base,,/,/,,,1,,,,,,,,,,,/,,1.2,#REF!,6,20,,,50,5.5,,/,/,3.25,,,,,,,,/,0.3,/,,,,,solid; extinguishable; fireproof,,scorching,unaimed;indirectFire;noBlastReduction;detonateOnSource;noModifierBonus;forceStun;stealthFire,,,,,,,,,
Fire_Large_Pool,base,,/,/,,,1,,,,,,,,,,,/,,1.2,#REF!,6,20,,,50,7.5,,/,/,4.25,,,,,,,,/,0.3,/,,,,,solid; extinguishable; fireproof,,scorching,unaimed;indirectFire;noBlastReduction;detonateOnSource;noModifierBonus;forceStun;stealthFire,,,,,,,,,
,,,,,,,,,,,,,,,,,,,,,,,,,,,,,,,,,,,,,,,,,,,,,,,,,,,,,,,,,,
// SNIPER,,,,,,,,,,,,,,,,,,,,,,,,,,,,,,,,,,,,,,,,,,,,,,,,,,,,,,,,,,
Morita_Sniper,base,,Morita_Sniper,/,,,1,/,Morita_Sniper,,,Sniper_Shot,,,,,,Water_Splash_Tiny,,8,#REF!,80,15,,20,30,,,/,/,55,,/,/,/,,,0.75,0.5,1.5,/,,,,,solid; extinguishable,,,spreadFire;constantFireRate,,,,,,,,,
Crippling_Shot,base,,/,/,,,1.5,,Morita_Sniper,,,Sniper_Shot,,,Shockwave_Small,,,Water_Splash_Tiny,,150,#REF!,150,500,,150,100,,,/,/,55,,,/,91,,,,/,1,/,,,,,solid; massive; extinguishable,,,forceStun;longStun;noModifierBonus,,,,,,,,,
Sensor_Flare,base,,/,Sensor_Flare,,Sensor,1,/,Rifle_Grenade,,,Grenade_Launcher,,,,Sensor_Activate,,Water_Splash_Small,,#VALUE!,#VALUE!,/,/,,,/,/,,/,/,35,,/,/,20,,,,/,2.6,/,,,,,/,,,indirectFire,,,onHit: None,,,,,,
Sensor_Pulse,base,,/,/,,,1,,,,,,,,,,,,,,,/,/,,,/,10,,/,/,/,,,,,,,,/,0,/,,,,,solid; extinguishable,,,unaimed;indirectFire,,,onHit: None,,,,,,
,,,,,,,,,,,,,,,,,,,,,,,,,,,,,,,,,,,,,,,,,,,,,,,,,,,,,,,,,,
// MK.II TROOPER,,,,,,,,,,,,,,,,,,,,,,,,,,,,,,,,,,,,,,,,,,,,,,,,,,,,,,,,,,
Morita_MkII,base,,Morita_MkII,Tracer,Tracer,,1,/,burstStart: Morita_MkII,,,Muzzle_Flash_10,,,,Bullet_Impact_Dust,Bullet_Impact_Hard,Water_Splash_Tiny,,3.6,#REF!,9,30,,3,5,,,3,0.3,40,10,/,max: 20; air: 20,100,,,0.3,0.3,2.4,/,,,,,solid; extinguishable,,,burstEffect;spreadFire,,,,,,,,,
Morita_MkII_Grenade,base,,/,Rifle_Grenade,,,1,,Rifle_Grenade,1,,Grenade_Launcher,,,,Rifle_Grenade_Explosion,,Water_Splash_Small,,80,#REF!,100,50,20,,50,1,,/,/,40,,8,max: 2,70,,,,/,6,5,,,,,solid; extinguishable,,,spreadFire,,,onHit: None,,,,,,
Morita_MkII_Volley,base,,/,Mortar_Grenade,,,1,/,Rifle_Grenade,1,,Grenade_Launcher,,,,Volley_Grenade_Explosion,,Water_Splash_Small,,80,#REF!,100,50,30,,30,6,,/,/,35,,18,max: 4,40,,,0.3,/,0.8,10,,,,,solid; extinguishable,,,friendlyFire;indirectFire;spreadFire;constantFireRate;noModifierBonus,,,onHit: None,,,,,,
Morita_MkII_Flak,base,,/,Flak_Grenade,,,1,,Rifle_Grenade,1,,Grenade_Launcher,,,,Flak_Explosion,,/,,80,#REF!,/,60,,80,,14,,/,/,35,,/,max: 8,25,,,0.2,/,3.2,/,,,,,solid; extinguishable,,,friendlyFire;indirectFire;spreadFire;noModifierBonus,,,onHit: None,,,,,,
Ripper_Grenade,base,,/,Ripper_Tracer,,,1,5,Ripper_Blast,,,Ripper_Flash,,,,,,/,,#VALUE!,#VALUE!,80 120,80,,,50,,,/,/,12,4,,,80,,,1,/,1.3,/,,,,,solid; extinguishable,,,spreadFire;friendlyFire,,,onHit: PassThroughDamage,,,,,,
,,,,,,,,,,,,,,,,,,,,,,,,,,,,,,,,,,,,,,,,,,,,,,,,,,,,,,,,,,
// ROCKET TROOPERS,,,,,,,,,,,,,,,,,,,,,,,,,,,,,,,,,,,,,,,,,,,,,,,,,,,,,,,,,,
APHE_Rocket,base,,/,Rocket_Blue,,,1,,Missile,,,,,,Rocket_APHE,Rocket_APHE,,Water_Splash_Small,,200,#REF!,200,110,40,,/,2,,/,/,30,,12,,35,,,1,0.5,5,20,,,,,solid; extinguishable,armored,,spreadFire;indirectFire;constantFireRate,,,onHit: None,,,,,,
HE_Rocket,base,,/,Rocket,,,1,,Missile,,,,,,Fireball_Heavy,Fireball_Heavy,,Water_Splash_Large,,175,#REF!,250,45,30,,120,6,,/,/,30,,20,,35,,,1,0.5,5,70,,,,,solid; extinguishable,,explosive,friendlyFire;spreadFire;indirectFire;noModifierBonus;forceStun,,,onHit: None,,,,,,
Canister_Rocket,base,,/,Rocket_Yellow,,,1,,Missile,,,,,,,Canister_Burst,,Water_Splash_Large,,#VALUE!,#VALUE!,80 130,60,/,100,/,12,,/,/,30,,20,,30,,,1,0.5,5,30,,,,,solid; extinguishable,,,friendlyFire;spreadFire;indirectFire;noBlastReduction;noModifierBonus,,,onHit: None,,,,,,
Fire_Rocket,base,,/,Rocket,,Fire_Medium_Unit,1,,Missile,,,,,,Fireball,Fireball,,Water_Splash_Large,,30,#REF!,150,20,20,,/,6,,/,/,30,,20,,35,,,1,0.5,5,20,,,,,solid; extinguishable,,scorching,friendlyFire;spreadFire;indirectFire;ignoreArmor,,,onHit: None,,,,,,
,,,,,,,,,,,,,,,,,,,,,,,,,,,,,,,,,,,,,,,,,,,,,,,,,,,,,,,,,,
// HOVER HMG,,,,,,,,,,,,,,,,,,,,,,,,,,,,,,,,,,,,,,,,,,,,,,,,,,,,,,,,,,
Hover_HMG_Burst,base,,/,Tracer,Tracer,,2,,burstStart: Hover_HMG_Burst,,,Hover_HMG_Muzzle_Flash,,,,Bullet_Impact_Dust_Heavy,,Water_Splash_Tiny,,,,10,25,,10,/,,,11,0.08,30,5,/,max: 8; air: 5,100,,,,/,0.88,/,turretNoMove,fovweighted,,,solid; extinguishable,,,,,,,,,,,,
Hover_HMG_Airborne_Burst,base,,/,Tracer,Tracer,,2,,burstStart: Hover_HMG_Burst,,,Hover_HMG_Muzzle_Flash,,,,Bullet_Impact_Dust_Heavy,,Water_Splash_Tiny,,,,10,25,,15,/,,,11,0.08,40,5,8,max: 4; air: 2,100,,,,/,0.88,/,turretNoMove,fovweighted,,,solid; extinguishable,,,,,,,,,,,,
Hover_HMG_Indirect_Burst,base,,/,Indirect_Bullet,,,1.5,,burstStart: Hover_HMG_Burst,,,Hover_HMG_Muzzle_Flash,,,,Bullet_Impact_Dust_Crater,,/,,12,#REF!,20,40,,,20,0.5,,50,0.08,45,,20,max: 5,70,,,,/,6.92,/,turretNoMove,,,,solid; extinguishable,,scorching,friendlyFire;indirectFire,,,,,,,,,
Hover_HMG_Hellraise_Shot,base,,/,/,,,1,,,,,,,,,,,/,,1.2,#REF!,20,20,,,50,6.5,,/,/,4.25,,,,,,,,/,0.3,/,,,,,solid; extinguishable; fireproof,,scorching,unaimed;indirectFire;noBlastReduction;detonateOnSource;noModifierBonus;forceStun;stealthFire,,,,,,,,,
,,,,,,,,,,,,,,,,,,,,,,,,,,,,,,,,,,,,,,,,,,,,,,,,,,,,,,,,,,
// TACTICAL OFFICER,,,,,,,,,,,,,,,,,,,,,,,,,,,,,,,,,,,,,,,,,,,,,,,,,,,,,,,,,,
Morita_MkIII,base,,Morita_MkIII,Tracer,Tracer,,1,/,burstStart: Carbine,,,Muzzle_Flash_4,,,,Bullet_Impact_Dust,Bullet_Impact_Hard,Water_Splash_Tiny,,1,#REF!,6,15,,3,5,,,3,0.2,35,10,/,max: 15; air: 15,78,,,0.3,0.3,1.4,/,,,,,solid; extinguishable,,,burstEffect;spreadFire,,,,,,,,,
Officer_Morita_MkIII,base,,Morita_MkIII,Tracer,Tracer,,1,/,burstStart: Carbine,,,Muzzle_Flash_4,,,,Bullet_Impact_Dust,Bullet_Impact_Hard,Water_Splash_Tiny,,1,#REF!,8,15,,3,4,,,3,0.2,35,10,/,max: 5; air: 10,78,,,0.3,0.3,1.4,/,,,,,solid; extinguishable,,,burstEffect;spreadFire,,,,,,,,,
Officer_Morita_MkIII_Grenade,base,,/,Rifle_Grenade,,,1,,Rifle_Grenade,,,Grenade_Launcher,,,,MkIII_Grenade_Explosion,,Water_Splash_Small,,48,#REF!,120,30,10,,20,4,,/,/,35,,10,max: 2,40,,,,/,4,10,,,,,solid; extinguishable,,,indirectFire,,,onHit: None,,,,,,
Designated_Target_Flare,base,,/,Flare,,Designated_Target_Marker,1,/,Flare_Launch,,,Grenade_Launcher,,,,Flare_Ignition,,Water_Splash_Small,,#VALUE!,#VALUE!,/,/,,,/,/,,/,/,35,,/,/,20,,,0.5,0.5,2,/,,,,,/,,,indirectFire,,,onHit: None,,,,,,
,,,,,,,,,,,,,,,,,,,,,,,,,,,,,,,,,,,,,,,,,,,,,,,,,,,,,,,,,,
// CHEMICAL TROOPER,,,,,,,,,,,,,,,,,,,,,,,,,,,,,,,,,,,,,,,,,,,,,,,,,,,,,,,,,,
Insecticide_Grenade,base,,/,Gas_Canister,,Insecticide_Gas_Cloud,1,,Chemical_Shot,,,Grenade_Launcher,,,,Rifle_Grenade_Explosion,,Water_Splash_Small,,1,#REF!,,,,,/,,,/,/,30,,8,max: 3,20,,,0.5,1,2.5,/,,,,,structure; solid; inanimate; extinguishable,,,indirectFire;spreadFire;constantFireRate,,,onHit: None,,,,,,
Insecticide_Volley,base,,/,Gas_Canister,,Insecticide_Gas_Cloud,1,,Chemical_Shot,,,Grenade_Launcher,,,,Rifle_Grenade_Explosion,,Water_Splash_Small,,1,#REF!,,,,,/,,,/,/,30,,8,max: 3,20,,,0.5,0.5,1,/,,,,,structure; solid; inanimate; extinguishable,,,indirectFire;spreadFire;constantFireRate,,,onHit: None,,,,,,
Insecticide_Gas,base,,/,/,,,1,,,,,,,,,,,/,,5,#REF!,5,200,,,5,4,,30,0.5,/,,,,,,,,/,15,/,,,,,structure; solid; inanimate; human; extinguishable,,hidden,unaimed;noModifierBonus;noBlastReduction;noModifierBonus,,,,,,,,,
Lethal_Gas,base,,/,/,,,1,,,,,,,,,,,/,,20,#REF!,20,200,,,5,8,,/,/,8,,/,,,,,,/,0.5,/,,,,,structure; solid; inanimate; gasImmune; extinguishable,,hidden,unaimed;noModifierBonus;noBlastReduction;detonateOnSource,,,,,,,,,
Gasthrower,base,,/,Invisible,,,1,3,burstStart: Flamethrower,,,Gasthrower,,,,,,/,,20,#REF!,20,200,,,20,,,7,0.2,10,4,,,40,,,,/,1.2,/,,,,,solid; inanimate; extinguishable,,hidden,burstEffect; StopBurstEffectManually; spreadFire; constantFireRate; indirectFire,,,onHit: PassThroughDamage,,,,,,
Chemical_Barrel,base,,/,/,,Insecticide_Gas_Cloud,,,,,,/,,,,,,,,,,/,/,,,,/,,/,/,/,,,,,,,,/,0,/,,,,,structure; solid; inanimate; human; extinguishable,,,noModifierBonus,,,,,,,,,
,,,,,,,,,,,,,,,,,,,,,,,,,,,,,,,,,,,,,,,,,,,,,,,,,,,,,,,,,,
// FLEET LIASON,,,,,,,,,,,,,,,,,,,,,,,,,,,,,,,,,,,,,,,,,,,,,,,,,,,,,,,,,,
Morita_Pistol,base,,PS_Pistol,Tracer,Tracer,,1,,Pistol,,,Muzzle_Flash_Single,,,,Bullet_Impact_Dust,Bullet_Impact_Hard,Water_Splash_Tiny,,,,5,10,,,,,,5,0.3,25,,,max: 3,65,,,0.3,0.3,2.7,/,,,,,solid; extinguishable,,,spreadFire,,,,,,,,,
Orbital_Missile,base,,/,Orbital_Missile,,,2,,Missile,,,,,,Fireball,Fireball,,Water_Splash_Large,,,,250,120,,,100,10,,/,/,100,,/,max: 8,40,,,,/,2,30,,,,,solid; extinguishable,,explosive,unaimed;noModifierBonus;friendlyFire,,,,,,,,,
TAC_Strafe,base,,/,/,,,1,,/,,,/,,,Bullet_Impact_Hard,Bullet_Impact_Hard,Bullet_Impact_Hard,Bullet_Impact_Hard,,#VALUE!,#VALUE!,/,/,/,,/,/,,/,/,40,,4,/,/,,,0.5,1,3.5,5,,,,,solid; extinguishable,,,unaimed;constantFireRate;noModifierBonus,,,,,,,timeline: fleetliaison_tac_strafe; rotation: 45; swapRotationAfterShot: true,,
TAC_Strafe_Projectile,base,,/,Tracer,,,1.5,,/,,,/,,,,Bullet_Impact_Dust_Heavy,Bullet_Impact_Dust_Heavy,Water_Splash_Large,,35,#REF!,35,80,20,,80,2,,/,/,100,,4,max: 2,120,,,,/,4,5,,,,,solid; extinguishable,,,unaimed; indirectFire; noModifierBonus,,,onHit: None,,,,,,
,,,,,,,,,,,,,,,,,,,,,,,,,,,6,,,,,,,,,,,,,,,,,,,,,,,,,,,,,,,
// MARINES,,,,,,,,,,,,,,,,,,,,,,,,,,,,,,,,,,,,,,,,,,,,,,,,,,,,,,,,,,
Morita_Carbine,base,,Morita_Carbine,Tracer,Tracer,,1,/,burstStart: Carbine,,,Muzzle_Flash_4,,,,Bullet_Impact_Dust,Bullet_Impact_Hard,Water_Splash_Tiny,,1.4,#REF!,7,20,,7,2,,,2,0.39,30,15,/,max: 8,78,,,0.2,0.2,0.99,/,,,,,solid; extinguishable,,,burstEffect;spreadFire,,,,,,,,,
,,,,,,,,,,,,,,,,,,,,,,,,,,,,,,,,,,,,,,,,,,,,,,,,,,,,,,,,,,
// E-PULSE,,,,,,,,,,,,,,,,,,,,,,,,,,,,,,,,,,,,,,,,,,,,,,,,,,,,,,,,,,
E-Pulse_44,base,,E-Pulse_44,Invisible,,,1,/,burstStart: E-Pulse,,,E-Pulse_Flash,,,E-Pulse_Hit,E-Pulse_Hit,E-Pulse_Hit,Bullet_Impact_Dust,,7,210,7,60,,3,/,,,3,0.2,20,4,/,max: 10; air: 10,100,,,0.3,0.3,1.2,/,,,,,solid; extinguishable,,,burstEffect;spreadFire,,enableForAbility,,,,,,,
E-Pulse_44_Boosted,base,,E-Pulse_44,E-Pulse,E-Pulse,,1,/,burstStart: E-Pulse,,,E-Pulse_Flash,,,E-Pulse_Hit,E-Pulse_Hit,E-Pulse_Hit,Bullet_Impact_Dust,,10,#REF!,10,80,,3,/,,,3,0.2,32,4,/,max: 10; air: 10,100,,,0.3,0.3,1,/,,,,,solid; extinguishable,,,burstEffect;spreadFire,,,,,,,,,
Battery_Projectile,base,,/,E-Battery,,Battery_Bomb,1,,,1,,,,,,/,,Water_Splash_Small,,,,/,20,,,/,/,,/,/,20,,,max: 0.5,20,,,,/,0,/,,,,,/,,,indirectFire,,,onHit: None,,,,,,
Battery_Explosion,base,,/,/,,,1,,,1,,,,,,Battery_Explosion,,,,,,/,20,,,200,10,,/,/,/,,,/,/,,,,/,0,/,,,,,/,,,friendlyFire;indirectFire;forceStun;longStun;noModifierBonus,,,,,,,,,
,,,,,,,,,,,,,,,,,,,,,,,,,,,,,,,,,,,,,,,,,,,,,,,,,,,,,,,,,,
// FORTIS E-PULSE TROOPERS,,,,,,,,,,,,,,,,,,,,,,,,,,,,,,,,,,,,,,,,,,,,,,,,,,,,,,,,,,
Exosuit_Electroshock,base,,/,/,,,1,,M11_Jet_Blast,,Electric_Sparks,,,,,M11_Jet_Blast,,/,,100,#REF!,100,60,,,80,8,,/,/,/,,,,,,,1.5,1,6.5,/,soldier special0,,,,solid; extinguishable,,scorching,unaimed; noModifierBonus; noSelfDamage; spreadFire,,,,,,,,,
,,,,,,,,,,,,,,,,,,,,,,,,,,,,,,,,,,,,,,,,,,,,,,,,,,,,,,,,,,
// MORTAR MECH,,,,,,,,,,,,,,,,,,,,,,,,,,,,,,,,,,,,,,,,,,,,,,,,,,,,,,,,,,
Mech_Mortar_Shot,base,,/,Electro_Mortar,,,0.3,,Mortar_Mech,,,Mech_Mortar_Shot,,,,Mjolnir_Explosion,,Water_Splash_Small,,120,#REF!,200,40,20,,50,5,,/,/,40,,,max: 2,40,,,1.5,1.5,3,30,,,,,extinguishable,,explosive,indirectFire,AlwaysTargetGround,,onHit: None,,,,,,
Mech_Mortar_Deployed_Shot,base,,/,Mortar_Mech_Mega_Shell,,Mech_Mortar_Deployed_Shot_Core,0.3,,Mortar_Mech_Heavy,,,Mech_Mortar_Shot,,,,Mjolnir_Heavy_Explosion,,Water_Splash_Small,,300,#REF!,300,60,20,,150,12,,/,/,65,,/,/,45,,,2.5,2.5,6.5,50,,,,,extinguishable,,explosive,indirectFire; friendlyFire; longStun,AlwaysTargetGround,,onHit: None,,,,,,
Mech_Mortar_Deployed_Shot_Core,base,,/,/,,,,,,,,,,,,/,,,,,,100,80,,,/,4,,/,/,/,,/,/,/,,,,/,0,/,,,,,extinguishable,,explosive,friendlyFire;noBlastReduction,,,,,,,,,
Mech_Mortar_Shotgun,base,,/,Invisible,,,1,2,Frag_Gun_Direct,,,Frag_Shot,,,,,,/,,50,250,50,60,20,,40,,,/,/,12,2,,,100,,,0,0.4,2,/,,,,,solid; extinguishable,,,,,,onHit: PassThroughDamage,,,,,,
Mech_Mortar_Firewall_Burst,base,,/,Mortar_Mech_Fire_Shell,,Fire_Small_Unit,0.2,,Mortar_Mech_Fire_Burst,,,M11_Mortar,,,,Canister_Burst,,Water_Splash_Large,,,,100,40,,,,5,,5,/,40,,12,max: 1,39,,,0.5,1,7,40,soldier special0,,,,solid; extinguishable,,scorching,friendlyFire;indirectFire;noModifierBonus,,,onHit: None,,,,,-10 -2;-5 -0.8;0 0;5 -0.8;10 -2,
Mech_Mortar_Barrel_Bomb,base,,/,Mortar_Mech_Barrel_Bomb,,,1,,Mortar_Mech,,,M11_Mortar,,,,Canister_Burst,,Water_Splash_Small,,120,#REF!,200,40,20,200,50,20,,/,/,40,,12,max: 1,30,,,0.5,/,3,10,,,,,extinguishable,,,indirectFire,,,onHit: None,,,,,,
Mech_Mortar_Turret_Pod,base,,/,Mech_Mortar_Turret_Projectile,,Mech_Mortar_Turret,0.4,/,Mortar_Mech,,,Grenade_Launcher,,,,Mortar_Mech_Turret_Pod_Impact,,Water_Splash_Small,,#VALUE!,#VALUE!,/,/,,,/,/,,/,/,40,,/,/,40,,,0.5,1,3.1,/,soldier special0,,,,,,,indirectFire,,,onHit: None,,,,,,
Mech_Mortar_Turret_Shot,base,,/,Tracer_Thick,Tracer_Thick,,1.5,/,Autocannon_V2,,,Howitzer_Shot_Small,,,Autocannon_Hit,Rifle_Grenade_Explosion,,Water_Splash_Tiny,,15,#REF!,15,70,40,20,30,4,,/,/,25,8,/,max: 2; air: 3,120,,,,/,0.3,/,turret,fovweighted,,,solid; extinguishable,,,,,,onHit: PassThroughDamage,,,,,,
,,,,,,,,,,,,,,,,,,,,,,,,,,,,,,,,,,,,,,,,,,,,,,,,,,,,,,,,,,
// M8 JAEGER,,,,,,,,,,,,,,,,,,,,,,,,,,,,,,,,,,,,,,,,,,,,,,,,,,,,,,,,,,
Mech_Cannon_Shot,base,,/,Shell_Tracer,Shell_Tracer,,0.09,/,Longsword_Attack,,,Recoilless_Rifle_Shot,,,Rifle_Grenade_Explosion,Rifle_Grenade_Explosion,,Water_Splash_Tiny,,150,#REF!,150,80,10,,20,/,,/,/,40,8,/,/,80,,,0.2,/,1.7,5,,fovweighted,,,solid; extinguishable,,,,,,,,,,,,
Mech_Cannon_Proximity_Burst,base,,/,Gas_Canister,,,1,,Chemical_Shot,,,Grenade_Launcher,,,,Frag_Grenade_Explosion,,Water_Splash_Large,,,,100,40,,,,3,,4,0.2,15,,,max: 1,30,,,0.2,0.2,1,40,,,,,solid; extinguishable,,scorching,friendlyFire;indirectFire;noModifierBonus;noBlastReduction,,,onHit: None,,,,, -6.5 -1.5;-3 0;3 0;6.5 -1.5,
Mech_AT_Flak,base,,/,Flak_Grenade,,,1,,Rifle_Grenade,,,Grenade_Launcher,,,,Flak_Explosion,,/,,80,#REF!,/,60,,80,,14,,4,0.3,25,,/,max: 8,25,,,0.5,/,4.4,/,,,,,solid; extinguishable,,,friendlyFire;indirectFire;spreadFire;noModifierBonus,,,onHit: None,,,,,,
Mech_AT_Drone_Laser,base,,/,/,,,1,/,,,,Laser_Pointer_Red,,,,,,Water_Splash_Tiny,,#VALUE!,#VALUE!,/,/,,,,,,/,/,22,,/,/,/,,,/,/,0.1,/,,,,,solid; extinguishable,,,indirectFire,,,,,,,,,
Mech_AT_Drone_Kamikaze,base,,/,Mech_AT_Drone_Kamikaze,,,1,/,Grenade_Troopers_Drone_Launch,,,Laser_Pointer_Red,,,,Mech_AT_Drone_Strike,,Water_Splash_Tiny,,150,#REF!,150,80,10,,20,4,,/,/,12,,/,,14,,,/,/,0.5,10,,,,200,solid; extinguishable,armored,,onFireRemoveSoldier; noBlastReduction,,,onHit: None,,,,,,
,,,,,,,,,,,,,,,,,,,,,,,,,,,,,,,,,,,,,,,,,,,,,,,,,,,,,,,,,,
// POWER TROOPERS,,,,,,,,,,,,,,,,,,,,,,,,,,,,,,,,,,,,,,,,,,,,,,,,,,,,,,,,,,
PS_Light_AR,base,,PS_Light_AR,Tracer,Tracer,,1,,burstStart: Morita_PowerMk1,,,Muzzle_Flash_3,,,,Bullet_Impact_Dust,,Water_Splash_Tiny,,6,#REF!,10,40,,5,10,,,4,0.2,30,10,,max: 5,80,,,0.2,0.2,1.3,/,,,,,solid; extinguishable,,,spreadFire,,,,,,,,,
PS_Light_AR_Hover,base,,PS_Light_AR,Tracer,Tracer,,1,,burstStart: Morita_PowerMk1,,,Muzzle_Flash_3,,,,Bullet_Impact_Dust,,Water_Splash_Tiny,,2.88,#REF!,8,28,,5,10,,,4,0.2,30,10,,max: 20,80,,,0.2,0.2,1.3,/,,,,,solid; extinguishable,,,spreadFire;unaimed,,,,,,,,,
PS_Heavy_AR,base,,/,Tracer,Tracer,,1.5,,burstStart: Morita_MkII,,,Muzzle_Flash_4,,,,Bullet_Impact_Dust,,Water_Splash_Tiny,,14,#REF!,14,60,,4,10,,,5,0.3,40,10,,max: 5,100,,,0.2,0.4,2.3,/,,,,,solid; extinguishable,,,spreadFire,,,,,,,,,
PS_Missile_Launcher,base,,/,Power_Rocket,,,1,,Missile,,,,,,Fireball,Fireball,,Water_Splash_Large,,,,100,100,10,,/,2,,/,/,35,,10,,60,,,,/,15,30,,,,,solid; extinguishable,,,indirectFire;spreadFire,,,,,,,,,
PS_AR_Welder,base,,/,Tracer,Tracer,,1,,burstStart: Morita_PowerMk1,,,Muzzle_Flash_3,,,,Bullet_Impact_Dust,,Water_Splash_Tiny,,4,#REF!,10,30,,5,10,,,4,0.2,30,10,,max: 5,80,,,0.2,0.2,1.3,/,,,,,solid; extinguishable,,,spreadFire,,,,,,,,,
PS_Light_AR_GL,base,,PS_Light_AR_GL,Tracer,Tracer,,1,,burstStart: Morita_PowerMk1,,,Muzzle_Flash_3,,,,Bullet_Impact_Dust,,Water_Splash_Tiny,,4,#REF!,10,30,,5,10,,,4,0.2,30,10,,max: 5,80,,,0.2,0.2,1.6,/,,,,,solid; extinguishable,,,spreadFire,,,,,,,,,
,,,,,,,,,,,,,,,,,,,,,,,,,,,,,,,,,,,,,,,,,,,,,,,,,,,,,,,,,,
,,,,,,,,,,,,,,,,,,,,,,,,,,,,,,,,,,,,,,,,,,,,,,,,,,,,,,,,,,
Turret_HMG,base,,/,Tracer,Tracer,,1.5,,burstStart: HMG,,,Turret_Muzzle_Flash,,,,Bullet_Impact_Dust_Heavy,,Water_Splash_Tiny,,7.5,#REF!,15,35,,5,20,,,4,0.15,40,10,,max: 7; air: 10,104,,,,/,0.6,/,turret,fovweighted,,,solid; extinguishable,,,burstEffect,,attacksToOverheat: 40; cooldownTime: 15,,,,,,,
Turret_Grenade,base,,/,Rifle_Grenade,,,1,,Turret_Grenade,,,Grenade_Launcher,,,,Rifle_Grenade_Explosion,,Water_Splash_Small,,96,#REF!,120,50,20,,100,2,,6,0.3,40,,15,max: 5,35,,,,/,11.5,/,turret,fovweighted,,,solid; extinguishable,,,indirectFire,,,onHit: None,,,,,,
Turret_Rocket,base,,/,Rocket_Blue,,,1,,Missile,,,Grenade_Launcher,,,Rocket_APHE,Rocket_APHE,,Water_Splash_Small,,150,#REF!,150,85,10,,/,2,,/,/,45,,10,max: 1,45,,,,/,6,/,turret,fovweighted,,,solid; extinguishable,armored,,indirectFire,,,onHit: None,,,,,,
Turret_Rocket_Barrage,base,,/,Rocket_Blue,,,1,,Missile,,,Grenade_Launcher,,,Rocket_APHE,Rocket_APHE,,Water_Splash_Small,,150,#REF!,150,80,10,,/,2,,5,0.25,35,,10,max: 5,45,,,,/,5,/,,,,,solid; extinguishable,armored,,indirectFire;noModifierBonus,,,onHit: None,,,,,,
Heavy_Turret_HMG,base,,/,Tracer,Tracer,,1.5,,burstStart: HMG,,,Turret_Muzzle_Flash,,,,Bullet_Impact_Dust_Heavy,,Water_Splash_Tiny,,5,#REF!,10,35,,,20,,,4,0.15,45,10,,max: 7,104,,,,/,0.6,/,turret,fovweighted,,,extinguishable,,,burstEffect,,attacksToOverheat: 40; cooldownTime: 15,,,,,,,
Heavy_Turret_AA,base,,/,Tracer,Tracer,,1.5,,burstStart: HMG,,,Turret_Muzzle_Flash,,,,Bullet_Impact_Dust_Heavy,,Water_Splash_Tiny,,1,#REF!,,35,,8,20,,,4,0.15,30,10,,max: 7,104,,,,/,0.6,/,turret,fovweighted,,,,,,burstEffect,,attacksToOverheat: 40; cooldownTime: 15,,,,,,,
Bunker_MG,base,,/,Tracer,Tracer,,2,,burstStart: HMG,,,Turret_Muzzle_Flash,,,,Bullet_Impact_Dust,,Water_Splash_Tiny,,,,12,25,,,5,,,5,0.13,40,10,,max: 15,104,,,,/,0.65,/,turret,fovweighted,,,solid; extinguishable,,,loopingEffect,,,,,,,,,
Radio_HMG,base,,/,Tracer,Tracer,,2,,burstStart: HMG,,,Turret_Muzzle_Flash,,,,Bullet_Impact_Dust_Heavy,,Water_Splash_Tiny,,,,15,35,,5,/,,,5,0.13,30,10,/,max: 5,104,,,,/,0.65,/,turret,fovweighted,,,solid; extinguishable,,,burstEffect,,attacksToOverheat: 40; cooldownTime: 15,,,,,,,
Electro_Shock,base,,/,/,,,1,,,,,,,,,Electro_Shock,,,,,,5,/,,,70,10,,/,/,5,,,,,,,,/,0.6,/,,,,,solid; extinguishable,,scorching,ignoreArmor;unaimed;friendlyFire;noModifierBonus;detonateOnSource,,attacksToOverheat: 40; cooldownTime: 15,,,,,,,
,,,,,,,,,,,,,,,,,,,,,,,,,,,,,,,,,,,,,,,,,,,,,,,,,,,,,,,,,,
// M11 MARAUDER,,,,,,,,,,,,,,,,,,,,,,,,,,,,,,,,,,,,,,,,,,,,,,,,,,,,,,,,,,
M11_Gatling,base,,/,Tracer,Tracer,,2,/,burstStart: M11_Minigun,,,Minigun_Muzzle_Flash,,,,Bullet_Impact_Dust,Bullet_Impact_Hard,Water_Splash_Tiny,,20,100,20,80,10,,40,,,4,0.2,40,10,/,max: 15,100,,,,/,0.8,/,turret,fovweighted,,,solid; extinguishable,armored,,burstEffect,,,,,,,,,
M11_Howitzer,base,,/,Shell,,,0.09,/,M11_Howitzer,,,Howitzer_Shot,,,,Howitzer_Shell_Explosion,,Water_Splash_Tiny,,200,40,200,70,30,,30,5,,/,/,65,,/,max: 1,50,,,,/,5,/,turret,fovweighted,,,solid; extinguishable,armored,explosive,spreadFire,,,onHit: None,,,,,,
M11_Flamethrower,base,,/,Invisible,,,1,6,burstStart: M11_Flamethrower,,,M11_Flamethrower,,,,/,,/,,36,#REF!,60,40,40,,50,2,,10,0.2,12,6,/,,40,,,,/,1.9,/,turret,fovweighted,,,solid; extinguishable,armored; flammable,scorching,,,,onHit: PassThroughDamage,,,,,,
M11_Flamethrower_Silent,base,,/,Invisible,,,1,6,/,,,M11_Flamethrower,,,,/,,/,,36,#REF!,60,40,40,,50,2,,10,0.2,12,6,/,,40,,,,/,1.9,/,turret,fovweighted,,,solid; extinguishable,armored; flammable,scorching,,,,onHit: PassThroughDamage,,,,,,
M11_MG,base,,/,Tracer,Tracer,,2,,burstStart: FED_CrsHMG,,,M11_Quad_MG,,,,Bullet_Impact_Dust,,Water_Splash_Tiny,,6.4,43,8,50,,,,,,3,0.15,30,20,/,max: 8,120,,,,/,0.45,/,turret,fovweighted,,,solid; extinguishable,,,burstEffect,,,,,,,,,
M11_Mortar,base,,/,Mortar,,,0.075,,M11_Mortar,,,M11_Mortar,,,,M11_Mortar_Explosion,,Water_Splash_Small,,150,#REF!,150,90,,,50,6,,6,0.33,70,,30,max: 2,40,,,1.2,1,9.35,50,soldier Special0,,,,solid; extinguishable,,explosive,friendlyFire;indirectFire;noModifierBonus,,,onHit: None,,,,,0 0; 0 9.6; -9.5 2.3; 9.5 2.3; -5 -8; 5  -8,
M11_Jet_Blast,base,,/,/,,,1,,M11_Jet_Blast,,,,,,,M11_Jet_Blast,,/,,300,#REF!,300,90,,,200,12,,/,/,/,,,,,,,1,2,3,70,soldier special1,,,,solid; extinguishable,,scorching,friendlyFire;unaimed;noModifierBonus;noSelfDamage,,,,,,,,,
M11_Fire_Blast,base,,/,/,,Fire_Large_Unit,1,,M11_Jet_Blast,,,,,,,Fireball_Heavy,,/,,160,#REF!,200,50,,,200,12,,/,/,/,,,,,,,1,2,3,70,soldier special1,,,,solid; extinguishable,,scorching,friendlyFire;unaimed;noModifierBonus;noSelfDamage,,,,,,,,,
M11_AA_Burst,base,,/,Flak_Grenade,,,2,,M11_Mortar,,,M11_Mortar,,,,Flak_Explosion,,Water_Splash_Small,,#VALUE!,#VALUE!,/,120,,80,,14,,6,0.33,35,,/,max: 2,25,,,1.2,1,9.35,30,soldier Special0,,,,solid; extinguishable,,,friendlyFire;indirectFire;noModifierBonus,,,onHit: None,,,,,0 0; 0 9.6; -9.5 2.3; 9.5 2.3; -5 -8; 5  -8,
M11_Shrapnel_Burst,base,,/,Ripper_Tracer,,,1,5,Ripper_Blast,,,Ripper_Flash,,,,,,/,,#VALUE!,#VALUE!,80 120,80,,,50,,,6,0.33,12,4,,,80,,,1,/,2.95,/,,,,,solid; extinguishable,,,indirectFire; noModifierBonus; friendlyFire,,,onHit: PassThroughDamage,,,,,,
,,,,,,,,,,,,,,,,,,,,,,,,,,,,,,,,,,,,,,,,,,,,,,,,,,,,,,,,,,
Rifle,base,,Morita_MkI,Tracer,Tracer,,1,,Rifle,,,Muzzle_Flash_Single,,,,Bullet_Impact_Dust,Bullet_Impact_Hard,Water_Splash_Tiny,,,,10,20,,6,,,,/,/,40,5,,max: 2,91,,,0.3,/,1.3,/,,,,,solid; extinguishable,,,spreadFire,,,,,,,,,
,,,,,,,,,,,,,,,,,,,,,,,,,,,,,,,,,,,,,,,,,,,,,,,,,,,,,,,,,,
Barrel_Bomb,base,,/,Barrel_Bomb,,,0.5,,,,,,,,Fireball_Heavy,Fireball_Heavy,,Water_Splash_Small,,200,#REF!,200,60,20,,70,8,,3,/,11,,,,20,,,,/,0,60,,,,,solid; extinguishable,,explosive,unaimed;friendlyFire;noModifierBonus,,,onHit: None,,,,,,
,,,,,,,,,,,,,,,,,,,,,,,,,,,,,,,,,,,,,,,,,,,,,,,,,,,,,,,,,,
Wavebreaker_Volley,base,,/,Shell,,,0.15,,Wavebreaker,,,Howitzer_Shot,,,Fireball,Fireball,,Water_Splash_Small,,300,#REF!,300,80,20,,,2,,2,0.4,60,,15,max: 1,80,,,,2,4.4,30,turret,fovweighted,,,solid; extinguishable,,,,,,onHit: None,,,,,,
Camera,base,,Camera,/,,,2,,,,,,,,,,,,,,,/,/,,,,,,5,0.1,40,,,,,,,0.5,/,0.9,/,,,,,solid; extinguishable,,hidden,indirectFire;stealthFire,,,,,,,,,
Camera_Turret,base,,/,/,,,2,,,,,,,,,,,,,,,/,/,,,,,,5,0.1,40,,,,,,,0.5,/,0.9,/,turret,fovweighted,,,solid; extinguishable,,hidden,indirectFire;stealthFire,,,,,,,,,
TAC_Explosion,base,,/,/,,,,,,,,/,,,Fireball_Heavy,Fireball_Heavy,,,,,,200,20,,,,10,,/,/,/,,,,,,,,/,0,80,,,,,solid; extinguishable,,,friendlyFire;noModifierBonus,,,,,,,,,
Fake_Weapon,base,,/,/,,,,,,,,,,,,,,,,,,/,/,,,,,,/,/,10000,,,,130,,,,/,0,/,,,,,solid; extinguishable,,hidden,indirectFire;stealthFire,,,,,,,,,
,,,,,,,,,,,,,,,,,,,,,,,,,,,,,,,,,,,,,,,,,,,,,,,,,,,,,,,,,,
,,,,,,,,,,,,,,,,,,,,,,,,,,,,,,,,,,,,,,,,,,,,,,,,,,,,,,,,,,
Fist,base,,/,/,,,,,,,,Fist,,,,,,/,,1,#REF!,5,20,,,30,,,/,/,/,,/,,,,,,/,1,/,,,,,structure; solid; extinguishable,,,,,,,,,,,,
Rioter_Bat,base,,/,/,,,,,,,,Fist,,,,,,/,,#VALUE!,#VALUE!,30,/,,,30,,,/,/,/,,/,,,,,0.8,1,1.8,/,,,,,structure; solid; extinguishable,,,,,,,,,,,,
,,,,,,,,,,,,,,,,,,,,,,,,,,,,,,,,,,,,,,,,,,,,,,,,,,,,,,,,,,
// ARACHNID,,,,,,,,,,,,,,,,,,,,,,,,,,,,,,,,,,,,,,,,,,,,,,,,,,,,,,,,,,
,,,,,,,,,,,,,,,,,,,,,,,,,,,,,,,,,,,,,,,,,,,,,,,,,,,,,,,,,,
Chariot_Claws,base,,/,/,,,,,ATT_CHARIOT,,,,,,,,,/,,1,#REF!,5,0,0,,,,,/,/,/,,/,,,,,0.2,0.7,0.9,/,,,,,solid; extinguishable,,,,,,,,,,,,
,,,,,,,,,,,,,,,,,,,,,,,,,,,,,,,,,,,,,,,,,,,,,,,,,,,,,,,,,,
Pupae_Claws,base,,/,/,,,,,Claw,,,,,,,,,/,,1,#REF!,8.5,10,10,,,,,2,0.5,/,,/,,,,,0.5,0.5,1.5,/,,,,,extinguishable; meleeImmune,,,,,,,,,,,,
,,,,,,,,,,,,,,,,,,,,,,,,,,,,,,,,,,,,,,,,,,,,,,,,,,,,,,,,,,
Warrior_Claws,base,,/,/,,,,,Claw,,,,,,,,,/,,12,#REF!,30,30,30,,50,,,/,/,/,,/,,,,,0.75,0.75,1.5,/,,,,,extinguishable; meleeImmune,,,,,,,,,,,,
,,,,,,,,,,,,,,,,,,,,,,,,,,,,,,,,,,,,,,,,,,,,,,,,,,,,,,,,,,
Tiger_Claws,base,,/,/,,,,,Claw,,,,,,,,,/,,27,#REF!,45,40,40,,50,,,/,/,/,,,,,,,0.75,0.75,2,/,,,,,extinguishable; meleeImmune,,,,,,,,,,,,
,,,,,,,,,,,,,,,,,,,,,,,,,,,,,,,,,,,,,,,,,,,,,,,,,,,,,,,,,,
Spitter_Spit,base,,/,Spitter_Spit,Needler_Shot,,,,ATT_SPITTER,,,Spikes_Burst,,,Spit_Impact,Spit_Impact,,Water_Splash_Small,,3,#REF!,5,40,40,20,20,6,,/,/,30,,,max: 1,40,,,2,0.5,3.5,/,,,,,solid; extinguishable,,hidden,spreadFire,,,onHit: DetonateOnTargetOnly,,,,,,
,,,,,,,,,,,,,,,,,,,,,,,,,,,,,,,,,,,,,,,,,,,,,,,,,,,,,,,,,,
Guard_Claws,base,,/,/,,,,,Claw,,,,,,,,,/,,120,#REF!,120,90,90,,150,2,,/,/,/,,,,,,,0.75,0.75,2.5,/,,,,,extinguishable; meleeImmune,,,,,,,,,,,,
Rage_Claws,base,,/,/,,,,,Claw,,,,,,,,,/,,100,#REF!,100,70,70,,150,2,,/,/,/,,,,,,,0.75,0.75,2.7,/,,,,,extinguishable; meleeImmune,,,,,,,,,,,,
,,,,,,,,,,,,,,,,,,,,,,,,,,,,,,,,,,,,,,,,,,,,,,,,,,,,,,,,,,
Hopper_Claws,base,,/,/,,Hopper_Shock,,,ATT_HOP_SLCE,,,Hopper_Strike,,,,,,/,,,,15,20,20,10,100,,,/,/,/,,/,,,,,,/,1.3,/,,,,,solid; armored; airImmune; extinguishable,,,,,,,,,,,,
Hopper_Shock,base,,/,/,,,,,,,,,,,,,,/,,,,/,/,/,,150,5,,/,/,/,,/,,,,,,/,0,/,,,,,solid; armored; airImmune; extinguishable,,hidden,,,,,,,,,,
,,,,,,,,,,,,,,,,,,,,,,,,,,,,,,,,,,,,,,,,,,,,,,,,,,,,,,,,,,
Grenadier_Plasma,base,,/,Plasma_Grenadier,,Grenadier_Plasma_Shock,1,,ATT_GRENDR,,,Plasma_Burst_Small,,,Plasma_Explosion_Small,Plasma_Explosion_Small,,Water_Splash_Large,,20,#REF!,100,20,10,,400,2.5,,/,/,55,,16,min: 1; max: 2,15,,,1.5,1.33,10.5,50,,,,,extinguishable; minion,,,friendlyFire;spreadFire;indirectFire; noBlastReduction,,,onHit: None,,,,,,
Grenadier_Plasma_Shock,base,,/,/,,,1,,,,,,,,,,,/,,80,,100,50,20,,400,0.5,,/,/,/,,/,/,/,,,,/,0,/,,,,,extinguishable,,,noBlastReduction,,,,,,,,,
,,,,,,,,,,,,,,,,,,,,,,,,,,,,,,,,,,,,,,,,,,,,,,,,,,,,,,,,,,
Scorpion_Plasma,base,,/,Plasma_Scorpion,Plasma_Scorpion,Scorpion_Plasma_Shock,1,3,burstStart: ATT_SCPN_PLAS,,,Plasma_Scorpion_Shot,,,Plasma_Scorpion_Explosion,Plasma_Scorpion_Explosion,,Water_Splash_Small,,200,#REF!,40,100,100,15,,0.3,,5,0.13,35,,,max: 1,100,,,1.5,2,9.02,/,,,,,extinguishable; minion,,,burstEffect,Scorpion,,,,,,,,
Scorpion_Plasma_Shock,base,,/,/,,,1,,,,,,,,,,,/,,5,,5,0,0,,,3,,/,/,/,,/,/,/,,,,/,0,/,,,,,extinguishable,,,noBlastReduction,,,,,,,,,
Scorpion_Turret_Plasma,base,,/,Plasma_Scorpion,Plasma_Scorpion,,1,,,,,Plasma_Scorpion_Shot,,,Plasma_Scorpion_Explosion,Plasma_Scorpion_Explosion,,Water_Splash_Small,,200,#REF!,40,100,100,15,,0.3,,5,0.13,35,,,max: 1,100,,,1.5,2,9.02,/,turret,fovweighted,,,extinguishable,,,burstEffect,Scorpion,,,,,,,,
,,,,,,,,,,,,,,,,,,,,,,,,,,,,,,,,,,,,,,,,,,,,,,,,,,,,,,,,,,
Tanker_Acid,base,,/,Invisible_Shell,,Tanker_Acid_Pool,,,,,Tanker_Spark ,Tanker_Acid,,,,Tanker_Acid_Impact,,/,,35,#REF!,35,80,80,,40,3,,/,/,18,,/,,40,,,1.9,3,6.4,/,,,,,extinguishable; minion,,acid,,AlwaysTargetGround,,onHit: PassThroughDamage,,,,,,
Tanker_Acid_Burn,base,,/,/,,,1,,,,,,,,,,,/,,4,#REF!,20,20,20,,20,3,,30,0.5,/,,,,,,,,/,15,/,,,,,solid; extinguishable; acidImmune,,acid,friendlyFire;unaimed;noModifierBonus,,,,,,,,,
Tanker_Roar,base,,/,/,,Tanker_Roar_Shock,1,,burstStart: ATT_TANK_ROAR,,,,,,,Grenade_Explosion_Concussive,,/,,,,40,/,/,/,/,5,,10,0.2,/,,,,,,,0.5,0.5,4,60,soldier special0,,,,extinguishable,,hidden,burstEffect;forceStun; noBlastReduction; unaimed,,,,,,,,,
Tanker_Roar_Shock,base,,/,/,,,1,,,,,,,,,,,/,,,,0,/,/,/,200,15,,/,/,/,,,,,,,,/,1,/,soldier special0,,,,extinguishable,,hidden,burstEffect;forceStun,,,,,,,,,
,,,,,,,,,,,,,,,,,,,,,,,,,,,,,,,,,,,,,,,,,,,,,,,,,,,,,,,,,,
Plasma,base,,/,Plasma,,,5,,ATT_PLAS_LAUNCH,,,Plasma_Burst_Large,,,Plasma_Explosion_Large,Plasma_Explosion_Large,,Water_Splash_Large,,350,#REF!,350,70,70,,,10,,/,/,150,,100,,15,,,4,2,43,80,,,,,extinguishable; immuneToPlasmaBug,,,friendlyFire;indirectFire;hasAbilityDestinationMarker;rearAttack,,,,,,,,,
Plasma_Bug_Explosion,base,,/,/,,,,,,,,,,,,Plasma_Bug_Explosion,,/,,,,1000,200,200,,300,20,,/,/,/,,,/,/,,,,/,0,80,,,,,extinguishable; immuneToPlasmaBug,,,friendlyFire,,,,,,,,,
,,,,,,,,,,,,,,,,,,,,,,,,,,,,,,,,,,,,,,,,,,,,,,,,,,,,,,,,,,
Bombardier_Launch,base,,/,Bombardier,,Bombardier_Blast,1.2,/,,,,Bombardier_Launch,,Bombardier_Sparks,,Grenade_Explosion_Concussive,,Water_Splash_Small,,80,#REF!,80,80,60,,/,1,1,,,15,,10,min: 1; max: 3,25,,,,/,8,20,,,,,extinguishable; meleeImmune,,,indirectFire; unaimed; onFireRemoveSoldier,,,onHit: None,,,,,,
Bombardier_Blast,base,,/,/,,/,1,/,,,,,,,,,,,,12,#REF!,30,30,40,,100,3,,/,/,20,,/,/,/,,,,/,,,,,,,extinguishable; meleeImmune,,,,,,onHit: None,,,,,,
,,,,,,,,,,,,,,,,,,,,,,,,,,,,,,,,,,,,,,,,,,,,,,,,,,,,,,,,,,
,,,,,,,,,,,,,,,,,,,,,,,,,,,,,,,,,,,,,,,,,,,,,,,,,,,,,,,,,,
// SPECIAL/COSMETIC,,,,,,,,,,,,,,,,,,,,,,,,,,,,,,,,,,,,,,,,,,,,,,,,,,,,,,,,,,
,,,,,,,,,,,,,,,,,,,,,,,,,,,,,,,,,,,,,,,,,,,,,,,,,,,,,,,,,,
Klendathu_Nuke,base,,/,Rocket,,,1,,Missile,,,,,,Tactical_Nuke,Tactical_Nuke,,Water_Splash_Large,,,,2000,100,100,,100,16,,/,/,60,,/,,13,,,,/,1,150,,,,,,,scorching,friendlyFire;indirectFire;forceStun;noModifierBonus,,,,,,,,,
Homing_Plasma,base,,/,Small_Plasma_Cosmetic,,,1,,,,,Plasma_Burst_Small,,,Plasma_Explosion_Small,Plasma_Explosion_Small,,Water_Splash_Large,,,,100,,,,,4,,,,500,,/,,25,,,1.5,/,2.5,30,,,,,,,,friendlyFire;spreadFire;indirectFire;noModifierBonus,,,,,,,,,
Plasma_Orbital,base,,/,Plasma_Orbital,,,5,,ATT_PLAS_LAUNCH,,,Plasma_Burst_Large,,,Plasma_Explosion_Large,Plasma_Explosion_Large,,Water_Splash_Large,,,,,,,,,,,/,/,2000,,/,,19.5,,,4,2,6,/,,,,,extinguishable,,,friendlyFire;indirectFire;noModifierBonus;rearAttack,,,,,,,,,
Plasma_Long,base,,/,Plasma,,,5,,ATT_PLAS_LAUNCH,,,Plasma_Burst_Large,,,Plasma_Explosion_Large,Plasma_Explosion_Large,,Water_Splash_Large,,350,#REF!,500,,70,,,12,,/,/,2000,,/,,19.5,,,4,2,6,80,,,,,extinguishable; immuneToPlasmaBug,,,friendlyFire;indirectFire;hasAbilityDestinationMarker;rearAttack,,,,,,,,,
Proximity_Alarm,base,,/,/,,,,,Alarm,,,,,,,,,,,,,/,/,,,,,,/,/,40,,,,/,,,,/,1,/,,,,,structure; solid; extinguishable,,hidden,indirectFire;unaimed;stealthFire,,,,,,,,,
TAC_Bomb,base,,/,Barrel_Bomb,,,0.5,,,,,,,,Fireball_Heavy,Fireball_Heavy,,Water_Splash_Small,,200,#REF!,200,60,40,,70,8,,4,/,11,,,,10,,,,/,0,60,,,,,structure; solid; extinguishable,,scorching,unaimed;friendlyFire;noModifierBonus,,,onHit: None,,,,,,
Explosive_Barrel,base,,/,/,,,,,,,,/,,,Barrel_Explosion,Barrel_Explosion,,,,,,150,40,40,,,6,,/,/,/,,,,,,,,/,0,40,,,,,solid; extinguishable,,scorching,friendlyFire;noModifierBonus,,,,,,,,,
Power_Core_Explosion,base,,/,/,,Fire_Large_Unit,1,,,,,,,,,Power_Core_Explosion,,,,,,2000,100,100,,500,30,,/,/,/,,,,,,,,/,0,80,,,,,,,acid,friendlyFire;indirectFire;forceStun;noModifierBonus;unaimed,,,,,,,,,
Nuke_Device_Explosion,base,,/,/,,,1,,,,,,,,Tactical_Nuke,Tactical_Nuke,,/,,,,2000,100,100,,500,30,,/,/,/,,/,,13,,,,/,1,150,,,,,solid; extinguishable,,acid,friendlyFire;indirectFire;forceStun;noModifierBonus;unaimed,,,,,,,,,
,,,,,,,,,,,,,,,,,,,,,,,,,,,,,,,,,,,,,,,,,,,,,,,,,,,,,,,,,,
// Internal usage - Internal damage types are used by gameplay system to trigger special kinds of non-soldier damage,,,,,,,,,,,,,,,,,,,,,,,,,,,,,,,,,,,,,,,,,,,,,,,,,,,,,,,,,,
Internal_Trigger,base,,,,,,,,,,,,,,,,,,,,,,,,,,,,,,,,,,,,,,,,,,,,,,,,,,,,,,,,,onTakeDamageSound: false
Internal_Selfdestruct,base,,,,,,,,,,,,,,,,,,,,,,,,,,,,,,,,,,,,,,,,,,,,,,,,,,,,,,,,,onTakeDamageSound: false
Internal_Storm,,,,,,,,,,,,,,,,,,,,,,,,,,,,,,,,,,,,,,,,,,,,,,,,,,,,,,,,,,
Internal_Cheats,base,,,,,,,,,,,,,,,,,,,,,,,,,,,,,,,,,,,,,,,,,,,,,,,,,,,,,,,,,
Internal_Tests,base,,,,,,,,,,,,,,,,,,,,,,,,,,,,,,,,,,,,,,,,,,,,,,,,,,,,,,,,,
Internal_Lifetime,base,,,,,,,,,,,,,,,,,,,,,,,,,,,,,,,,,,,,,,,,,,,,,,,,,,,,,,,,,
,,,,,,,,,,,,,,,,,,,,,,,,,,,,,,,,,,,,,,,,,,,,,,,,,,,,,,,,,,
// Test,,,,,,,,,,,,,,,,,,,,,,,,,,,,,,,,,,,,,,,,,,,,,,,,,,,,,,,,,,
Test_Morita_MkI,base,,Morita_MkI,Tracer,,,1,/,burstStart: Morita_MkI,,,Muzzle_Flash_4,,,,Bullet_Impact_Dust,Bullet_Impact_Hard,Water_Splash_Tiny,,1,#REF!,6,5,,,4,,,2,0.3,40,20,,,78,,,,/,1.6,/,,,,,solid; extinguishable,,,burstEffect;spreadFire,,,,,,,,,
Test_Overheat_MG,base,,/,Tracer,Tracer,,1.5,,burstStart: HMG,,,,,,,Bullet_Impact_Dust_Heavy,,Water_Splash_Tiny,,7.5,#REF!,15,35,,5,20,,,4,0.15,40,50,,max: 7,104,,,,/,0.6,/,turret,fovweighted,,,solid; extinguishable,,,burstEffect,,attacksToOverheat: 30; cooldownTime: 10,,,,,,,
Test_Spitter_Spit_Constant,base,,/,Spitter_Spit,Needler_Shot,,,,ATT_SPITTER,,,Spikes_Burst,,,Spit_Impact,Spit_Impact,,Water_Splash_Small,,3,#REF!,5,40,40,20,20,6,,/,/,30,,,max: 1,40,,,2,0,2,/,,,,,solid; extinguishable,,hidden,spreadFire,,,onHit: DetonateOnTargetOnly,,,,,,
,,,,,,,,,,,,,,,,,,,,,,,,,,,,,,,,,,,,,,,,,,,,,,,,,,,,,,,,,,
// LAVA DLC,,,,,,,,,,,,,,,,,,,,,,,,,,,,,,,,,,,,,,,,,,,,,,,,,,,,,,,,,,
,,,,,,,,,,,,,,,,,,,,,,,,,,,,,,,,,,,,,,,,,,,,,,,,,,,,,,,,,,
// ENVIRONMENT,,,,,,,,,,,,,,,,,,,,,,,,,,,,,,,,,,,,,,,,,,,,,,,,,,,,,,,,,,
Volcano_Meteor,lava,,/,Volcano_Meteor,,Fire_Small_Unit,1,,,,,/,,,,Volcano_Meteor_Explosion,,Water_Splash_Small,,60,#REF!,150,30,,,50,5,,6,0.33,70,,30,max: 12,15,,,1.2,1,9.35,40,,,,,solid; extinguishable,,scorching,friendlyFire;indirectFire;noModifierBonus,,,onHit: None,,,,,,
Volcano_Blast,lava,,/,/,,,,,,,,/,,,,Volcano_Eruption,,,,,,400,40,,,,10,,/,/,/,,,,,,,,/,0,60,,,,,solid; extinguishable,,scorching,unaimed;indirectFire;noBlastReduction;detonateOnSource,,,,,,,,,
Lava_Geyser_Eruption,lava,,/,/,,,,,,,Lava_Geyser_Charge,Lava_Geyser_Eruption,,,,/,,,,2,#REF!,5,30,,,100,1.5,,10,0.2,2,,,,,,,5,/,16.8,30,,,,,solid; extinguishable,,scorching,unaimed;indirectFire;noBlastReduction;detonateOnSource;burstEffect,,,,,,,,,
,,,,,,,,,,,,,,,,,,,,,,,,,,,,,,,2,,,,,,,,,,,,,,,,,,,,,,,,,,,
// FIREFIGHTER,,,,,,,,,,,,,,,,,,,,,,,,,,,,,,,,,,,,,,,,,,,,,,,,,,,,,,,,,,
Fire_Extinguisher,base,,/,Water_Spray,,Fire_Extinguisher_Shock,1,,burstStart: Firefighter_water,,,Water_Burst,,,,Water_Impact,,Water_Splash_Small,,0,#REF!,0,0,0,,10,2,,10,0.2,12,,,max: 2,20,,,0.3,0.2,2.6,/,/,,,,all,extinguishable,hidden,burstEffect; StopBurstEffectManually; indirectFire;spreadFire;constantFireRate;noModifierBonus,,,onHit: None,,,,,,
Fire_Extinguisher_Shock,base,,/,/,,,1,,,,,,,,,,,/,,,,1,/,,,0,5,,/,/,/,,/,/,/,,,,/,0,/,,,,,all,extinguishable,,friendlyFire;noModifierBonus,,,,,,,,,
,,,,,,,,,,,,,,,,,,,,,,,,,,,,,,,,,,,,,,,,,,,,,,,,,,,,,,,,,,
// POWER FLAMER,,,,,,,,,,,,,,,,,,,,,,,,,,,,,,,,,,,,,,,,,,,,,,,,,,,,,,,,,,
PS_Flamer,lava,,/,Invisible,,,1,3,burstStart: Flamethrower,,,Flamethrower_Blue,,,,,,/,,10,#REF!,10,70,40,,50,,,7,0.2,10,4,,,40,,,0.2,0.2,2.9,/,,,,,solid; extinguishable,flammable,scorching,burstEffect; StopBurstEffectManually; spreadFire,,,onHit: PassThroughDamage,,,,,,
Pyro_Grenade,lava,,/,Fire_Grenade,,Power_Fire_Unit,1,,Grenade_Throw,,,,,,Fireball,Fireball,,Water_Splash_Large,,32,#REF!,80,30,,,/,4,,/,/,15,,,,20,,,0.9,/,6.9,/,soldier special0,,,,solid; extinguishable; bluefireproof,,scorching,friendlyFire;spreadFire;indirectFire;noBlastReduction,,,onHit: None,,,,,,
Power_Fire_Pool,lava,,/,/,,,1,,,,,,,,,,,/,,32,#REF!,80,30,,,/,5.5,,/,/,3.25,,,,,,,,/,6,/,,,,,solid; extinguishable; bluefireproof,,scorching,unaimed;indirectFire;noBlastReduction;detonateOnSource;noModifierBonus;forceStun;stealthFire,,,,,,,,,
Flame_Trap_Throw,lava,,/,Barrel_Bomb,,Incendiary_Strike_Fire_Unit,0.5,,,,,,,,Fireball_Heavy,Fireball_Heavy,,Water_Splash_Small,,40,#REF!,100,30,20,,70,6,,3,/,11,,,,10,,,,/,0,60,,,,,solid; extinguishable; fireproof,,scorching,unaimed;friendlyFire;noModifierBonus,,,onHit: None,,,,,,
Flame_Trap_Shot,lava,,/,/,,,,,burstStart: Flamethrower,,Tanker_Spark ,Flame_Trap_Shot,,,,/,,,,40,#REF!,40,70,,,50,1.5,,7,0.2,2,,,,,,,0.2,/,3.4,30,,,,,solid; extinguishable,,scorching,unaimed;indirectFire;noBlastReduction;detonateOnSource;burstEffect,,,,,,,,,
,,,,,,,,,,,,,,,,,,,,,,,,,,,,,,,,,,,,,,,,,,,,,,,,,,,,,,,,,,
// STINGER,,,,,,,,,,,,,,,,,,,,,,,,,,,,,,,,,,,,,,,,,,,,,,,,,,,,,,,,,,
Stinger_Spit,lava,,/,Stinger_Spit,,,1,,Stingers_Acid_Spit,,,Stinger_Shot_Sparks,,,Stinger_Shot_Hit,Stinger_Shot_Hit,,Water_Splash_Small,,1,#REF!,6,,,,,1,,/,/,15,,,max: 1,80,,,1.5,0.5,2,/,,,,,extinguishable,,hidden,spreadFire;noBlastReduction,,,onHit: None,,,,,,
Stinger_Nest_Shot,lava,,/,Stinger_Spit,,,1,,Stingers_Acid_Spit,,,Stinger_Shot_Sparks,,,Stinger_Shot_Hit,Stinger_Shot_Hit,,Water_Splash_Small,,1,#REF!,6,,,,,1,,/,/,30,,,max: 3,80,,,/,/,0.8,/,,,,,extinguishable,,hidden,noBlastReduction;unaimed,,,onHit: None,,,,,,
,,,,,,,,,,,,,,,,,,,,,,,,,,,,,,,,,,,,,,,,,,,,,,,,,,,,,,,,,,
// PYROFLY,,,,,,,,,,,,,,,,,,,,,,,,,,,,,,,,,,,,,,,,,,,,,,,,,,,,,,,,,,
Firefly_Shot,lava,,/,Firefly_Shot,,Firefly_Fire_Pool,1,,Firefly_fire,,,Firefly_Shot_Sparks,,,,Firefly_Shot_Impact,,/,,1,#REF!,20,10,10,,,1.5,,/,/,20,,/,min: 2; max: 4,30,,,0.667,0.833,3.667,/,,,,,solid; extinguishable,,scorching,friendlyFire;indirectFire;spreadFire,,,onHit: None,,,,,,
Firefly_Pool_Burn,lava,,/,/,,,1,,,,,,,,,,,/,,2,#REF!,10,20,20,,/,1,,30,0.5,1,,,,,,,,/,15,/,,,,,solid; extinguishable; fireproof,,scorching,friendlyFire;unaimed;noModifierBonus;detonateOnSource;stealthFire,,,,,,,,,
,,,,,,,,,,,,,,,,,,,,,,,,,,,,,,,,,,,,,,,,,,,,,,,,,,,,,,,,,,
// IMMOLATOR,,,,,,,,,,,,,,,,,,,,,,,,,,,,,,,,,,,,,,,,,,,,,,,,,,,,,,,,,,
Sparker_Flamer,lava,,/,Sparker_Fire,,,1,1,burstStart: Sparker_bug_flamethrower_burst,,Sparker_Charge_Sparks,Sparker_Shot_Sparks,,,,Sparker_Shot_Impact,,/,,6,#REF!,10,40,40,,5,2,,5,0.13,8,4,,max: 1,20,,,0.1,1.8,2.62,/,,,,,solid; extinguishable; ,,scorching,noBlastReduction,AlwaysTargetGround,,onHit: PassThroughDamage,,,,,,
Sparker_Explode,lava,,/,/,,Sparker_Shock,,,Sparker_bug_fireball_death,,,,,,,Sparker_Explosion,,/,,40,#REF!,40,60,,,/,6,,/,/,3,,,,,,,,/,1,50,,,,,extinguishable,,,friendlyFire;onFireKillUnit;detonateOnSource;noBlastReduction,,,,,,,,,
Sparker_Suicide,lava,,/,/,,,,,,,,,,,,,,/,,#VALUE!,#VALUE!,/,/,,,/,,,/,/,/,,/,,,,,/,/,0,/,,,,,extinguishable,,,onFireKillUnit,,,,,,,,,
Sparker_Shock,lava,,/,/,,,,,,,,,,,,,,/,,,,/,/,,,150,7,,/,/,/,,/,,,,,,/,0,/,,,,,extinguishable,,hidden,noBlastReduction,,,,,,,,,
,,,,,,,,,,,,,,,,,,,,,,,,,,,,,,,,,,,,,,,,,,,,,,,,,,,,,,,,,,
// FRAG TROOPERS,,,,,,,,,,,,,,,,,,,,,,,,,,,,,,,,,,,,,,,,,,,,,,,,,,,,,,,,,,
Frag_Shotgun,lava,,/,Invisible,,,1,2,Frag_Gun_Direct,,,Frag_Shot,,,,,,/,,15,75,15,60,50,,70,,,/,/,8,3,,,100,,,0,0.4,0.4,/,,,,,solid; extinguishable,,scorching,spreadFire; constantFireRate;forceStun,,,onHit: PassThroughDamage,,,,,,
Frag_Grenade,lava,,/,Gas_Canister,,,1,,Frag_Gun_InDirect,,,Grenade_Launcher,,,,Frag_Grenade_Explosion,,Water_Splash_Small,,60,#REF!,60,80,40,,/,2,,/,/,20,,6,max: 3,15,,,0.3,0.2,2.3,5,/,,,,solid; extinguishable,,scorching,indirectFire;spreadFire;constantFireRate,AlwaysTargetGround,,onHit: None,,,,,,
Frag_Grenade_Extra,lava,,/,Gas_Canister,,,1,,/,,,/,,,,Frag_Grenade_Explosion,,Water_Splash_Small,,120,#REF!,120,80,40,,/,2,,/,/,30,,8,max: 3,15,,,0.3,0.2,2.3,/,/,,,,solid; extinguishable,,scorching,indirectFire;spreadFire;constantFireRate,,,onHit: None,,,,,,
Frag_Mine_Explosion,lava,,/,/,,,1,,Frag_Mine,,,/,,,,Frag_Mine_Explosion,,,,50,#REF!,50,60,,,5,7,,10,0.5,30,,,,,,,,/,5.5,10,,,,,solid; extinguishable,,,unaimed;indirectFire;detonateOnSource;noModifierBonus;friendlyFire;noBlastReduction,,,,,,,,,
Fire_Mine_Explosion,base,,/,/,,Fire_Mine_Fire_Unit,1,,,,,/,,,,Frag_Fire_Mine_Explosion,,,,,,50,20,,,50,7,,/,/,/,,,,,,,,/,0.5,20,,,,,solid; extinguishable,,scorching,unaimed;indirectFire;detonateOnSource;noModifierBonus;onFireKillUnit;friendlyFire;noBlastReduction,,,,,,,,,
Mine_Arm,base,,/,/,,,1,,Frag_Gun_Mine,,,/,,,,/,,,,,,/,/,,,/,/,,/,/,5,,,,,,,,/,0.5,/,,,,,solid; extinguishable,,hidden,unaimed;indirectFire;onFireKillUnit;stealthFire,,,,,,,,,
Fire_Mine_Fire_Pool,base,,/,/,,,1,,,,,,,,,,,/,,1,3,6,20,,,50,7,,/,/,4,,,,,,,,/,0.3,/,,,,,solid; extinguishable; fireproof,,scorching,unaimed;indirectFire;noBlastReduction;detonateOnSource;noModifierBonus;forceStun;stealthFire,,,,,,,,,
,,,,,,,,,,,,,,,,,,,,,,,,,,,,,,,,,,,,,,,,,,,,,,,,,,,,,,,,,,
// SHREDDER,,,,,,,,,,,,,,,,,,,,,,,,,,,,,,,,,,,,,,,,,,,,,,,,,,,,,,,,,,
Shredder_Minigun,lava,,/,Tracer_Orange,Tracer_Orange,,1.1,,burstStart: Shredder_Mini_Gun,,,Muzzle_Flash_10,,,,,,/,,12,#REF!,15,50,,6,5,,,4,0.15,30,2,,max: 10; air: 10,100,,,/,/,0.75,/,,,,,solid; extinguishable,,/,burstEffect,,enableForAbility,,,,,,,
Shredder_Heated_Shot,lava,,/,Heated_Bullet,,Shredder_Fire_Pool,1,,burstStart: Shredder_Mini_Gun,,,Muzzle_Flash_10,,,,Fireball_Small,,/,,1,#REF!,50,10,,,,3,,20,0.15,30,,15,min: 4; max: 6,70,,,0.5,0.5,6.35,/,,,,,solid; extinguishable,,scorching,burstEffect;indirectFire,,,,,,,,,
Shredder_Pool_Burn,lava,,/,/,,,1,,,,,,,,,,,/,,6,#REF!,30,20,,,5,1,,26,0.3,1,,,,,,,,/,8,/,,,,,solid; extinguishable; fireproof,,scorching,unaimed;indirectFire;noModifierBonus;detonateOnSource;stealthFire,,,,,,,,,
Shredder_Minigun_Stim,lava,,/,Tracer_Orange,Tracer_Orange,,1.1,,burstStart: Shredder_Mini_Gun,,,Muzzle_Flash_10,,,,,,/,,,,15,50,,6,5,,,4,0.05,30,,,max: 15,100,,,/,/,0.2,/,,,,,solid; extinguishable,,/,burstEffect,,,,,,,,,
Shredder_Minigun_Turret,lava,,/,Tracer_Orange,Tracer_Orange,,1.1,,burstStart: Shredder_Mini_Gun_Tripod,,,Muzzle_Flash_10,,,,,,/,,,,15,50,,6,5,,,4,0.1,40,2,,max: 5,100,,,/,/,0.4,/,,,,,solid; extinguishable,,/,burstEffect,,attacksToOverheat: 38; cooldownTime: 15,,,,,,,
Shredder_Minigun_Lair,lava,,/,Tracer_Orange,,,1.1,,burstStart: Shredder_Mini_Gun_Tripod,,,Muzzle_Flash_10,,,,,,/,,12,#REF!,15,50,,/,5,,,4,0.1,40,2,,max: 5,100,,,/,/,0.45,/,turret,fovweighted,,,solid; extinguishable,,/,burstEffect,,attacksToOverheat: 38; cooldownTime: 15,,,,,,,
,,,,,,,,,,,,,,,,,,,,,,,,,,,,,,,,,,,,,,,,,,,,,,,,,,,,,,,,,,
// MECH ENGINEER,,,,,,,,,,,,,,,,,,,,,,,,,,,,,,,,,,,,,,,,,,,,,,,,,,,,,,,,,,
Mech_Engineer_Attack,lava,,/,/,,,,,,,Mech_Engineer_Attack,,,,,,,/,,30,#REF!,30,70,30,,/,,,4,0.2,3,,/,,,,,1.05,0.25,1.9,/,,,,,solid; extinguishable,,,/,,,,,,,,,
Mech_Attack_Slow,lava,,/,/,,,,,,,Mech_Engineer_Attack,,,,,,,/,,30,#REF!,30,70,30,,/,,,4,0.2,3,,/,,,,,1.05,0.25,3.65,/,,,,,solid; extinguishable,,,/,,,,,,,,,
Smog_Release,lava,,/,/,,Smog_Pool_Unit,1,,Engi_Mech_Smog,,,,,,,,,/,,#VALUE!,#VALUE!,/,/,,,,/,,1,/,/,,,,/,,,0.5,10,10.5,/,soldier special1,,,,solid; extinguishable,,hidden,unaimed;indirectFire,,,,,,,,,
Smog_Pool,lava,,/,/,,,1,,Frag_Gun_InDirect,,,,,,,,,/,,#VALUE!,#VALUE!,/,/,/,/,30,8,,/,/,4.5,,,,,,,,/,0.3,/,,,,,solid; extinguishable; smogImmune,,,unaimed;indirectFire;noBlastReduction;detonateOnSource;noModifierBonus;forceStun;stealthFire,,,,,,,,,
Mech_Fire_Pool,lava,,/,/,,,1,,,,,,,,,,,/,,1,3,6,20,,,50,3,,/,/,4,,,,,,,,/,0.3,/,,,,,solid; extinguishable; fireproof; ,,scorching,unaimed;indirectFire;noBlastReduction;detonateOnSource;noModifierBonus;forceStun;stealthFire,,,,,,,,,
Mech_Engineer_Grenade,lava,,/,Grenade,,Double_Charge_Grenade,1,/,Grenade_Timer,,,,,,,Rifle_Grenade_Explosion,,Water_Splash_Small,,150,#REF!,150,80,30,,80,3,,/,/,15,,4,max: 0.5,20,,,0.4,/,3,40,soldier special0,,,,solid; extinguishable,,,friendlyFire;indirectFire;noModifierBonus;noBlastReduction,,,onHit: None,,,,,,
Mech_Engineer_Light_Attack,lava,,/,/,,,,,,,Mech_Engineer_Light_Attack,,,,,,,/,,12,#REF!,30,30,10,,/,,,/,/,3,,/,,,,,1.05,0.25,1.3,/,,,,,solid; extinguishable,,,/,,,,,,,,,
,,,,,,,,,,,,,,,,,,,,,,,,,,,,,,,,,,,,,,,,,,,,,,,,,,,,,,,,,,
// BOMBERBEE,,,,,,,,,,,,,,,,,,,,,,,,,,,,,,,,,,,,,,,,,,,,,,,,,,,,,,,,,,
Fire_Hopper_Kamikaze,lava,,/,/,,,,,,,,Firehopper_Kamikaze_Explosion,,,,,,/,,50,#REF!,50,80,80,,/,4,,/,/,/,,/,,,,,/,/,1,/,,,,,extinguishable,,,onFireKillUnit,,,,,,,,,
,,,,,,,,,,,,,,,,,,,,,,,,,,,,,,,,,,,,,,,,,,,,,,,,,,,,,,,,,,
// RIFLE MERCS,,,,,,,,,,,,,,,,,,,,,,,,,,,,,,,,,,,,,,,,,,,,,,,,,,,,,,,,,,
Merc_Rifle,lava,,Morita_MkI,Tracer,Tracer,,0.5,/,burstStart: Morita_MkI,,,Muzzle_Flash_4,,,,Bullet_Impact_Dust,Bullet_Impact_Hard,Water_Splash_Tiny,,1,#REF!,7,15,,2,7,,,2,0.3,30,10,/,max: 8,80,,,0.3,0.3,1.3,/,,,,,solid; extinguishable,,,burstEffect;spreadFire,,,,,,,,,
Merc_Tracer_Shot,lava,,/,/,,Friendly_Fire_Pool,1,/,Morita_Sniper,,,Heavy_Sniper_Shot,,,Autocannon_Hit,,,Water_Splash_Tiny,,1,#REF!,30,5,,/,20,,,/,/,40,,3,/,/,,,/,/,15,/,,,,,solid; extinguishable,,,spreadFIre,,,,,,,,,
Merc_Grenade,lava,,/,Grenade,,Double_Charge_Grenade,1,/,Grenade_Timer,,,,,,,Rifle_Grenade_Explosion,,Water_Splash_Small,,150,#REF!,150,80,30,,80,3,,/,/,25,,6,max: 0.5,20,,,0.9,/,3.5,40,soldier special0,,,,solid; extinguishable,,,friendlyFire;indirectFire;noModifierBonus;noBlastReduction,,,onHit: None,,,,,,
Merc_Grenade_Second,lava,,/,/,,,1,/,,,,,,,,Grenade_Explosion_Concussive,,Water_Splash_Small,,100,#REF!,200,35,30,,80,6,,/,/,/,,,,,,,,/,,40,,,,,solid; extinguishable,,,noModifierBonus;noBlastReduction,,,,,,,,,
Merc_Grenade_Volley,lava,,/,Mortar_Grenade,,,1,/,Rifle_Grenade,,,Grenade_Launcher,,,,Volley_Grenade_Explosion,,Water_Splash_Small,,64,#REF!,80,50,30,,30,3,,/,/,35,,18,max: 4,40,,,0.3,/,0.5,10,,,,,solid; extinguishable,,,friendlyFire;indirectFire;spreadFire;constantFireRate;noModifierBonus,,,onHit: None,,,,,,
,,,,,,,,,,,,,,,,,,,,,,,,,,,,,,,,,,,,,,,,,,,,,,,,,,,,,,,,,,
// SNIPER MERC,,,,,,,,,,,,,,,,,,,,,,,,,,,,,,,,,,,,,,,,,,,,,,,,,,,,,,,,,,
Sniper_Merc_Shot,lava,,/,/,,Friendly_Fire_Pool,1,/,Morita_Sniper,,,Heavy_Sniper_Shot,,,Autocannon_Hit,,,Water_Splash_Tiny,,1,#REF!,60,5,,40,30,,,/,/,40,,/,/,/,,,0.5,0.2,3,/,,,,,solid; extinguishable,,,spreadFire;constantFireRate,,,,,,,,,
Decoy_Flares,lava,,/,Sensor_Flare,,Sensor,1,/,Rifle_Grenade,,,Grenade_Launcher,,,,Sensor_Activate,,Water_Splash_Small,,#VALUE!,#VALUE!,/,/,,,/,2,,4,0.1,25,,/,1,20,,,,/,2.9,/,,,,,/,,,indirectFire,,,onHit: None,,,,, -6.5 -1.5;-2.5 0;2.5 0;6.5 -1.5,
Sniper_Merc_Drone_Shot,lava,,/,Invisible,,,1,2,Frag_Gun_Direct,,,Frag_Shot,,,,,,/,,10,50,10,60,50,,70,,,/,/,4,3,,,100,,,0.4,0.4,0.9,/,,,,,solid; extinguishable,,scorching,spreadFire;constantFireRate;forceStun,,,onHit: None,,,,,,
,,,,,,,,,,,,,,,,,,,,,,,,,,,,,,,,,,,,,,,,,,,,,,,,,,,,,,,,,,
// MISC,,,,,,,,,,,,,,,,,,,,,,,,,,,,,,,,,,,,,,,,,,,,,,,,,,,,,,,,,,
Incendiary_Strike_Fire_Pool,lava,,/,/,,,1,,,,,,,,,,,/,,1.2,#REF!,6,20,,,50,3,,/,/,2,,,,,,,,/,0.3,/,,,,,solid; extinguishable; fireproof,,scorching,unaimed;indirectFire;noBlastReduction;detonateOnSource;noModifierBonus;forceStun;stealthFire,,,,,,,,,
,,,,,,,,,,,,,,,,,,,,,,,,,,,,,,,,,,,,,,,,,,,,,,,,,,,,,,,,,,
// METROPOLIS DLC,,,,,,,,,,,,,,,,,,,,,,,,,,,,,,,,,,,,,,,,,,,,,,,,,,,,,,,,,,
,,,,,,,,,,,,,,,,,,,,,,,,,,,,,,,,,,,,,,,,,,,,,,,,,,,,,,,,,,
// TECHNICIANS,,,,,,,,,,,,,,,,,,,,,,,,,,,,,,,,,,,,,,,,,,,,,,,,,,,,,,,,,,
Technician_Shot,base,,/,/,,,,,Police_Drone_Attack,,,Drone_Sparks,,,,,,/,,4,#REF!,10,30,,,10,/,,/,/,/,,,,,,,/,/,2,5,,,,,extinguishable; structure,,,,,,,,,,,,
,,,,,,,,,,,,,,,,,,,,,,,,,,,,,,,,,,,,,,,,,,,,,,,,,,,,,,,,,,
// POLICE SQUAD,,,,,,,,,,,,,,,,,,,,,,,,,,,,,,,,,,,,,,,,,,,,,,,,,,,,,,,,,,
Police_Rifle,metro,,/,Tracer,Tracer,,1,,burstStart: Police_Rifle,,,Muzzle_Flash_3,,,,Bullet_Impact_Dust,,Water_Splash_Tiny,,1,#REF!,5,5,,3,/,,,3,0.2,25,10,/,max: 10; air: 10,80,,,0.3,0.3,1.7,/,,,,,solid; extinguishable,,,spreadFire,,,,,,,,,
Intro_Police_Rifle,metro,,/,Tracer,Tracer,,1,,burstStart: Police_Rifle,,,Muzzle_Flash_3,,,,Bullet_Impact_Dust,,Water_Splash_Tiny,,1,#REF!,5,5,,3,/,,,3,0.2,35,10,/,max: 5,80,,,0.3,0.3,1.7,/,,,,,solid; extinguishable,,,spreadFire,,,,,,,,,
Police_GrenadeV1,metro,,/,Police_Grenade,,,1,,,,,,,,,MkIII_Grenade_Explosion,,Water_Splash_Small,,,,150,30,20,,60,4,2,/,/,20,,4,max: 0.5,30,,,0.9,0.5,3,/,soldier special0,,,,/,,,friendlyFire;indirectFire;noBlastReduction,,,onHit: None,,,,,,
Police_Grenade,metro,,/,Police_Grenade,,Police_Grenade_Unit,1,,,,,,,,,Crater_Scorched_Small,,Water_Splash_Small,,,,/,/,,,/,/,,/,/,20,,8,max: 0.5,30,,,0.9,0.5,3,/,soldier special0,,,,/,,,indirectFire,,,onHit: None,,,,,,
Police_Grenade_Explosion,metro,,/,/,,,1,,,,,/,,,,Police_Grenade_Explosion,,,,9,#REF!,15,40,,,5,4,,15,0.3,30,,,,,,,,/,5.2,10,,,,,solid; extinguishable,,,unaimed;detonateOnSource;noModifierBonus;friendlyFire;noBlastReduction,,,,,,,,,
Talkie_Bomb_Shot,metro,,/,Bundled_Grenades,,Talkie_Bomb,1,,Talkie_Bomb_Land,,,,,,,,,Water_Splash_Small,,,,/,/,,,/,/,,/,/,15,,,max: 0.5,20,,,,/,0,/,soldier special0,,,,/,,,indirectFire,,,onHit: None,,,,,,
Talkie_Bomb_Noise,metro,,/,/,,,1,,Talkie_Bomb_Noise,,,,,,,,,,,,,/,/,,,/,10,,/,/,12,,,,,,,,/,0,/,,,,,solid; extinguishable,,,unaimed;indirectFire;detonateOnSource,,,onHit: None,,,,,,
Talkie_Bomb_Explosion,metro,,/,/,,,1,,,1,,,,,,Bundled_Grenade_Explosion,,,,,,200,40,30,,150,5,,/,/,/,,,/,/,,,,/,0,/,,,,,/,,,friendlyFire;indirectFire;forceStun;longStun;noModifierBonus,,,,,,,,,
Drone_Explode,metro,,/,/,,,,,,,,,,,,Bundled_Grenade_Explosion,,/,,,,400,60,40,,150,7,,/,/,/,,,,,,,,/,,50,,,,,extinguishable,,,friendlyFire;onFireKillUnit;unaimed,,,,,,,,,
Police_Drone_Shot,metro,,/,/,,,,,Police_Drone_Attack,,,Drone_Sparks,,,,,,/,,4,#REF!,10,30,,,10,/,,/,/,/,,,,,,,/,/,2,5,,,,,extinguishable; structure,,,spreadFire,,,,,,,,,
Flash_Bang,metro,,/,Flash_Bang,,,1,,,,,,,,,Flash_Bang_Explosion,,Water_Splash_Small,,,,/,/,,,200,6,0.5,/,/,20,,,max: 0.5,30,,,,/,0,/,soldier special0,,,,/,,,friendlyFire;indirectFire;longStun;forceStun,,,onHit: None,,,,,,
,,,,,,,,,,,,,,,,,,,,,,,,,,,,,,,,,,,,,,,,,,,,,,,,,,,,,,,,,,
// PEACEKEEPER,,,,,,,,,,,,,,,,,,,,,,,,,,,,,,,,,,,,,,,,,,,,,,,,,,,,,,,,,,
Police_Mech_Grenade,metro,,/,Gas_Canister,,,1,,Chemical_Shot,,,Grenade_Launcher,,,,MkIII_Grenade_Explosion,,Water_Splash_Small,,32,#REF!,80,30,20,,50,3,,2,0.3,25,,8,max: 3,20,,,/,0.5,2.3,/,,,,,solid; extinguishable,,,indirectFire,,,onHit: None,,,,,,
Police_Mech_Gas,metro,,/,/,,,1,,,,,,,,,,,/,,3,#REF!,3,200,,,50,3.5,,/,/,2.25,,,,,,,,/,0.3,/,,,,,solid; extinguishable; fireproof,,scorching,unaimed;indirectFire;noBlastReduction;detonateOnSource;noModifierBonus;stealthFire,,,,,,,,,
Peacekeeper_Gas_Release,metro,,/,/,,,1,,burstStart: Gas_Release,,,,,,,Peace_Gas_Cloud,,/,,#VALUE!,#VALUE!,12,/,,,30,10,,/,/,/,,,,/,,,/,/,0.3,/,soldier special1,,,,structure; solid; inanimate; human; extinguishable,,hidden,unaimed;indirectFire;ignoreArmor;forceStun;noBlastReduction,,,,,,,,,
Peacekeeper_Drone_Bomb,metro,,/,Gas_Canister,,,1,,/,,,/,,,,MkIII_Grenade_Explosion,,Water_Splash_Small,,32,#REF!,80,30,20,,50,3,,/,/,0.1,,/,max: 0.3,10,,,/,/,1.5,/,,,,,solid; extinguishable,,,indirectFire; unaimed,,,onHit: None,,,,,,
,,,,,,,,,,,,,,,,,,,,,,,,,,,,,,,,,,,,,,,,,,,,,,,,,,,,,,,,,,
// RIOT SHIELD,,,,,,,,,,,,,,,,,,,,,,,,,,,,,,,,,,,,,,,,,,,,,,,,,,,,,,,,,,
Assault_Shot,metro,,/,Gas_Canister,,,0.07,/,Rifle_Grenade,,,Grenade_Launcher,,Bullet_Impact_Dust,Rifle_Grenade_Explosion,Rifle_Grenade_Explosion,,Water_Splash_Small,,45,#REF!,45,110,40,,/,1,,/,/,20,,,max: 3,40,,,1,0.5,6,10,,,,,solid; extinguishable,,,spreadFire;noModifierBonus,,,onHit: None,,,,,,
Police_Shotgun,metro,,/,Invisible,,,1,/,Shotgun,,,Frag_Shot,,,,Bullet_Impact_Dust,,Water_Splash_Tiny,,45,#REF!,75,40,,,30,,,/,/,8,,/,/,50,,,,/,3,/,,,,,solid; extinguishable,,,spreadFire;indirectFire;noModifierBonus,,,,,,,,,
Auto_Turret_Pod,metro,,/,Gas_Canister,,Auto_Turret,2,/,Rifle_Grenade,,,Grenade_Launcher,,,,Deployable_turret_Activate,,Water_Splash_Small,,#VALUE!,#VALUE!,/,/,,,/,/,,/,/,15,,/,/,20,,,,/,2.6,/,,,,,,,,indirectFire,,,onHit: None,,,,,,
Auto_Turret_Shot,metro,,/,Tracer,Tracer,,1.5,,burstStart: HMG,,,Muzzle_Flash_10,,,,Bullet_Impact_Dust_Heavy,,Water_Splash_Tiny,,7.5,#REF!,15,35,,5,20,,,4,0.15,12,5,,max: 7; air: 10,104,,,,/,0.6,/,turret,fovweighted,,,solid; extinguishable,,,burstEffect,,,,,,,,,
Decoy_Deploy_Shot,metro,,/,Gas_Canister,,Riot_Decoy,1,/,Rifle_Grenade,,,Grenade_Launcher,,,,Sensor_Activate,,Water_Splash_Small,,#VALUE!,#VALUE!,/,/,,,/,/,,/,/,15,,/,max: 3,15,,,,/,2.6,/,,,,,,,,indirectFire,,,onHit: None,,,,,,
,,,,,,,,,,,,,,,,,,,,,,,,,,,,,,,,,,,,,,,,,,,,,,,,,,,,,,,,,,
// JAC TROOPER,,,,,,,,,,,,,,,,,,,,,,,,,,,,,,,,,,,,,,,,,,,,,,,,,,,,,,,,,,
Heavy_Sniper_Shot,metro,,/,Shell_Tracer,Shell_Tracer,,0.09,/,Heavyshot,,,Recoilless_Rifle_Shot,,,Rifle_Grenade_Explosion,Rifle_Grenade_Explosion,,Water_Splash_Tiny,,170,#REF!,170,69,25,80,70,/,,/,/,40,10,/,/,80,,,1,0.3,2.4,5,,,,,solid; extinguishable,,,,,,,,,,,,
Low_Velocity_Shot,metro,,/,Rifle_Grenade,,,1,/,burstStart: Low_Velocity_Shot,,,Howitzer_Shot_Small,,,,Rocket_APHE,,Water_Splash_Small,,170,#REF!,170,69,25,,50,4,,3,0.5,30,,7,max: 2,20,,,1,0.5,4,30,,,,,solid; extinguishable,,,friendlyFire;indirectFire;noModifierBonus;noBlastReduction,,,onHit: None,,,,,,
JAC_Explosives_Shot,metro,,/,/,,,1,,,,,/,,,,Demolition_Explosion,,,,400,#REF!,400,90,80,,,10,,/,/,/,,,,,,,,/,0,80,,,,,solid; extinguishable,,,friendlyFire;noModifierBonus;noBlastReduction,,,,,,,,,
JAC_Bomb,metro,,/,JAC_Bomb,,,0.5,,,,,,,,Fireball_Heavy,Fireball_Heavy,,Water_Splash_Small,,400,#REF!,400,90,80,,70,4,1,/,/,11,,,,20,,,,/,0,80,,,,,solid; extinguishable,,scorching,unaimed;friendlyFire;noModifierBonus;noBlastReduction,,,onHit: None,,,,,,
,,,,,,,,,,,,,,,,,,,,,,,,,,,,,,,,,,,,,,,,,,,,,,,,,,,,,,,,,,
// M7 CYCLONE,,,,,,,,,,,,,,,,,,,,,,,,,,,,,,,,,,,,,,,,,,,,,,,,,,,,,,,,,,
Hover_Autocannon_Shot,metro,,/,Tracer_Thick,Tracer_Thick,,1.5,/,Autocannon_V2,,,Howitzer_Shot_Small,,,Autocannon_Hit,Rifle_Grenade_Explosion,,Water_Splash_Tiny,,15,#REF!,15,70,40,20,30,4,,2,0.6,30,8,/,max: 2; air: 3,120,,,,/,0.6,/,turret,fovweighted,,,solid; extinguishable,,,,,,onHit: PassThroughDamage,,,,,,
Mech_Jump_Impact,metro,,/,/,,,1,,M11_Jet_Blast,,,,,,,M11_Jet_Blast,,/,,200,#REF!,200,70,20,,200,12,,/,/,/,,,,,,,/,2,2,70,,,,,solid; extinguishable,,scorching,friendlyFire;unaimed;noModifierBonus;noSelfDamage; noBlastReduction,,,,,,,,,
,,,,,,,,,,,,,,,,,,,,,,,,,,,,,,,,,,,,,,,,,,,,,,,,,,,,,,,,,,
// PEGASUS GUNSHIP,,,,,,,,,,,,,,,,,,,,,,,,,,,,,,,,,,,,,,,,,,,,,,,,,,,,,,,,,,
Gunship_Gatling,metro,,/,Tracer,Tracer,,2,/,burstStart: MG34LMG,,,Minigun_Muzzle_Flash,,,Autocannon_Hit,Rifle_Grenade_Explosion,,Water_Splash_Tiny,,6,#REF!,10,40,,3,40,,,3,0.104,25,10,,min: 6; max: 12; air: 12,120,,,,/,0.312,/,turret,fovweighted,,,solid; extinguishable,armored,,,,attacksToOverheat: 10; cooldownTime: 2,,,,,,,
Gunship_Missile_Barrage,metro,,/,Gunship_Rocket,,,1,/,Missile_Mech_Rocket,,,Gunship_Rocket_Shot,,,Rocket_APHE,Rocket_APHE,,Water_Splash_Tiny,,100,#REF!,100,60,,,30,4,,4,0.3,60,10,,max: 2,55,,,,/,2.4,10,turret,fovweighted,,,solid; extinguishable,armored,,friendlyFire; indirectFire;noModifierBonus,,,,,,,,2 -2;-2 2,
Gunship_Missile_Strike,metro,,/,Reaper_Missile_Straight,,,1,/,Heavy_Missile,,,Recoilless_Rifle_Shot,,,Explosion_Executor_Missile,Explosion_Executor_Missile,,Water_Splash_Tiny,,500,#REF!,500,70,20,,150,3,,/,/,60,,20,max: 1,30,,,,/,3,70,,,,200,solid; extinguishable,,explosive,indirectFire;noModifierBonus;forceStun;longStun,,,onHit: DetonateOnTargetOnly,,,,,,
Gunship_Bomb,metro,,/,Gunship_Bomb,,,0.5,,BombWhistle,,,,,Big_Bomb_Impact,,Tactical_Nuke,,Water_Splash_Small,,1000,#REF!,1000,200,60,500,70,10,5,/,/,1,,,,10,,,,/,0,100,,,,,solid; extinguishable,,explosive,unaimed;friendlyFire;noModifierBonus;noBlastReduction,,,onHit: None,,,,,,
,,,,,,,,,,,,,,,,,,,,,,,,,,,,,,,,,,,,,,,,,,,,,,,,,,,,,,,,,,
// MISSILE MECH,,,,,,,,,,,,,,,,,,,,,,,,,,,,,,,,,,,,,,,,,,,,,,,,,,,,,,,,,,
Missile_Mech_Missile_Burst,metro,,/,Mech_Missile_V,,,1,,Missile_V2,,,Missile_Launch,,,Cannon_Hit,Rocket_APHE,,Water_Splash_Small,,100,#REF!,100,110,30,,/,4,,4,0.2,45,,10,max: 5,30,,,0.6,0.5,3.2,10,,,,,solid; extinguishable,armored,,indirectFire;unaimed,,,onHit: None,,,,,,
Missile_Mech_Missile_Single,metro,,/,Mech_Missile_H,,,1,,Missile_V2,,,Missile_Launch,,,Cannon_Hit,Rocket_APHE,,Water_Splash_Small,,100,#REF!,100,110,30,,/,4,,,0.5,60,,10,,35,,,0,0.5,0.5,10,turret,fovweighted,,200,solid; extinguishable,armored,,,,,onHit: DetonateOnTargetOnly,,,,,,
Cloudburster_Shrapnel,metro,,/,Ripper_Tracer,,,1,5,Ripper_Blast,,,Ripper_Flash,,,,,,/,,#VALUE!,#VALUE!,80 120,50,,,50,,,/,/,30,4,,,80,,,1,/,1.3,/,soldier,,,,solid; extinguishable,,,friendlyFire,,,onHit: PassThroughDamage,,,,,,
Cloudburster_Drone_Shot,metro,,/,Tracer_Orange,Tracer_Orange,,0.8,,burstStart: Morita_MkII,,,Muzzle_Flash_4,,,,Bullet_Impact_Dust,,Water_Splash_Tiny,,1,#REF!,4,10,,5,10,,,4,0.2,10,5,,max: 2,90,,,,/,0.8,/,turret,fovweighted,,,solid; extinguishable,,,,,,,,,,,,
,,,,,,,,,,,,,,,,,,,,,,,,,,,,,,,,,,,,,,,,,,,,,,,,,,,,,,,,,,
// HORNET,,,,,,,,,,,,,,,,,,,,,,,,,,,,,,,,,,,,,,,,,,,,,,,,,,,,,,,,,,
Hornet_Shot,metro,,/,Tracer_Orange,Tracer_Orange,,1,,Locust_Attack,,,Spikes_Burst,,,Stinger_Shot_Hit,Stinger_Shot_Hit,,Water_Splash_Small,,6,#REF!,10,40,40,10,5,,,/,/,20,10,,max: 3,50,,,0.667,0.833,2.167,/,,,,,solid; extinguishable,,hidden,spreadFire,,,,,,,,,
Locust_Tanker_Invisible,metro,,/,/,/,,1,/,/,,,/,,,,/,,/,,100,1655,0,60,60,0,0,0,,/,0,55,,,/,0,,,0,/,1,/,turret,,,,solid; extinguishable,,hidden,unaimed;indirectFire;noModifierBonus;stealthFire,,,,,,,,,
,,,,,,,,,,,,,,,,,,,,,,,,,,,,,,,,,,,,,,,,,,,,,,,,,,,,,,,,,,
// BURSTER,,,,,,,,,,,,,,,,,,,,,,,,,,,,,,,,,,,,,,,,,,,,,,,,,,,,,,,,,,
Burster_Bug_Shot,metro,,/,Burster_Spit,,,1,/,Burster_Attack_01,,Burster_Wind_Up,,,Spit_Impact,,Burster_Shot_Explosion,,Water_Splash_Small,,100,#REF!,100,100,20,,/,2,1,/,/,20,,7,max: 0.5,20,,,1.5,0.5,5.5,20,,,,,solid; extinguishable,,,friendlyFire;indirectFire;forceStun;longStun,,,onHit: None,,,,,,
Burster_Bug_Explode,metro,,/,/,,Burster_Bug_Explode_Shock,,,,,,,,,,Burster_Death_Explosion,,/,,120,#REF!,120,60,60,,/,3,,/,/,/,,,,,,,,/,1,40,,,,,extinguishable,,,friendlyFire;onFireKillUnit;detonateOnSource;noBlastReduction,,,,,,,,,
Burster_Bug_Explode_Shock,metro,,/,/,,,,,,,,,,,,,,/,,,,/,/,/,,150,7,,/,/,/,,/,,,,,,/,0,/,,,,,extinguishable,,hidden,noBlastReduction,,,,,,,,,
Acid_Damage,metro,,/,/,,,1,,,,,,,,,,,/,,4,#REF!,4,200,200,,/,4,,30,0.5,/,,,,,,,,/,15,/,,,,,structure; solid; inanimate; extinguishable,,hidden,unaimed;noModifierBonus;noBlastReduction,,,,,,,,,
,,,,,,,,,,,,,,,,,,,,,,,,,,,,,,,,,,,,,,,,,,,,,,,,,,,,,,,,,,
// RAVAGER,,,,,,,,,,,,,,,,,,,,,,,,,,,,,,,,,,,,,,,,,,,,,,,,,,,,,,,,,,
Plasma_Guard_Plasma,metro,,/,Plasma_Beam_Red,Plasma_Beam_Red,,1,3,PlasmaGuard_Plasma,,PlasmaGuard_Wind_Up,Plasma_Beam_Shot_Red,,,Plasma_Explosion_Red,Plasma_Explosion_Red,,Plasma_Explosion_Red,,60,#REF!,100,40,40,50,20,2,,/,0.13,40,,,max: 1,80,,,1.85,2.15,6.35,/,,,,,extinguishable; minion,,acid,noBlastReduction,Scorpion,,,,,,,,
Plasma_Guard_Claws,metro,,/,/,,,,,PlasmaGuard_Melee,,,,,,,,,/,,120,90,120,100,100,,20,1,,/,/,/,,,,,,,0.6,0.8,1.45,/,,,,,extinguishable,,,noBlastReduction,,,,,,,,,
,,,,,,,,,,,,,,,,,,,,,,,,,,,,,,,,,,,,,,,,,,,,,,,,,,,,,,,,,,
// ELECTRO TURRETS,,,,,,,,,,,,,,,,,,,,,,,,,,,,,,,,,,,,,,,,,,,,,,,,,,,,,,,,,,
Electro-Autocannon_Shot,base,,/,Tracer,Tracer,,2,, Auto_Turret_Shot,,,M11_Mortar,,,Autocannon_Hit,Autocannon_Hit,,Water_Splash_Tiny,,30,#REF!,30,60,10,10,10,,,6,0.15,25,5,,max: 3,104,,,0,/,2.25,/,turret,fovweighted,,,extinguishable,,,,,attacksToOverheat: 5; cooldownTime: 5,,,,,,,
Electro-Autocannon_AP_Shot,base,,/,Tracer,Tracer,,2,, Auto_Turret_Shot,,,M11_Mortar,,,Autocannon_Hit,Autocannon_Hit,,Water_Splash_Tiny,,30,#REF!,30,80,10,10,10,,,6,0.15,25,5,,max: 3,104,,,0,/,2.25,/,turret,fovweighted,,,extinguishable,,,,,attacksToOverheat: 5; cooldownTime: 5,,,,,,,
Territory_MG_Tower_Burst,base,,/,Tracer,Tracer,,1.5,,burstStart: HMG,,,Turret_Muzzle_Flash,,,,Bullet_Impact_Dust_Heavy,,Water_Splash_Tiny,,1.5,#REF!,15,15,,5,20,,,4,0.15,40,10,8,max: 7; air: 10,104,,,,/,0.6,/,turret,fovweighted,,,solid; extinguishable,,,burstEffect,,attacksToOverheat: 15; cooldownTime: 15,,,,,,,
Territory_MG_Tower_Range_Burst,base,,/,Tracer,Tracer,,1.5,,burstStart: HMG,,,Turret_Muzzle_Flash,,,,Bullet_Impact_Dust_Heavy,,Water_Splash_Tiny,,1.5,#REF!,15,15,,5,20,,,4,0.15,50,10,8,max: 7; air: 10,104,,,,/,0.6,/,turret,fovweighted,,,solid; extinguishable,,,burstEffect,,attacksToOverheat: 15; cooldownTime: 15,,,,,,,
Electro-Mortar_AA_Shot,base,,/,Mortar_AA_Off_Grenade,Mortar_AA_On_Grenade,,1,,M11_Mortar,,,M11_Mortar,,,Flak_Explosion_Large,Flak_Explosion_Large,,Water_Splash_Small,,#VALUE!,#VALUE!,/,30,,80,50,10,,5,0.3,40,,/,max: 6,30,,,,/,6.2,10,turret,fovweighted,,,extinguishable,,,indirectFire;noBlastReduction,Scorpion,,onHit: None,,,,,,
Electro-Mortar_Shot,base,,/,Electro_Mortar,,,0.2,,M11_Mortar,,,M11_Mortar,,,,M11_Mortar_Explosion,,Water_Splash_Small,,6,#REF!,60,15,5,,50,5,,5,0.5,35,,15,max: 4,30,,,,/,7,10,turret,fovweighted,,,extinguishable,,,indirectFire;noBlastReduction,Scorpion,,onHit: None,,,,,,
Electro-Cannon_Shot,base,,/,Shell,,,0.09,/,Heavy_Turret_Shot,,,Howitzer_Shot,,,Cannon_Hit,Howitzer_Shell_Explosion,,Water_Splash_Tiny,,200,#REF!,200,90,30,,30,2,,/,/,45,,10,max: 1,120,,,,/,3,/,turret,fovweighted,,,extinguishable,armored,,,,,,,,,,,
Electro-Cannon_RoF_Shot,base,,/,Shell,,,0.09,/,Heavy_Turret_Shot,,,Howitzer_Shot,,,Cannon_Hit,Howitzer_Shell_Explosion,,Water_Splash_Tiny,,200,#REF!,200,90,30,,30,2,,/,/,45,,10,max: 1,120,,,,/,1.5,/,turret,fovweighted,,,extinguishable,armored,,,,,,,,,,,
Electro-Cannon_Range_Shot,base,,/,Shell,,,0.09,/,Heavy_Turret_Shot,,,Howitzer_Shot,,,Cannon_Hit,Howitzer_Shell_Explosion,,Water_Splash_Tiny,,200,#REF!,200,90,30,,30,2,,/,/,60,,10,max: 1,120,,,,/,3,/,turret,fovweighted,,,extinguishable,armored,,,,,,,,,,,
Electro-Launcher_Shot,base,,/,Missile_Turret_Missile,,,1,,Missile_Turret,,,,,,Bundled_Grenade_Explosion,Bundled_Grenade_Explosion,,Water_Splash_Small,,150,#REF!,150,80,10,,/,2,,2,1,75,,20,max: 2,40,,,,/,9,20,turret,fovweighted,,100,solid; extinguishable,armored,explosive,indirectFire,,,,,,,,,
Electro-Launcher_Range_Shot,base,,/,Missile_Turret_Missile,,,1,,Missile_Turret,,,,,,Bundled_Grenade_Explosion,Bundled_Grenade_Explosion,,Water_Splash_Small,,150,#REF!,150,60,10,,/,2,,2,1,90,,20,max: 2,40,,,,/,9,20,turret,fovweighted,,100,solid; extinguishable,armored,explosive,indirectFire,,,,,,,,,
Electro_Sniper_Shot,base,,/,/,,,1,/,SniperTower_Shot,,,Sniper_Shot,,,,,,Water_Splash_Tiny,,8,#REF!,80,15,,20,30,,,/,/,55,,/,/,/,,,0.75,0.5,1.5,/,turret,fovweighted,,,solid; extinguishable,,,spreadFire;constantFireRate,,,,,,,,,
Electro_Sniper_AP_Shot,base,,/,/,,,1,/,SniperTower_Shot,,,Sniper_Shot,,,,,,Water_Splash_Tiny,,48,#REF!,80,40,,20,30,,,/,/,55,,/,/,/,,,0.75,0.5,1.5,/,turret,fovweighted,,,solid; extinguishable,,,spreadFire;constantFireRate,,,,,,,,,
,,,,,,,,,,,,,,,,,,,,,,,,,,,,,,,,,,,,,,,,,,,,,,,,,,,,,,,,,,
Kayla_Gun,metro,,/,Tracer,,,1,/,burstStart: Police_Rifle,,,Muzzle_Flash_4,,,,Bullet_Impact_Dust,,Water_Splash_Tiny,,24,#REF!,40,40,,,10,,,/,/,5,,/,/,50,,,0.3,0.2,0.5,/,,,,,solid; extinguishable,,,noModifierBonus,,,,,,,,,
Kayla_Grenade,metro,,/,Gas_Canister,,,0.8,,Frag_Gun_InDirect,,,Grenade_Launcher,,Bullet_Impact_Dust,,Rifle_Grenade_Explosion,,Water_Splash_Tiny,,100,#REF!,100,60,20,,60,1,,/,/,20,,5,max: 0.5,25,,,0.9,0.5,2.9,20,,,,,solid; extinguishable,,,noModifierBonus;indirectFire,,,onHit: None,,,,,,
AA_Battery_Volley,base,,/,SAM_Missile,SAM_Missile,,2,,Missile_V2,,,Missile_Launch,,,Flak_Explosion_Large,Flak_Explosion_Large,,Water_Splash_Small,,#VALUE!,#VALUE!,/,80,,200,,5,,/,/,50,,4,max: 1,50,,,,,0.7,/,turret,fovweighted,,100,solid; extinguishable,,,,,,,,,,,,
Verhaegen_Shot,metro,,Morita_MkIII,Tracer,Tracer,,1,/,burstStart: Carbine,,,Muzzle_Flash_4,,,,Bullet_Impact_Dust,Bullet_Impact_Hard,Water_Splash_Tiny,,1,#REF!,10,15,,3,4,,,3,0.2,35,10,/,max: 5,78,,,0,0.3,0.9,/,,,,,solid; extinguishable,,,burstEffect,,,,,,,,,
Verhaegen_Cutscene_Shot,metro,,Morita_MkIII,Tracer,Tracer,,1,/,burstStart: Carbine,,,Muzzle_Flash_4,,,,Bullet_Impact_Dust,Bullet_Impact_Hard,Water_Splash_Tiny,,15,#REF!,15,100,,3,4,,,3,0.2,35,10,/,max: 5,78,,,0,0.3,0.9,/,,,,,solid; extinguishable,,,burstEffect,,,,,,,,,
Verhaegen_Burst,metro,,Morita_MkIII,Tracer,Tracer,,1,/,burstStart: Morita_MkII_Long,,,Muzzle_Flash_10,,,Yellow_Goo_Hit,,,,,1,#REF!,10,15,,3,4,,,3,0.2,35,10,/,max: 5,78,,,0,0,0.6,/,,,,,solid; extinguishable,,,burstEffect,,,,,,,,,
,,,,,,,,,,,,,,,,,,,,,,,,,,,,,,,,,,,,,,,,,,,,,,,,,,,,,,,,,,
// NEW UNITS,,,,,,,,,,,,,,,,,,,,,,,,,,,,,,,,,,,,,,,,,,,,,,,,,,,,,,,,,,
,,,,,,,,,,,,,,,,,,,,,,,,,,,,,,,,,,,,,,,,,,,,,,,,,,,,,,,,,,
,,,,,,,,,,,,,,,,,,,,,,,,,,,,,,,,,,,,,,,,,,,,,,,,,,,,,,,,,,
Electro-Flamethrower,lava,,/,Invisible,,,1,4,burstStart: M11_Flamethrower,,,Flamethrower_Turret,,,,/,,/,,12,#REF!,60,20,,,50,,,10,0.2,16,2,/,,40,,,,/,4.8,/,turret,fovweighted,,,solid; extinguishable,flammable,scorching,burstEffect; StopBurstEffectManually,,,onHit: PassThroughDamage,,,,,,
Electro-Flamethrower_AP,lava,,/,Invisible,,,1,4,burstStart: M11_Flamethrower,,,Flamethrower_Blue,,,,/,,/,,48,#REF!,60,50,,,50,,,10,0.2,16,2,/,,40,,,,/,4.8,/,turret,fovweighted,,,solid; extinguishable,flammable,scorching,burstEffect; StopBurstEffectManually,,,onHit: PassThroughDamage,,,,,,
Territory_Bunker_HMG,base,,/,Tracer,Tracer,,2,,burstStart: HMG,,,Turret_Muzzle_Flash,,,,Bullet_Impact_Dust_Heavy,,Water_Splash_Tiny,,,,15,35,,5,/,,,5,0.13,30,10,/,max: 5,104,,,,/,1.72,/,turret,fovweighted,,,solid; extinguishable,,,burstEffect,,attacksToOverheat: 40; cooldownTime: 15,,,,,,,
Electro_Flamer_Explosion,base,,/,/,,Fire_Small_Unit,,,,,,/,,,MkIII_Grenade_Explosion,,,,,,,200,20,,,,10,,/,/,/,,,,,,,,/,0,80,,,,,solid; extinguishable,,,friendlyFire;noModifierBonus,,,,,,,,,
Radio_Operator_Drone_Shot,base,,/,Tracer_Orange,Tracer_Orange,,0.8,,burstStart: Morita_MkII,,,Muzzle_Flash_4,,,,Bullet_Impact_Dust,,Water_Splash_Tiny,,1,#REF!,4,10,,,10,,,4,0.2,10,5,,max: 2,90,,,,/,0.8,/,turret,fovweighted,,,solid; extinguishable,,,,,,,,,,,,
Rifle_Recruits_Burst,base,,Morita_MkI,Tracer,Tracer,,1,/,burstStart: Morita_MkI,,,Muzzle_Flash_4,,,,Bullet_Impact_Dust,Bullet_Impact_Hard,Water_Splash_Tiny,,1,#REF!,6,15,,2,5,,,2,0.3,30,10,/,max: 20; air: 25,78,,,0.3,0.3,1.6,/,,,,,solid; extinguishable,,,burstEffect;spreadFire,,,,,,,,,
,,,,,,,,,,,,,,,,,,,,,,,,,,,,,,,,,,,,,,,,,,,,,,,,,,,,,,,,,,
// CHEMICAL DLC,,,,,,,,,,,,,,,,,,,,,,,,,,,,,,,,,,,,,,,,,,,,,,,,,,,,,,,,,,
,,,,,,,,,,,,,,,,,,,,,,,,,,,,,,,,,,,,,,,,,,,,,,,,,,,,,,,,,,
// HORDE HANDLERS,,,,,,,,,,,,,,,,,,,,,,,,,,,,,,,,,,,,,,,,,,,,,,,,,,,,,,,,,,
Eradicator_Poison_Shot,chem,,/,Poison_Bullet,Poison_Bullet,/,0.5,/,Dart_Gun_Shot,,,Muzzle_Flash_Single,,,Poison_Hit,Poison_Hit,Poison_Hit,Water_Splash_Tiny,,5,#REF!,10,0,0,,,,,/,/,25,5,/,max: 3,40,,,0.75,0.5,4,/,,,,,solid; extinguishable,,,spreadFire,,,,duration: 10; damage: 30,,,,,
Defender_Destruct_Explosion,chem,,/,/,,,1,,,,,/,,,,Grenade_Explosion_Concussive,,,,120,#REF!,150,50,40,,,6,,/,/,/,,,,,,,,/,0,20,,,,,solid; extinguishable,,,noModifierBonus;noBlastReduction,,,,,,,,,
,,,,,,,,,,,,,,,,,,,,,,,,,,,,,,,,,,,,,,,,,,,,,,,,,,,,,,,,,,
// SUPPORT TROOPERS,,,,,,,,,,,,,,,,,,,,,,,,,,,,,,,,,,,,,,,,,,,,,,,,,,,,,,,,,,
Support_Troopers_Burst,chem,,Morita_MkI,Tracer,Tracer,,1,/,burstStart: Morita_MkI,,,Muzzle_Flash_4,,,,Bullet_Impact_Dust,Bullet_Impact_Hard,Water_Splash_Tiny,,3,#REF!,6,15,,6,5,,,2,0.3,35,10,/,max: 12; air: 17,78,,,0.3,0.3,1.3,/,,,,,solid; extinguishable,,,burstEffect;spreadFire,,,,,,,,,
,,,,,,,,,,,,,,,,,,,,,,,,,,,,,,,,,,,,,,,,,,,,,,,,,,,,,,,,,,
// TOXIC BIPED,,,,,,,,,,,,,,,,,,,,,,,,,,,,,,,,,,,,,,,,,,,,,,,,,,,,,,,,,,
Toxic_Shot,chem,,/,Invisible,,,1,3,burstStart: Gas_Release,,,Gasthrower,,,,,,/,,2,#REF!,5,30,30,,10,,,7,0.2,10,2,,,40,,,,/,1.2,/,,,,,solid; inanimate; extinguishable,,hidden,burstEffect; StopBurstEffectManually; indirectFire,,,onHit: PassThroughDamage,,,,,,
Toxic_Powershot,chem,,/,/,,/,1,,,,,Gasthrower_Sides,,,,,,/,,4,#REF!,10,30,/,,10,3,,/,/,5,,,,40,,,/,/,0.3,/,,,,,structure; solid; inanimate; extinguishable,,hidden,indirectFire; unaimed; noBlastReduction; noModifierBonus,,,onHit: None,,,,,,
Toxic_Repair_Cloud,chem,,/,/,,,1,,,,,,,,,,,/,,4,#REF!,10,30,,,5,4,,2,0.5,/,,,,,,,,/,15,/,,,,,structure; solid; inanimate; human; extinguishable; gasImmune,,hidden,unaimed;noModifierBonus;noBlastReduction,,,,,,,,,
Toxic_Pressure_Spray,base,,/,Invisible,,,1,3,burstStart: Gas_Release,,,Gasthrower_Long,,,,,,/,,60,#REF!,60,60,5,,30,,,40,0.1,20,5,,,20,,,,/,6.9,/,,,,,solid; inanimate; extinguishable,,hidden,burstEffect; StopBurstEffectManually; friendlyFire; noModifierBonus,,,onHit: PassThroughDamage,,,,,,
,,,,,,,,,,,,,,,,,,,,,,,,,,,,,,,,,,,,,,,,,,,,,,,,,,,,,,,,,,
// RADIATION BIPED,,,,,,,,,,,,,,,,,,,,,,,,,,,,,,,,,,,,,,,,,,,,,,,,,,,,,,,,,,
Rad_Biped_Shot,chem,,/,Invisible,,,1,1,Radiation_Beam_Weak_Fire,,Irradiator_Flash_Medium,Irradiator_Beam_Medium,,,Radiation_Impact,,,/,,2,#REF!,20,15,,,/,,,10,0.2,50,,,,100,,,0.5,/,3,/,,,,,structure; solid; inanimate; extinguishable; radiationImmune,,hidden,burstEffect; StopBurstEffectManually,,,onHit: DetonateOnTargetOnly,,,,,,
Electric_Discharge,chem,,/,/,,,1,,M11_Jet_Blast,,,,,,M11_Jet_Blast,,,/,,20,#REF!,100,20,,,200,10,,/,/,/,,,,,,,/,2,2,/,,,,,solid; inanimate; extinguishable,,,unaimed;noModifierBonus; noBlastReduction; longStun,,,,,,,,,
Rad_Drone_Shot,chem,,/,Invisible,,,1,1,,,,Irradiator_Beam_Medium,,,Sparker_Shot_Impact,,,/,,3,#REF!,15,20,,,/,,,7,0.2,0.1,50,,,100,,,,/,3,/,,,,,structure; solid; inanimate; extinguishable; radiationImmune,,hidden,burstEffect; StopBurstEffectManually,,,onHit: DetonateOnTargetOnly,,,,,,
Drop_Reactor_Projectile,chem,,/,Reactor,,Rad_Biped_Reactor,1,/,BombWhistle,,,,,Radiation_Bomb_Impact,,Mjolnir_Explosion,,Water_Splash_Small,,60,#REF!,150,30,,,/,1,,/,/,20,,/,/,30,,,/,/,0,40,,,,,,,,indirectFire;friendlyFire; noBlastReduction,,,onHit: None,,,,,,
,,,,,,,,,,,,,,,,,,,,,,,,,,,,,,,,,,,,,,,,,,,,,,,,,,,,,,,,,,
// HAZMAT TROOPERS,,,,,,,,,,,,,,,,,,,,,,,,,,,,,,,,,,,,,,,,,,,,,,,,,,,,,,,,,,
Hazmat_Grenade,chem,,/,Acid_Canister,,,1,,Chemical_Shot,,,Grenade_Launcher,,,Acid_Grenade_Explosion,Acid_Grenade_Explosion,,Water_Splash_Small,,56,#REF!,70,50,10,,50,2,,/,/,40,,5,max: 1,40,,,,/,1,5,,,,,solid; inanimate; extinguishable,,,indirectFire;spreadFire;noModifierBonus;constantFireRate,,,,,,,,,
Eradicator_Chemical_Spray,chem,,/,Chemical_Spray,,,1,,burstStart: Firefighter_water,,,Water_Burst,,,,Water_Impact,,Water_Splash_Small,,20,#REF!,20,60,0,,20,2,,10,0.2,20,,,max: 2,40,,,0.3,0.2,4,/,/,,,,solid; inanimate; extinguishable,,acid,burstEffect; StopBurstEffectManually; indirectFire;spreadFire;noModifierBonus,,,onHit: None,,,,,,
Hazmat_Grenade_Volley,chem,,/,Gas_Canister,,Toxic_Gas_Cloud,1,,Chemical_Shot,,,Grenade_Launcher,,,,Rifle_Grenade_Explosion,,Water_Splash_Small,,1,#REF!,,,,,/,,,/,/,30,,5,max: 3,20,,,/,/,0.5,/,,,,,structure; solid; inanimate; extinguishable,,,indirectFire;spreadFire;constantFireRate,,,onHit: None,,,,,,
Hazmat_Gas,chem,,/,/,,,1,,,,,,,,,,,/,,1,3,5,60,,,5,4,,/,/,5,,,,,,,,/,0.5,/,,,,,structure; solid; inanimate; human; extinguishable; gasImmune,,hidden,unaimed;indirectFire;noBlastReduction;detonateOnSource;noModifierBonus;stealthFire,,,,,,,,,
Gas_Perimeter,chem,,/,/,,,1,,,,,,,,,,,/,,1,#REF!,15,0,/,/,/,8,,/,/,6,,,,,,,,/,0.3,/,turret,,,,solid; inanimate; extinguishable; gasImmune,,scorching,unaimed;indirectFire;noBlastReduction;detonateOnSource;noModifierBonus;forceStun;stealthFire; friendlyFire; noSelfDamage; constantFireRate,,,,,,,,,
,,,,,,,,,,,,,,,,,,,,,,,,,,,,,,,,,,,,,,,,,,,,,,,,,,,,,,,,,,
// MISSILE SPECIALIST,,,,,,,,,,,,,,,,,,,,,,,,,,,,,,,,,,,,,,,,,,,,,,,,,,,,,,,,,,
Specialists_Rocket_Y,chem,,/,Rocket_Specialist,,,0.7,,Missile_V2,,,,,,Rocket_APHE,Rocket_APHE,,Water_Splash_Small,,40,#REF!,40,110,15,,/,1.5,,4,0.15,30,,12,0.2,40,5,0.5,1,0.5,3,20,,,,,solid; extinguishable,,,spreadFire; indirectFire; constantFireRate; noBlastReduction,AlwaysTargetGround,,onHit: None,,,,,0 -1.5; 0 1.5; 0 4.5;0 6,
Specialists_Rocket_X,chem,,/,Rocket_Specialist,,,0.7,,Missile_V2,,,,,,Rocket_APHE,Rocket_APHE,,Water_Splash_Small,,,,40,110,15,,/,1.5,,4,0.15,30,,12,0.2,40,5,0.5,1,0.5,3,20,,,,,solid; extinguishable,,,spreadFire; indirectFire; constantFireRate; noBlastReduction,AlwaysTargetGround,,onHit: None,,,,,-4.5 0;-1.5 0; 1.5 0; 4.5  0,
Specialist_Incendiary_Barrage,chem,,/,Rocket_Specialist,,Fire_Small_Unit,1,,Missile_V2,,,,,,,Fireball,,Water_Splash_Large,,12,#REF!,60,20,20,,/,3,,4,0.2,30,,20,,35,,,1,0.5,5,20,,,,,solid; extinguishable,,scorching,friendlyFire;spreadFire;indirectFire;ignoreArmor,,,onHit: None,,,,,-8 0;-4 0; 4 0; 8  0,
Specialist_Flak_Barrage,chem,,/,Rocket_Specialist_AA,,,1,,Missile_V2,,,,,,,Flak_Explosion,,/,,80,#REF!,/,60,,80,,14,,/,/,35,,/,max: 8,40,,,1,0.5,2,/,,,,,solid; extinguishable,,,friendlyFire;indirectFire;spreadFire;noModifierBonus,,,onHit: None,,,,,,
Specialist_Marker_Nuke,chem,,/,Rocket_Specialist,,Marker_Flare_Nuke,1,,Missile_V2,,,,,,,Bullet_Impact_Dust_Heavy,,Water_Splash_Large,,#VALUE!,#VALUE!,/,/,/,,/,/,,/,/,1000,,/,,50,,,0.5,0.5,5,/,,,,,solid; extinguishable,,,indirectFire,,,onHit: None,,,,,,
Specialist_Marker_Cluster,chem,,/,Rocket_Specialist,,Marker_Flare_Cluster,1,,Missile_V2,,,,,,,Bullet_Impact_Dust_Heavy,,Water_Splash_Large,,#VALUE!,#VALUE!,/,/,/,,/,/,,/,/,1000,,/,,50,,,0.5,0.5,5,/,,,,,solid; extinguishable,,,indirectFire,,,onHit: None,,,,,,
Specialist_Marker_Gas,chem,,/,Rocket_Specialist,,Marker_Flare_Gas,1,,Missile_V2,,,,,,,Bullet_Impact_Dust_Heavy,,Water_Splash_Large,,#VALUE!,#VALUE!,/,/,/,,/,/,,/,/,1000,,/,,50,,,0.5,0.5,5,/,,,,,solid; extinguishable,,,indirectFire,,,onHit: None,,,,,,
,,,,,,,,,,,,,,,,,,,,,,,,,,,,,,,,,,,,,,,,,,,,,,,,,,,,,,,,,,
// FORTIS ERADICATORS,,,,,,,,,,,,,,,,,,,,,,,,,,,,,,,,,,,,,,,,,,,,,,,,,,,,,,,,,,
Eradicator_Plasma_Shot,chem,,/,Railgun,,,1,/,E-Pulse,,,Railgun_Flash,,,Plasma_Scorpion_Explosion,Plasma_Scorpion_Explosion,,/,,40,160,40,60,5,,5,3,,/,/,25,5,/,max: 1,60,,,0.5,1,1.5,/,,,,,solid; extinguishable,,scorching,burstEffect; spreadFire,,,,,,,,,
Bastion_Railgun_Shot,chem,,/,Railgun,Railgun,,3,/,E-Pulse,,,Railgun_Flash,,,Plasma_Explosion_Small,Plasma_Explosion_Small,,/,,100,50,100,70,30,,30,6,,/,/,45,,10,max: 1,120,,,1,1,2,/,turret,fovweighted,,,extinguishable,,scorching,,Scorpion,,,,,,,,
,,,,,,,,,,,,,,,,,,,,,,,,,,,,,,,,,,,,,,,,,,,,,,,,,,,,,,,,,,
// M9 OVERSEER,,,,,,,,,,,,,,,,,,,,,,,,,,,,,,,,,,,,,,,,,,,,,,,,,,,,,,,,,,
M9C_Shot,chem,,/,Radiation_Bullet,Radiation_Bullet,,2,,Dart_Gun_Shot,,,Muzzle_Flash_Single,,,,Bullet_Impact_Dust,Bullet_Impact_Hard,Water_Splash_Tiny,,8,#REF!,20,30,10,10,10,,,10,0.15,25,5,,max: 3,104,,,0,/,2.25,/,turret,fovweighted,,,extinguishable,,,,,,,duration: 10; damage: 30,,,,,
M9C_Mind_Control_Shot,chem,,/,Bug_Control_Device_Projectile,,,1.2,,Dart_Gun_Shot,,,,,,Autocannon_Hit,,,Water_Splash_Tiny,,120,#REF!,200,40,,,200,,,/,/,30,,,/,60,20,0.2,1,1,2,10,,,,,solid; massive; extinguishable,,,indirectFire;forceStun;longStun;noModifierBonus,,,onHit: DetonateOnTargetOnly,,,valid: (attribute: mindControllable); range: 35; leash: (leashRadius: 30; hysteresis: 5),,,
M9C_Rogue_Dart,chem,,/,Bug_Control_Device_Projectile,,,1.2,/,Dart_Gun_Shot,,,,,,,Bullet_Impact_Dust,,Water_Splash_Small,,120,#REF!,200,40,,,50,,,/,/,60,,,/,60,20,0.2,0.9,0.5,3,10,,,,,solid; extinguishable,,,indirectFire;noModifierBonus,,,onHit: DetonateOnTargetOnly,,toAlliance: 1; valid: (class: (swarm horde)); validAlliances: 3,,,,
,,,,,,,,,,,,,,,,,,,,,,,,,,,,,,,,,,,,,,,,,,,,,,,,,,,,,,,,,,
// POWER SUIT IRRADIATORS,,,,,,,,,,,,,,,,,,,,,,,,,,,,,,,,,,,,,,,,,,,,,,,,,,,,,,,,,,
Eradicator_Irradiator_Shot,chem,,/,InvisiblePassThroughTerrain,,,1,1,Radiation_Beam_Weak_Fire,,Irradiator_Gun_Flash,Irradiator_Gun_Beam,,,Radiation_Impact,,,/,,16,#REF!,20,50,20,,10,,,5,0.2,20,20,,,100,,,0.2,0.2,2,/,,,,,solid; inanimate; extinguishable; radiationImmune,,radiation,spreadFire; burstEffect; friendlyFire; StopBurstEffectManually;stealthFire,,,onHit: PassThroughDamage,,,,,,
Rogue_Grenade,chem,,/,Grenade,,,1,,Grenade_Timer,,,,,Bullet_Impact_Dust,,Rogue_Grenade_Explosion,,Water_Splash_Small,,#VALUE!,#VALUE!,/,/,/,,/,8,1,/,/,30,,,max: 0.5,20,,,0.9,0.5,3,40,soldier special0,,,,solid; extinguishable; inanimate; human,,,friendlyFire;indirectFire;forceStun;noModifierBonus; noBlastReduction,AlwaysTargetGround,,onHit: None,,toAlliance: 1; valid: (class: (swarm horde)); validAlliances: 3,,,,
Ufo_Shot,chem,,/,/,,,1,1,,,,/,,,Sparker_Shot_Impact,,,/,,18,#REF!,30,40,,,5,2,,/,/,5,50,,,/,,,,/,0.1,/,turret,fovweighted,,,structure; solid; inanimate; extinguishable; radiationImmune,,radiation,unaimed;burstEffect; StopBurstEffectManually;detonateOnSource,,,onHit: None,,,,,,
,,,,,,,,,,,,,,,,,,,,,,,,,,,,,,,,,,,,,,,,,,,,,,,,,,,,,,,,,,
// M11 EXTERMINATOR,,,,,,,,,,,,,,,,,,,,,,,,,,,,,,,,,,,,,,,,,,,,,,,,,,,,,,,,,,
XM11_Irradiator_Shot,chem,,/,InvisiblePassThroughTerrain,,,1,3,Radiation_Beam_Heavy_Fire,,Irradiator_Flash_Thick,Irradiator_Beam_Thick,,,Radiation_Impact,,,/,,40,70,40,70,50,,20,,,7,0.2,40,20,,,100,,,1,0.8,4,/,,,,,structure; solid; inanimate; extinguishable; radiationImmune,,radiation,burstEffect;  friendlyFire,PassThroughTarget,,onHit: PassThroughDamage,,,,,,
XM11_Missile,chem,,/,XM11_Missile,,XM11_Missile_Poison,1,,Missile_V2,,,,,,,Grenade_Explosion_Concussive,,Water_Splash_Small,,200,#REF!,200,80,0,,0,2,,2,0.5,50,,20,2,60,,,1.5,1.5,4,30,soldier Special0,,,,extinguishable,,,indirectFire,AlwaysTargetGround,,onHit: None,,,,,5 0; -5 0,
XM11_Missile_Poison,chem,,/,/,,,1,/,,,,,,,,,,/,,0,#REF!,0,0,,,/,8,,/,/,12,,,,,,,,,,/,,,,,solid; inanimate; extinguishable; fireproof; radiationImmune,,scorching,unaimed;indirectFire;noBlastReduction;detonateOnSource;noModifierBonus;stealthFire,,,onHit: None,duration: 10; damage: 25,,,,,
Radiation_Bomb,chem,,/,Radiation_Bomb,,Radiation_Bomb_Radiation,1,,BombWhistle,,,,,Radiation_Bomb_Impact,,Grenade_Explosion_Concussive,,Water_Splash_Small,,120,#REF!,200,40,20,,50,5,3,1,/,40,,20,max: 2,15,,,1.5,1.5,4,80,,,,,extinguishable,,,indirectFire,AlwaysTargetGround,,onHit: None,,,,,,
Radiation_Bomb_Radiation,chem,,/,/,,,1,/,,,,,,,,,,/,,0,#REF!,10,0,,,/,16,,/,/,1,,,,,,,,,,/,,,,,solid; inanimate; extinguishable; fireproof; radiationImmune,,hidden,friendlyFire;noBlastReduction;noModifierBonus;stealthFire;ignoreArmor,,,onHit: None,,,,,,
,,,,,,,,,,,,,,,,,,,,,,,,,,,,,,,,,,,,,,,,,,,,,,,,,,,,,,,,,,
// MISSILE SILO,,,,,,,,,,,,,,,,,,,,,,,,,,,,,,,,,,,,,,,,,,,,,,,,,,,,,,,,,,
Silo_Missile_Nuke,chem,,/,Silo_Missile_Nuke,,,1,/,/,,Silo_Missile_Charge,Silo_Missile_Fire,,,,Tactical_Nuke,,Water_Splash_Large,,1000,#REF!,1000,200,60,,150,16,,/,/,1000,,,max: 1,70,1,4,4,3,13,100,,,,,solid; extinguishable,extinguishable,explosive,indirectFire;noModifierBonus;forceStun;longStun; unaimed; friendlyFire; hasAbilityDestinationMarker,,,onHit: None,,,,,,
Silo_Missile_Chemical,chem,,/,Silo_Missile_Chemical,,Missile_Gas_Cloud,1,,/,,Silo_Missile_Charge,Silo_Missile_Fire,,,,Rocket_APHE,,Water_Splash_Large,,100,#REF!,100,60,,,80,3,,/,/,1000,,,max: 1,60,1,,4,/,6.5,50,soldier special0,,,,extinguishable,,,indirectFire;unaimed; friendlyFire; hasAbilityDestinationMarker,,,onHit: None,,,,,,
Silo_Missile_Cluster,chem,,/,Silo_Missile_Cluster,,,1,,/,,Silo_Missile_Charge,Silo_Missile_Cluster_Fire,,,,Silo_Missile_Cluster_Explosion,,Water_Splash_Small,,200,#REF!,200,70,,,80,10,,5,0.5,1000,,,max: 1,30,1,,4,3,20,50,soldier special1,,,,extinguishable,,,indirectFire;unaimed; friendlyFire; hasAbilityDestinationMarker,,,onHit: None,,,,,0 0; 0 9.6; -9.5 2.3; 9.5 2.3; -5 -8; 5  -8,
,,,,,,,,,,,,,,,,,,,,,,,,,,,,,,,,,,,,,,,,,,,,,,,,,,,,,,,,,,
// TERRITORY OBJECTIVES,,,,,,,,,,,,,,,,,,,,,,,,,,,,,,,,,,,,,,,,,,,,,,,,,,,,,,,,,,
Dart_Launcher_Shot,chem,,/,Dim_Dart_Projectile,,,1,,,,DIM_Launch,,,,Autocannon_Hit,,,Water_Splash_Tiny,,#VALUE!,#VALUE!,/,/,,,/,,,/,/,10000,,,/,40,/,/,4,60,64,10,soldier special0,,,,,,,indirectFire;unaimed,,,onHit: DetonateOnTargetOnly,,,range: 500,,,
,,,,,,,,,,,,,,,,,,,,,,,,,,,,,,,,,,,,,,,,,,,,,,,,,,,,,,,,,,
// TAC FIGHTER,,,,,,,,,,,,,,,,,,,,,,,,,,,,,,,,,,,,,,,,,,,,,,,,,,,,,,,,,,
Gas_Blast,chem,,/,/,,Insecticide_Gas_Blast,1,,M11_Jet_Blast,,,,,,,,,/,,#VALUE!,#VALUE!,/,/,/,,/,/,,/,/,/,,,,,,,/,2,2,/,,,,,solid; extinguishable,,,unaimed,,,,,,,,,
,,,,,,,,,,,,,,,,,,,,,,,,,,,,,,,,,,,,,,,,,,,,,,,,,,,,,,,,,,
// MISSILE BATTERY,,,,,,,,,,,,,,,,,,,,,,,,,,,,,,,,,,,,,,,,,,,,,,,,,,,,,,,,,,
Missile_Battery_Shot,chem,,/,Rocket_Blue,,,1,,Missile_V2,,,Missile_Launch,,,Cannon_Hit,Rocket_APHE,,Water_Splash_Small,,100,#REF!,100,110,30,,/,4,,4,0.3,40,,10,max: 5,25,,,0.6,0.5,5.2,10,turret,fovweighted,,,solid; extinguishable,,,indirectFire;unaimed,AlwaysTargetGround,,onHit: None,,,,,,
,,,,,,,,,,,,,,,,,,,,,,,,,,,,,,,,,,,,,,,,,,,,,,,,,,,,,,,,,,
// DRUGGED BUGS,,,,,,,,,,,,,,,,,,,,,,,,,,,,,,,,,,,,,,,,,,,,,,,,,,,,,,,,,,
Drugged_Pupae_Claws,chem,,/,/,,,,,Claw,,,,,,,,,/,,2,#REF!,10,20,20,,,,,2,0.5,/,,/,,,,,0.5,0.5,1.5,/,,,,,extinguishable; meleeImmune,,,,,,,,,,,,
Drugged_Warrior_Claws,chem,,/,/,,,,,Claw,,,,,,,,,/,,12,#REF!,30,30,30,,50,,,/,/,/,,/,,,,,0.3,0.5,1,/,,,,,extinguishable; meleeImmune,,,,,,,,,,,,
Drugged_Tiger_Claws,chem,,/,/,,,,,Claw,,,,,,,,,/,,27,#REF!,45,40,40,,50,,,/,/,/,,,,,,,0.7,1.3,2,/,,,,,extinguishable; meleeImmune,,,,,,,,,,,,
Drugged_Tiger_Explosion,chem,,/,/,,,,/,,,,,,,,Grenade_Explosion_Concussive,,Water_Splash_Small,,40,#REF!,100,30,20,,50,3,,/,/,20,,,,,,,,,,20,,,,,solid; extinguishable,,,noModifierBonus,,,,,,,,,
Drugged_Spitter_Spit,chem,,/,Spitter_Spit,Needler_Shot,,,,ATT_SPITTER,,,Spikes_Burst,,,Spit_Impact,Spit_Impact,,Water_Splash_Small,,8,#REF!,20,30,30,5,20,6,,/,/,35,,,max: 1,40,,,2,0.5,2.5,/,,,,,solid; extinguishable,,hidden,spreadFire,,,onHit: DetonateOnTargetOnly,,,,,,
Drugged_Hopper_Claws,chem,,/,/,,,,,ATT_HOP_SLCE,,,Hopper_Strike,,,,,,/,,,,15,20,20,10,100,,,/,/,/,,/,,,,,,/,1.3,/,,,,,solid; armored; airImmune; extinguishable,,,,,,,,,,,,
Drugged_Bombardier_Launch,chem,,/,Bombardier,,Drugged_Bombardier_Blast,1.2,/,,,,Bombardier_Launch,,Bombardier_Sparks,,Grenade_Explosion_Concussive,,Water_Splash_Small,,80,#REF!,80,80,60,,/,1,1,,,15,,10,min: 1; max: 3,25,,,,/,8,20,,,,,extinguishable; meleeImmune,,,friendlyFire;indirectFire;unaimed;onFireRemoveSoldier,,,onHit: None,,,,,,
Drugged_Bombardier_Blast,chem,,/,/,,,1,/,,,,,,,,,,,,30,#REF!,30,80,40,,100,3,,/,/,20,,/,/,/,,,,/,,,,,,,extinguishable; meleeImmune,,,,,,onHit: None,,,,,,
Drugged_Guard_Claws,chem,,/,/,,,,,Claw,,,,,,,,,/,,50,#REF!,50,120,120,,150,2,,/,/,/,,,,,,,0.7,1.8,2.5,/,,,,,extinguishable; meleeImmune,,,,,,,,,,,,
Base_Bombardier_Launch,chem,,/,Bombardier,,Base_Bombardier_Blast,1,/,,,,Bombardier_Launch,,Bombardier_Sparks,,Grenade_Explosion_Concussive,,Water_Splash_Small,,80,#REF!,80,80,60,,/,1,1,,,20,,/,2,25,,,,/,2,20,,,,,extinguishable; meleeImmune,,,indirectFire; unaimed,,,onHit: None,,,,,,
Base_Bombardier_Blast,chem,,/,/,,/,1,/,,,,,,,,,,,,12,#REF!,30,30,40,,100,3,,/,/,20,,/,/,/,,,,/,,,,,,,extinguishable; meleeImmune,,,,,,onHit: None,,,,,,
,,,,,,,,,,,,,,,,,,,,,,,,,,,,,,,,,,,,,,,,,,,,,,,,,,,,,,,,,,
// BUZZER BUG,,,,,,,,,,,,,,,,,,,,,,,,,,,,,,,,,,,,,,,,,,,,,,,,,,,,,,,,,,
Buzzer_Bug_Attack,chem,,/,/,,,,,Claw,,,,,,,,,/,,1.7,2,8.5,20,20,,,,,2,0.5,/,,/,,,,,0.5,0.5,1.5,/,,,,,extinguishable; meleeImmune,,,noBlastReduction,,,,,,,,,
,,,,,,,,,,,,,,,,,,,,,,,,,,,,,,,,,,,,,,,,,,,,,,,,,,,,,,,,,,
// GEIGER BUG,,,,,,,,,,,,,,,,,,,,,,,,,,,,,,,,,,,,,,,,,,,,,,,,,,,,,,,,,,
Geiger_Bug_Attack,chem,,/,/,,,1,/,,,,,,,,,,,,#VALUE!,#VALUE!,/,/,/,,/,/,,/,/,/,,/,/,/,,,,/,,,,,,,extinguishable; meleeImmune,,,onFireKillUnit,,,onHit: None,,,,,,
Geiger_Bug_Explosion,chem,,/,/,,Geiger_Bug_Radiation,1,/,Sparker_bug_fireball_death,,,,,,,Sparker_Explosion,,,,60,#REF!,60,60,60,,120,3,,/,/,1.5,,/,/,/,,,,/,,,,,,,extinguishable; meleeImmune,,,friendlyFire; detonateOnSource; noBlastReduction,,,onHit: None,,,,,,
Geiger_Bug_Radiation,chem,,/,/,,/,1,/,,,,,,,,,,,,8,#REF!,20,30,0,,/,8,,/,/,/,,/,/,/,,,,/,,,,,,,extinguishable; meleeImmune; radiationImmune,,hidden,noBlastReduction,,,onHit: None,,,,,,
,,,,,,,,,,,,,,,,,,,,,,,,,,,,,,,,,,,,,,,,,,,,,,,,,,,,,,,,,,
// BUZZER GRENADIER,,,,,,,,,,,,,,,,,,,,,,,,,,,,,,,,,,,,,,,,,,,,,,,,,,,,,,,,,,
Buzzer_Grenadier_Shot,chem,,/,Orange_Plasma,,,1,,Burster_Death_Explosion,,,Buzzer_Grenadier_Shot,,,Buzzer_Grenadier_Explosion_Small,Buzzer_Grenadier_Explosion_Small,,Water_Splash_Large,,30,#REF!,50,40,20,,20,2,,5,0.01,40,,15,min: 3; max: 8,30,,,1.8,2,5,10,,,,,extinguishable,,,indirectFire; noBlastReduction; burstEffect,,,onHit: None,,,,,-10 -2;-5 -0.8;0 0;5 -0.8;10 -2,
Buzzer_Grenadier_Powershot,chem,,/,Orange_Plasma_Buzzer,,Buzzer_Bug_Launched,1,,,,,,,,Buzzer_Grenadier_Explosion,Buzzer_Grenadier_Explosion,,Water_Splash_Large,,80,#REF!,80,60,30,,50,2,,/,/,45,,15,min: 2; max: 5,30,,,/,/,1,20,,,,,,,,indirectFire; noBlastReduction,,,onHit: None,,,,,,
,,,,,,,,,,,,,,,,,,,,,,,,,,,,,,,,,,,,,,,,,,,,,,,,,,,,,,,,,,
// HYDRA,,,,,,,,,,,,,,,,,,,,,,,,,,,,,,,,,,,,,,,,,,,,,,,,,,,,,,,,,,
Hydra_Shot_Buzzer,chem,,/,Orange_Plasma_Buzzer,,Buzzer_Bug_Launched,1,,Burster_Death_Explosion,,,Buzzer_Grenadier_Shot,,,Buzzer_Grenadier_Explosion,Buzzer_Grenadier_Explosion,,Water_Splash_Large,,100,#REF!,100,60,30,,50,4,,5,0.5,45,,15,min: 3; max: 8,60,,,1.8,2,6.3,20,,,,,extinguishable,,,friendlyFire;spreadFire;indirectFire,AlwaysTargetGround,,onHit: None,,,,,0 0;-5 -2; 5 -2; -5  2;5 2,
Hydra_Wounded_Shot,chem,,/,Orange_Plasma_Large,,,1,,Burster_Death_Explosion,,,Buzzer_Grenadier_Shot,,,Buzzer_Grenadier_Explosion,Buzzer_Grenadier_Explosion,,Water_Splash_Large,,60,#REF!,100,40,20,,20,6,,5,0.5,45,,15,min: 3; max: 8,60,,,1.8,2,6.3,10,,,,,extinguishable,,,friendlyFire;spreadFire;indirectFire,AlwaysTargetGround,,onHit: None,,,,,0 0;-5 -2; 5 -2; -5  2;5 2,
,,,,,,,,,,,,,,,,,,,,,,,,,,,,,,,,,,,,,,,,,,,,,,,,,,,,,,,,,,
Arachnid_Turret_Shot,chem,,/,/,,,,,,,Lava_Geyser_Charge,Lava_Geyser_Eruption,,,,Buzzer_Grenadier_Explosion_Small,,,,40,#REF!,100,30,,,25,1.5,,10,0.2,40,10,,,,,,2,/,10,30,,,,,solid; extinguishable,,scorching,burstEffect; StopBurstEffectManually; unaimed,,,,,,,,,
Arachnid_Turret_Blast,chem,,/,Spitter_Spit,Needler_Shot,,1,3,burstStart: ATT_SCPN_PLAS,,,Plasma_Scorpion_Shot,,,Plasma_Scorpion_Explosion,Plasma_Scorpion_Explosion,,Water_Splash_Small,,1,#REF!,25,5,5,,400,4,,4,0.5,40,10,16,min: 1; max: 2,50,,,1.5,1.33,5,50,,,,,extinguishable; minion,,,friendlyFire;spreadFire;indirectFire; noBlastReduction; unaimed,,,onHit: None,,,,,,
,,,,,,,,,,,,,,,,,,,,,,,,,,,,,,,,,,,,,,,,,,,,,,,,,,,,,,,,,,
// BUG ABILITY WEAPONS,,,,,,,,,,,,,,,,,,,,,,,,,,,,,,,,,,,,,,,,,,,,,,,,,,,,,,,,,,
Buzzer_Grenadier_Pool_Shot,chem,,/,/,,,1,,,,,,,,,,,/,,1,3,20,50,,,/,3,,/,/,4,,,,,,,,/,0.3,/,,,,,solid; extinguishable; acidImmune,,scorching,unaimed;indirectFire;noBlastReduction;detonateOnSource;noModifierBonus;stealthFire,,,,,,,,,
Grenadier_Cluster_Shot,base,,/,Plasma_Grenadier,,,0.5,,ATT_GRENDR,,,Plasma_Burst_Small,,,Plasma_Explosion_Small,Plasma_Explosion_Small,,Water_Splash_Large,,20,#REF!,100,20,10,,50,3,,5,/,35,,16,min: 1; max: 2,25,,,1.5,1.33,10,20,,,,,extinguishable,,,friendlyFire;indirectFire; noBlastReduction,,,onHit: None,,,,,0 0;-5 5; 5 5; 5  -5;-5 -5,
Scorpion_Claw_Crush_Shot,base,,/,/,,,1,/,PlasmaGuard_Melee,,,,,,,,,,,150,#REF!,150,60,,,60,1.5,,/,/,/,,/,/,50,,,0.5,1,2,/,soldier special0,,,,solid; extinguishable,,,noModifierBonus; noBlastReduction,,,,,,,,,
Ravager_Bash_Shot,metro,,/,/,,,1,/,PlasmaGuard_Melee,,,,,,,,,/,,30,#REF!,30,200,,,60,,,/,/,/,,/,/,,,,0.5,0.6,2,/,soldier special0,,,,solid; extinguishable,,,noModifierBonus; noBlastReduction,,,,,,,,,
Immolator_Spew_Shot,lava,,/,Invisible_Shell,,Tanker_Acid_Pool,,,,,Tanker_Spark ,Tanker_Acid,,,,Tanker_Acid_Impact,,/,,35,#REF!,35,80,80,,40,3,,/,/,18,,/,,40,,,1.9,3,6.4,/,,,,,extinguishable,,acid,,AlwaysTargetGround,,onHit: PassThroughDamage,,,,,,
Hydra_Shockwave_Shot,chem,,/,/,,Hydra_Acid_Pool,1,,ATT_TANK_ROAR,,,,,,Hydra_Blast,,,/,,#VALUE!,#VALUE!,/,/,,,/,10,,/,/,30,,,,,,,1,3,4,/,soldier special0,,,,solid; extinguishable; acidImmune,,acid,unaimed;noModifierBonus; noBlastReduction; longStun,,,,,,,,,
Hydra_Acid_Pool_Shot,chem,,/,/,,,1,,,,,,,,,,,/,,3.6,#REF!,20,50,,,/,10,,/,/,10,,,,,,,,/,4,/,,,,,solid; extinguishable; acidImmune,,scorching,unaimed;indirectFire;noBlastReduction;detonateOnSource;noModifierBonus;stealthFire,,,,,,,,,
,,,,,,,,,,,,,,,,,,,,,,,,,,,,,,,,,,,,,,,,,,,,,,,,,,,,,,,,,,
Camera_Shake,base,,/,/,/,,1,,/,,,/,,,/,/,,/,,#VALUE!,#VALUE!,/,/,/,,/,/,,3,1,/,,/,/,/,,,/,/,/,80,,,,,,,,,,,onHit: None,,,,,,
Lingering_Radiation,chem,,/,/,,,1,/,,,,,,,,,,/,,0,#REF!,10,0,,,/,8,,/,/,4,,,,,,,,,,/,,,,,solid; inanimate; extinguishable; fireproof; radiationImmune,,hidden,friendlyFire;noBlastReduction;noModifierBonus;stealthFire;ignoreArmor,,,onHit: None,,,,,,
,,,,,,,,,,,,,,,,,,,,,,,,,,,,,,,,,,,,,,,,,,,,,,,,,,,,,,,,,,
,,,,,,,,,,,,,,,,,,,,,,,,,,,,,,,,,,,,,,,,,,,,,,,,,,,,,,,,,,
,,,,,,,,,,,,,,,,,,,,,,,,,,,,,,,,,,,,,,,,,,,,,,,,,,,,,,,,,,
,,,,,,,,,,,,,,,,,,,,,,,,,,,,,,,,,,,,,,,,,,,,,,,,,,,,,,,,,,
// JUNGLE DLC,,,,,,,,,,,,,,,,,,,,,,,,,,,,,,,,,,,,,,,,,,,,,,,,,,,,,,,,,,
,,,,,,,,,,,,,,,,,,,,,,,,,,,,,,,,,,,,,,,,,,,,,,,,,,,,,,,,,,
,,,,,,,,,,,,,,,,,,,,,,,,,,,,,,,,,,,,,,,,,,,,,,,,,,,,,,,,,,
Jungle_Gunship_Marker_Flare,jungle,,/,Flare,,Jungle_Gunship,1,/,Flare_Launch,,,Grenade_Launcher,,,,Flare_Ignition,,Water_Splash_Small,,#VALUE!,#VALUE!,/,/,,,/,/,,/,/,20,,/,/,20,,,0.5,0.5,2,/,,,,,/,,,indirectFire,,,onHit: None,,,,,,
Jungle_Gunship_Shot,jungle,,/,Tracer_Thick,Tracer_Thick,,1.5,/,Autocannon_V2,,,Howitzer_Shot_Small,,,Autocannon_Hit,Rifle_Grenade_Explosion,,Water_Splash_Tiny,,12,#REF!,30,30,10,,10,/,,2,1,25,8,10,max: 1,120,,,,/,1,/,turret,fovweighted,,,solid; extinguishable,armored,,,,,onHit: None,,,,,,
Reaper_Claws,jungle,,/,/,,,,,Reaper_Attack,,,,,,,,,/,,45,#REF!,45,70,,,50,1.5,,/,/,/,,,,,,,0.5,0.8,1.5,/,,,,,extinguishable,,,,,,,,,,,,
Rippler_Spikes,jungle,,/,Spikes,,,1,0.05,,,,Spikes_Burst,,,Spikes_Impact,Spikes_Impact,,Water_Splash_Tiny,,1,#REF!,30,10,,,,,,4,/,20,,10,max: 1,50,,,,/,4,/,,,,,extinguishable,,,spreadFire;indirectFire,,,,,,,,,
M11_Grenade,jungle,,/,Gas_Canister,,,1,,Chemical_Shot,,,M11_Mortar,,,,MkIII_Grenade_Explosion,,Water_Splash_Small,,80,#REF!,100,50,20,,50,3,,/,/,30,,8,max: 2,40,,,,/,1,5,turret,fovweighted,,,solid; extinguishable,,,spreadFire,,,onHit: None,,,,,,
,,,,,,,,,,,,,,,,,,,,,,,,,,,,,,,,,,,,,,,,,,,,,,,,,,,,,,,,,,
// JUNGLE TROOPERS,,,,,,,,,,,,,,,,,,,,,,,,,,,,,,,,,,,,,,,,,,,,,,,,,,,,,,,,,,
Jungle_Trooper_Shot,jungle,,Morita_Carbine,Tracer,Tracer,,1,/,burstStart: Ranger_Troopers_Attack,,,Muzzle_Flash_4,,,,Bullet_Impact_Dust,Bullet_Impact_Hard,Water_Splash_Tiny,,1,#REF!,8,15,,5,5,,,2,0.3,30,5,/,max: 8; air: 12,78,,,0.3,0.3,1.3,/,,,,,solid; extinguishable,,,burstEffect;spreadFire,,,,,,,,,
Jungle_HMG_Burst,jungle,,/,Tracer,Tracer,,3,,burstStart: M1919MMG,,,Muzzle_Flash_w_Shell,,,Autocannon_Hit,Bullet_Impact_Dust_Heavy,,Water_Splash_Tiny,,,,12,25,,5,/,,,10,0.15,30,5,/,max: 3,100,,,,/,1.5,/,,,,,solid; extinguishable,,,burstEffect,,,,,,,,,
Jungle_Mortar_Shot,jungle,,/,Electro_Mortar,,,0.1,,Jungle_Mortar,,,Grenade_Launcher,,,,Rocket_APHE,,Water_Splash_Small,,150,#REF!,150,150,40,,50,2,,/,/,50,,12,max: 2,40,,,,/,2,5,,,,,solid; extinguishable,,,indirectFire,,,onHit: None,,,,,,
Infiltrator_Flare,jungle,,/,Flare,,Infiltrator,1,/,Flare_Launch,,,Grenade_Launcher,,,,Flare_Ignition,,Water_Splash_Small,,#VALUE!,#VALUE!,/,/,,,/,/,,/,/,30,,/,/,20,,,0.5,0.5,2,/,,,,,/,,,indirectFire,,,onHit: None,,,,,,
Infiltrator_Sniper,jungle,,Morita_Sniper,Tracer_Orange,Tracer_Orange,,1,/,bullet_impact_thump,,,Muzzle_Flash_Single,,,Autocannon_Hit,,,Water_Splash_Tiny,,32,#REF!,80,30,,,30,,,/,/,35,5,10,max: 0.1,150,,,0.75,0.5,1.5,/,,,20,,solid; extinguishable,,,stealthFire,,,,,,,,,
Territory_Base_Artillery_Shot,jungle,,/,Mech_Artillery_Shell,,,0.2,,M11_Howitzer,,,Mech_Mortar_Shot,,,MkIII_Grenade_Explosion,MkIII_Grenade_Explosion,,Water_Splash_Small,,#VALUE!,#VALUE!,100 150,40,10,,/,6,,6,0.6,10000,,20,max: 4,40,,,,/,9,40,turret,fovweighted,,,solid; extinguishable,armored,explosive,friendlyFire; indirectFire; hasAbilityDestinationMarker,,,onHit: None,,,,,0 0; -4 3; 4 3; 2 2; 0 -4; -2 -2,
,,,,,,,,,,,,,,,,,,,,,,,,,,,,,,,,,,,,,,,,,,,,,,,,,,,,,,,,,,
// AIR SUPPORT OPERATOR,,,,,,,,,,,,,,,,,,,,,,,,,,,,,,,,,,,,,,,,,,,,,,,,,,,,,,,,,,
Phosphorus_Bomb,jungle,,/,Barrel_Bomb,,Tear_Gas_Cloud,0.5,,,,,,,,,MkIII_Grenade_Explosion,,Water_Splash_Small,,200,#REF!,200,60,,,/,8,,3,/,11,,,,20,,,,/,0,60,,,,,solid; extinguishable,,scorching,unaimed;friendlyFire;noModifierBonus,,,onHit: None,,,,,,
Phosphorus_Gas,jungle,,/,/,,,1,,,,,,,,,,,/,,18,#REF!,30,40,,,/,4,,/,/,3,,,,,,,,/,0.5,/,,,,,structure; solid; inanimate; gasImmune; extinguishable,,scorching,unaimed;indirectFire;noBlastReduction;detonateOnSource;noModifierBonus;forceStun;stealthFire,,,,,,,,,
Drop_Turret_Container,jungle,,/,Drop_Turret_Container,,Drop_Turret,0.5,,,,,,,,,Bullet_Impact_Dust_Heavy,,Water_Splash_Small,,#VALUE!,#VALUE!,/,/,,,/,/,,/,/,11,,,,20,,,,/,0,10,,,,,solid; extinguishable,,scorching,unaimed;friendlyFire;noModifierBonus,,,onHit: None,,,,,,
Drop_Turret_Shot,jungle,,/,Tracer,Tracer,,1.5,,burstStart: HMG,,,Muzzle_Flash_10,,,,Bullet_Impact_Dust_Heavy,,Water_Splash_Tiny,,7.5,#REF!,15,35,,5,20,,,4,0.15,20,5,,max: 7,104,,,,/,0.6,/,turret,fovweighted,,,solid; extinguishable,,,burstEffect,,,,,,,,,
Tear_Grenade,jungle,,/,Rifle_Grenade,,Tear_Gas_Cloud,1,,Rifle_Grenade,,,Grenade_Launcher,,,,Rifle_Grenade_Explosion,,Water_Splash_Small,,1,#REF!,,,,,/,,,/,/,15,,/,max: 3,20,,,0.5,1,15.5,/,,,,,structure; solid; inanimate; extinguishable,,,spreadFire,,,onHit: None,,,,,,
Tear_Gas,jungle,,/,/,,,1,,,,,,,,,,,/,,#VALUE!,#VALUE!,/,/,,,50,4,,/,/,3,,,,,,,,/,0.5,/,,,,,structure; solid; inanimate; gasImmune; extinguishable,,hidden,unaimed;indirectFire;noBlastReduction;detonateOnSource;noModifierBonus;forceStun;stealthFire,,,,,,,,,
,,,,,,,,,,,,,,,,,,,,,,,,,,,,,,,,,,,,,,,,,,,,,,,,,,,,,,,,,,
// GRENADE TROOPERS,,,,,,,,,,,,,,,,,,,,,,,,,,,,,,,,,,,,,,,,,,,,,,,,,,,,,,,,,,
Jungle_Grenade,jungle,,/,Jungle_Grenade,,,1.2,/,,,,G.Trooper_Grenade_Throw,,Bullet_Impact_Dust,,G.Trooper_Grenade_Explosion,,Water_Splash_Small,,64,#REF!,80,50,30,,60,2.5,0.4 hideTimer,/,/,25,,8,max: 1.5,25,,,0.9,1,1.9,10,,,,,solid; extinguishable,,,indirectFire; spreadFire;constantFireRate;noBlastReduction,,,onHit: None,,,,,,
Jungle_Grenade_Bag_Shot,jungle,,/,/,,,1,,,,,/,,,,Rocket_APHE,,,,90,#REF!,150,40,30,,80,4,,/,/,/,,,,,,,,/,0,20,,,,,solid; extinguishable,,,friendlyFire;noModifierBonus;noBlastReduction,,,,,,,,,
Grenade_Trooper_Death,jungle,,/,/,,,1,,,,,/,,,,Grenade_Trooper_Explosion,,,,96,#REF!,120,50,20,,80,4,,/,/,/,,,,,,,,/,0,20,,,,,solid; extinguishable,,,noModifierBonus;noBlastReduction,,,,,,,,,
Flare_Grenade_Throw,jungle,,/,Sensor_Flare,,Flare_Grenade,1,/,,,,G.Trooper_Grenade_Throw,,,,Flare_Ignition,,Water_Splash_Small,,#VALUE!,#VALUE!,/,/,,,/,/,,/,/,20,,/,/,30,,,,/,2.6,/,,,,,/,,,indirectFire,,,onHit: None,,,,,,
Flare_Grenade_Explosion,jungle,,/,/,,,,,,,,,,,,Grenade_Explosion_Concussive,,,,,,/,/,,,200,5,,/,/,/,,,/,/,,,,/,0,/,,,,,solid; massive; extinguishable,,,longStun; forceStun; noBlastReduction; friendlyFire,,,,,,,,,
Grenade_Drone_Bomb,jungle,,/,Gas_Canister,,,1,,/,,,/,,,,MkIII_Grenade_Explosion,,Water_Splash_Small,,32,#REF!,80,30,20,,50,3,,5,0.2,0.1,,/,max: 0.3,10,,,/,/,2.3,/,,,,,solid; extinguishable,,,indirectFire; unaimed,,,onHit: None,,,,,,
Grenade_Drone_Suicide,jungle,,/,/,,,1,,,,,/,,,,Rocket_APHE,,,,90,#REF!,150,40,30,,80,4,,/,/,/,,,,,,,,/,0,20,,,,,solid; extinguishable,,,noModifierBonus;noBlastReduction; onFireKillUnit,,,,,,,,,
Jungle_Grenade_Volley,jungle,,/,Jungle_Grenade,,,1,/,,,,,,,,Frag_Grenade_Explosion,,Water_Splash_Small,,80,#REF!,100,50,30,,30,6,0.5 hideTimer,/,/,20,,10,max: 6,40,,,0.3,/,0.8,10,,,,,solid; extinguishable,,,friendlyFire;indirectFire;noModifierBonus;spreadFire,,,onHit: None,,,,,,
Grenade_Drone_Homing,jungle,,/,Jungle_Grenade_Drone,,,1,/,Grenade_Troopers_Drone_Launch,,,,,,,Frag_Grenade_Explosion,,Water_Splash_Small,,240,#REF!,300,50,30,,100,4,,/,/,45,,10,,10,,,0,0.5,0.5,10,,,,200,solid; extinguishable,armored,,forceStun,,,onHit: None,,,,,,
,,,,,,,,,,,,,,,,,,,,,,,,,,,,,,,,,,,,,,,,,,,,,,,,,,,,,,,,,,
// SAWMASTER,,,,,,,,,,,,,,,,,,,,,,,,,,,,,,,,,,,,,,,,,,,,,,,,,,,,,,,,,,
Chainsaw_Mech_Attack,jungle,,/,/,,,,,burstStart: Saw_Master_Attack,,,Circle_Saw_Shot,,,,,,/,,12,#REF!,20,40,20,,/,1,,3,0.3,4.5,,/,,,,,/,/,0.9,/,turret,fovweighted,,,solid; extinguishable,,,burstEffect; noBlastReduction,,,,,,,,,
Saw_Blade,jungle,,/,Saw_Blade,,,1.5,2,Saw_Master_Blade_Eject_0,,,Circle_Saw_Shot,,,Autocannon_Hit,Saw_Blade_Explosion,,Water_Splash_Tiny,,200,#REF!,200,60,30,,,,,/,/,40,,/,,40,,,1,1,2,/,soldier special1,,,,solid; extinguishable,,explosive,friendlyFire,,,onHit: PassThroughDamage,,,,,,
SawMaster_Spin_Shot,jungle,,/,/,,,1,,Saw_Master_Spin,,,,,,Shockwave_Small,,,/,,#VALUE!,#VALUE!,30 50,20,10,/,30,8,,/,/,4.5,,,,,,,,1,0.2,/,soldier special0,,,,solid; extinguishable,,explosive,unaimed;indirectFire;noBlastReduction;detonateOnSource;noModifierBonus;forceStun;stealthFire,,,,,,,,,
Sawmaster_Drone_Shot,jungle,,/,/,,,,,Police_Drone_Attack,,,Drone_Sparks,,,,,,/,,4,#REF!,10,30,,,10,/,,/,/,/,,,,,,,/,/,2,5,,,,,extinguishable; structure,,,spreadFire,,,,,,,,,
,,,,,,,,,,,,,,,,,,,,,,,,,,,,,,,,,,,,,,,,,,,,,,,,,,,,,,,,,,
BushTrimmer_Shot,jungle,,/,/,,,,,Police_Drone_Attack,,,Drone_Sparks,,,,,,/,,1,#REF!,10,10,,,10,/,,/,/,/,,,,,,,/,/,2,5,,,,,extinguishable; structure,,,spreadFire,,,,,,,,,
,,,,,,,,,,,,,,,,,,,,,,,,,,,,,,,,,,,,,,,,,,,,,,,,,,,,,,,,,,
// M4 HOVER MORTAR,,,,,,,,,,,,,,,,,,,,,,,,,,,,,,,,,,,,,,,,,,,,,,,,,,,,,,,,,,
Hover_Mortar_Shot,jungle,,/,Thumper_Shell,,,1,,M11_Mortar,,,M11_Mortar,,,,M11_Mortar_Explosion,,Water_Splash_Small,,6,#REF!,60,15,5,,50,5,,/,/,35,,15,max: 4,30,,,1.35,0.65,2,10,turret,fovweighted,,,extinguishable,,,indirectFire;noBlastReduction,Scorpion,,onHit: None,,,,,,
Hover_Mortar_ATGM,jungle,,/,Hover_Mortar_ATGM ,,,1,,Missile,,,,,,Fireball,Fireball,,Water_Splash_Large,,,,100,100,10,,/,2,,/,/,40,,10,,20,,,2,1,5,30,soldier special0,,,200,solid; extinguishable,,,forceStun,,,,,,,,,
Hover_Mortar_Napalm_Shot,jungle,,/,Sky_Grenade,,Napalm_Dispenser,1,/,M11_Mortar,,,M11_Mortar,,Bullet_Impact_Dust,,Grenade_Explosion_Concussive,,Water_Splash_Small,,#VALUE!,#VALUE!,/,/,/,25,150,5,,/,/,25,,7,max: 0.5,20,,,,/,3,40,,,,,solid; extinguishable,,,indirectFire;forceStun;longStun;noModifierBonus,,,onHit: None,,,,,,
Napalm_Pool_Shot,jungle,,/,/,,,1,,,,,,,,,,,/,,1,3,6,20,,,50,3,,/,/,4,,,,,,,,/,0.3,/,,,,,solid; extinguishable; fireproof; ,,scorching,unaimed;indirectFire;noBlastReduction;detonateOnSource;noModifierBonus;forceStun;stealthFire,,,,,,,,,
Hover_Mortar_Flare_Shot,jungle,,/,Sky_Grenade,,Flare_Bomb,1,/,M11_Mortar,,,M11_Mortar,,Bullet_Impact_Dust,,Grenade_Explosion_Concussive,,Water_Splash_Small,,#VALUE!,#VALUE!,/,/,/,25,150,5,,/,/,30,,7,max: 0.5,20,,,,/,3,40,turret,,,,solid; extinguishable,,,indirectFire;forceStun;longStun;noModifierBonus,,,onHit: None,,,,,,
Hover_Mortar_Bomb,jungle,,/,Hover_Mortar_Bomb,,,1,,,,,,,,Fireball_Heavy,Fireball_Heavy,,Water_Splash_Small,,200,#REF!,200,60,40,,70,8,,4,/,11,,,,10,,,,/,0,60,,,,,structure; solid; extinguishable,,scorching,unaimed;friendlyFire;noModifierBonus,,,onHit: None,,,,,,
,,,,,,,,,,,,,,,,,,,,,,,,,,,,,,,,,,,,,,,,,,,,,,,,,,,,,,,,,,
Jungle_MG_Turret_Burst,jungle,,/,Tracer,Tracer,,2,,burstStart: M1919MMG,,,Muzzle_Flash_8,,,Autocannon_Hit,Bullet_Impact_Dust_Heavy,,Water_Splash_Tiny,,,,12,25,,5,/,,,10,0.15,20,5,/,max: 3,100,,,,/,2.5,/,turret,fovweighted,,,solid; extinguishable,,,burstEffect,,,,,,,,,
Jungle_MG_Turret_Powershot,jungle,,/,Grenade,,,1.2,/,,,,G.Trooper_Grenade_Throw,,Bullet_Impact_Dust,,G.Trooper_Grenade_Explosion,,Water_Splash_Small,,64,#REF!,80,50,30,,60,2.5,0.4 hideTimer,/,/,15,,6,max: 4,25,,,,/,6,10,,,,,solid; extinguishable,,,indirectFire; noBlastReduction; unaimed; spreadFire,,,onHit: None,,,,,,
,,,,,,,,,,,,,,,,,,,,,,,,,,,,,,,,,,,,,,,,,,,,,,,,,,,,,,,,,,
// M6 ONTOS,,,,,,,,,,,,,,,,,,,,,,,,,,,,,,,,,,,,,,,,,,,,,,,,,,,,,,,,,,
Mech_Ontos_Burst,jungle,,/,Shell_Tracer,Shell_Tracer,,0.09,/,Longsword_Attack,,,Recoilless_Rifle_Shot,,,Rifle_Grenade_Explosion,Rifle_Grenade_Explosion,,Water_Splash_Tiny,,170,#REF!,170,69,25,,20,/,,4,0.2,40,/,/,/,80,,,0.2,/,3.8,5,turret,fovweighted,10,,solid; extinguishable,,,,,,,,,,,,
Mech_Ontos_Deployed_Shot,jungle,,/,Rifle_Grenade,Shell_Tracer,,0.09,/,Longsword_Attack,,,Recoilless_Rifle_Shot,,,Rifle_Grenade_Explosion,Rifle_Grenade_Explosion,,Water_Splash_Tiny,,170,#REF!,170,69,25,80,50,2,,/,/,25,/,/,max: 1,50,,,0.2,/,1,5,turret,fovweighted,10,,solid; extinguishable,,,,,,,,,,,,
Ontos_Ripper_Burst,jungle,,/,Ripper_Tracer,,,1,5,Ripper_Blast,,,Ripper_Flash,,,,,,/,,#VALUE!,#VALUE!,80 120,80,,,50,,,4,0.5,12,4,,,80,,,1,/,2.5,/,,,,,solid; extinguishable,,,friendlyFire,,,onHit: PassThroughDamage,,,,,,
Mech_Ontos_Barrage,jungle,,/,Invisible_Shell,,,1,,Ripper_Blast,,,Ripper_Flash,,,,MkIII_Grenade_Explosion,,Water_Splash_Small,,160,#REF!,200,50,10,,20,5,,4,0.3,10,,/,/,100,,,,/,4.9,10,,,,,solid; extinguishable,,,indirectFire,,,onHit: None,,,,,0 0;0 6;0 12;0 18,
Mech_Ontos_Tripod_Launch,jungle,,/,Invisible_Shell,,Mech_Ontos_Tripod,1,/,,,,,,,,,,,,#VALUE!,#VALUE!,/,/,,,/,1.5,,4,/,30,,/,/,200,,,/,/,1.5,/,,,,,/,,,indirectFire;unaimed,,,onHit: None,,,,,-7.5 -0.5;-2.5 0;2.5 0;7.5 -0.5,
Mech_Ontos_Tripod_Shot,jungle,,/,Shell_Tracer,Shell_Tracer,,0.09,/,Longsword_Attack,,,Recoilless_Rifle_Shot,,,Rifle_Grenade_Explosion,Rifle_Grenade_Explosion,,Water_Splash_Tiny,,170,#REF!,170,69,25,,20,/,,/,/,40,/,/,/,80,,,0.2,/,2.2,5,,,,,solid; extinguishable,,,,,,,,,,,,
,,,,,,,,,,,,,,,,,,,,,,,,,,,,,,,,,,,,,,,,,,,,,,,,,,,,,,,,,,
// M9 MORTAR MECH,,,,,,,,,,,,,,,,,,,,,,,,,,,,,,,,,,,,,,,,,,,,,,,,,,,,,,,,,,
Mech_Artillery_Shot,jungle,,/,Mech_Artillery_Shell,,,0.2,,M11_Howitzer,,,M9_Minotaur_Shot,,,G.Trooper_Grenade_Explosion,G.Trooper_Grenade_Explosion,,Water_Splash_Small,,60,#REF!,100,40,20,,30,3,,2,1,50,,16,max: 5,30,,,0.5,0.5,2,30,turret,fovweighted,30,,extinguishable,,explosive,indirectFire,AlwaysTargetGround,,,,,,,,
Mech_Artillery_Direct_Shot,jungle,,/,Shell_Tracer,,,0.2,,M11_Howitzer,,,M9_Minotaur_Shot,,,G.Trooper_Grenade_Explosion,G.Trooper_Grenade_Explosion,,Water_Splash_Small,,60,#REF!,100,40,20,,30,3,,4,0.4,35,,6,max: 2,60,,,0.5,0.5,3,30,turret,fovweighted,30,,extinguishable,,explosive,,,,,,,,,,
,,,,,,,,,,,,,,,,,,,,,,,,,,,,,,,,,,,,,,,,,,,,,,,,,,,,,,,,,,
// M23-T COMBAT CAB,,,,,,,,,,,,,,,,,,,,,,,,,,,,,,,,,,,,,,,,,,,,,,,,,,,,,,,,,,
Combat_Cab_Shot,jungle,,/,Tracer,Tracer,,2,, Auto_Turret_Shot,,,M11_Mortar,,,Autocannon_Hit,Autocannon_Hit,,Water_Splash_Tiny,,30,#REF!,30,60,10,10,10,,,6,0.15,25,5,,max: 3,104,,,0,/,2.25,/,turret,fovweighted,,,extinguishable,,,,,attacksToOverheat: 5; cooldownTime: 5,,,,,,,
Combat_Cab_Mortar_Shot,jungle,,/,Electro_Mortar,,,0.2,,M11_Mortar,,,M11_Mortar,,,,M11_Mortar_Explosion,,Water_Splash_Small,,6,#REF!,60,15,5,,50,5,,5,0.5,35,,15,max: 4,30,,,,/,7,10,turret,fovweighted,,,extinguishable,,,indirectFire;noBlastReduction,Scorpion,,onHit: None,,,,,,
Combat_Cab_Flamethrower_Shot,jungle,,/,Invisible,,,1,4,burstStart: M11_Flamethrower,,,Flamethrower_Turret,,,,/,,/,,12,#REF!,60,20,,,50,,,10,0.2,16,2,/,,40,,,,/,4.8,/,turret,fovweighted,,,solid; extinguishable,flammable,scorching,burstEffect; StopBurstEffectManually,,,onHit: PassThroughDamage,,,,,,
,,,,,,,,,,,,,,,,,,,,,,,,,,,,,,,,,,,,,,,,,,,,,,,,,,,,,,,,,,
Heavy_Jungle_Trooper_Burst,jungle,,/,Tracer,Tracer,,1.5,,burstStart: Morita_MkII,,,Muzzle_Flash_4,,,,Bullet_Impact_Dust,,Water_Splash_Tiny,,14,#REF!,14,60,,4,10,,,3,0.3,30,10,,max: 5,100,,,0.2,0.3,1.5,/,,,,,solid; extinguishable,,,spreadFire,,,,,,,,,
,,,,,,,,,,,,,,,,,,,,,,,,,,,,,,,,,,,,,,,,,,,,,,,,,,,,,,,,,,
// POWER SNIPER,,,,,,,,,,,,,,,,,,,,,,,,,,,,,,,,,,,,,,,,,,,,,,,,,,,,,,,,,,
PS_Sniper,jungle,,/,Indirect_Bullet,,,1,,Autocannon_V2,,,Recoilless_Rifle_Shot,,,Autocannon_Hit,Bullet_Impact_Dust,,Water_Splash_Tiny,,150,#REF!,150,60,,,50,,,/,/,60,,/,/,80,,,1,0.5,3,/,,,,,solid; extinguishable,,,,,,onHit: DetonateOnTargetOnly,,,,,,
PS_Sniper_Focused_Shot,jungle,,/,Indirect_Bullet,,,1,,Autocannon_V2,,,Recoilless_Rifle_Shot,,,Autocannon_Hit,Bullet_Impact_Dust,,Water_Splash_Small,,300,#REF!,300,60,,,150,,,/,/,60,,/,/,200,,,1,0.5,3,/,,,10,,solid; extinguishable,,,,,,onHit: DetonateOnTargetOnly,,,,,,
,,,,,,,,,,,,,,,,,,,,,,,,,,,,,,,,,,,,,,,,,,,,,,,,,,,,,,,,,,
Armed_Skyhook_Gatling,jungle,,/,Tracer,Tracer,,2,/,burstStart: MG34LMG,,,Minigun_Muzzle_Flash,,,Autocannon_Hit,Rifle_Grenade_Explosion,,Water_Splash_Tiny,,1,#REF!,2,10,,3,40,,,3,0.104,25,10,,min: 6; max: 12; air: 12,120,,,,/,0.312,/,turret,fovweighted,,,solid; extinguishable,armored,,,,attacksToOverheat: 10; cooldownTime: 2,,,,,,,
,,,,,,,,,,,,,,,,,,,,,,,,,,,,,,,,,,,,,,,,,,,,,,,,,,,,,,,,,,
// PLATFORM GUNSHIP,,,,,,,,,,,,,,,,,,,,,,,,,,,,,,,,,,,,,,,,,,,,,,,,,,,,,,,,,,
Invisible_Gunship_Arrival_Shot,jungle,,/,Invisible_Shell_High,,Deployed_Gunship,1,/,/,,Silo_Missile_Charge,,,,,,,,,#VALUE!,#VALUE!,/,/,/,/,/,/,,/,/,1000,,,max: 1,70,,,4,/,13,/,,,,,solid; extinguishable,extinguishable,,indirectFire;noModifierBonus;forceStun;longStun; unaimed; friendlyFire; hasAbilityDestinationMarker; detonateOnWater,,,onHit: None,,,,,,
Platform_Gunship_HMG_Shot,jungle,,/,Tracer,Tracer,,2,/,burstStart: HMG,,,Turret_Muzzle_Flash,,,Bullet_Impact_Dust_Heavy,Bullet_Impact_Dust_Heavy,,Water_Splash_Tiny,,6,#REF!,10,40,,,40,,,3,0.104,25,10,,max: 20,120,,,,/,0.312,/,turret,fovweighted,,,solid; extinguishable,armored,,,,,,,,,,,
Platform_Gunship_Missile_Shot,jungle,,/,Gunship_Rocket,,,1,/,Missile_Mech_Rocket,,,Gunship_Rocket_Shot,,,Rocket_APHE,Rocket_APHE,,Water_Splash_Tiny,,100,#REF!,100,60,,,30,4,,/,/,60,10,,max: 2,55,,,,/,2.4,10,turret,fovweighted,,,solid; extinguishable,armored,,indirectFire;noModifierBonus,,,,,,,,,
,,,,,,,,,,,,,,,,,,,,,,,,,,,,,,,,,,,,,,,,,,,,,,,,,,,,,,,,,,
// MARAUDER MK.II,,,,,,,,,,,,,,,,,,,,,,,,,,,,,,,,,,,,,,,,,,,,,,,,,,,,,,,,,,
MkII_Minigun,jungle,,/,Tracer_Orange,Tracer_Orange,,1.5,,burstStart: MG34LMG,,,Minigun_Muzzle_Flash,,,Stinger_Shot_Hit,Bullet_Impact_Dust_Heavy,,Water_Splash_Tiny,,4.8,#REF!,8,40,,5,20,,,4,0.1,35,10,,max: 3; air: 5,120,,,,/,0.4,/,turret,fovweighted,30,,solid; extinguishable,,,burstEffect,,,,,,,,,
MkII_Minigun_Hover,jungle,,/,Tracer_Orange,Tracer_Orange,,1.5,,burstStart: MG34LMG,,,Minigun_Muzzle_Flash,,,Stinger_Shot_Hit,Bullet_Impact_Dust_Heavy,,Water_Splash_Tiny,,6,#REF!,10,40,,5,20,,,4,0.1,40,10,,max: 3; air: 3,120,,,,/,0.4,/,,,,,solid; extinguishable,,,burstEffect,,,,,,,,,
MkII_Chainsaw,jungle,,,,,,,,,,,,,,,,,/,,,,20,/,,10,100,2,,,,/,,,,,,,,/,,/,,,,,solid; extinguishable,,,burstEffect;indirectFire,,,,,,,,,
MkII_Missile,jungle,,/,Rocket,,,1,,Missile,,,M11_Mortar,,,Fireball,Fireball,,Water_Splash_Large,,,,100,40,,,,5,,6,0.26,40,,20,/,39,,,1.5,1,9.3,40,soldier special0,,,,solid; extinguishable,,explosive,friendlyFire;indirectFire;noModifierBonus,,,onHit: None,,,,,-10 0;-5 0;0 0;5 0;10 0,
MkII_Missile_v2,jungle,,/,Rocket,,,1,,Missile,,,M11_Mortar,,,Fireball,Fireball,,Water_Splash_Large,,,,100,40,,,,5,,6,0.26,40,,20,/,39,,,1.5,1,9.3,40,soldier special0,,,,solid; extinguishable,,explosive,friendlyFire;indirectFire;noModifierBonus,,,onHit: None,,,,,-10 0;-5 0;0 0;5 0;10 0,
MkII_Grenade,jungle,,/,Gas_Canister,,,1,,Chemical_Shot,,,M11_Mortar,,,,MkIII_Grenade_Explosion,,Water_Splash_Small,,56,#REF!,70,50,20,,50,3,,2,0.5,40,,8,max: 2,50,,,,/,1,20,,,,,solid; extinguishable,,,,,,onHit: None,,,,,,
,,,,,,,,,,,,,,,,,,,,,,,,,,,,,,,,,,,,,,,,,,,,,,,,,,,,,,,,,,
// TUNNELER,,,,,,,,,,,,,,,,,,,,,,,,,,,,,,,,,,,,,,,,,,,,,,,,,,,,,,,,,,
Tunneler_Surfaced_Claw,jungle,,/,/,,,,,Claw,,,,,,,,,/,,12,#REF!,30,30,30,,50,,,/,/,/,,/,,,,,0.75,0.75,1.5,/,,,,,extinguishable; meleeImmune,,,,,,,,,,,,
Tunneler_Burrowed_Claw,jungle,,/,/,,,,,,,,,,,,,,/,,#VALUE!,#VALUE!,/,/,/,,/,,,/,/,0.5,,/,,,,,/,/,10,/,,,,,extinguishable; meleeImmune; stealthFire,,hidden,,,,,,,,,,
,,,,,,,,,,,,,,,,,,,,,,,,,,,,,,,,,,,,,,,,,,,,,,,,,,,,,,,,,,
// SCARAB,,,,,,,,,,,,,,,,,,,,,,,,,,,,,,,,,,,,,,,,,,,,,,,,,,,,,,,,,,
Turtle_Claws,jungle,,/,/,,,,,Scarab_Bite,,,,,,,,,/,,48,#REF!,80,40,40,,50,,,/,/,/,,/,,,,,0.7,0.5,2.7,/,,,,,extinguishable,,,,,,,,,,,,
,,,,,,,,,,,,,,,,,,,,,,,,,,,,,,,,,,,,,,,,,,,,,,,,,,,,,,,,,,
// SCARAB SPITTER,,,,,,,,,,,,,,,,,,,,,,,,,,,,,,,,,,,,,,,,,,,,,,,,,,,,,,,,,,
Turtle_Spitter_Death,jungle,,/,/,,Scarab_Bugs,,,,,,,,,,,,/,,#VALUE!,#VALUE!,/,/,/,,/,/,,/,/,/,,,,,,,,/,1,50,,,,,extinguishable,,,,,,,,,,,,
Turtle_Spitter_Armored_Spit,jungle,,/,Spitter_Spit,Needler_Shot,,,,burstStart: Scarab_Spiter_Attack,,,Spikes_Burst,,,Spit_Impact,Spit_Impact,,Water_Splash_Small,,3,#REF!,5,40,40,20,20,6,,4,/,20,,,max: 4,40,,,0.1,1.8,3.1,/,,,,,solid; extinguishable,,hidden,spreadFire,,,onHit: None,,,,,,
Turtle_Spitter_Spit,jungle,,/,Spitter_Spit,Needler_Shot,,,,burstStart: Scarab_Spiter_Attack,,,Spikes_Burst,,,Spit_Impact,Spit_Impact,,Water_Splash_Small,,3,#REF!,5,40,40,20,20,6,,4,/,25,,,max: 3,40,,,0.1,1.8,2.1,/,,,,,solid; extinguishable,,hidden,spreadFire,,,onHit: None,,,,,,
,,,,,,,,,,,,,,,,,,,,,,,,,,,,,,,,,,,,,,,,,,,,,,,,,,,,,,,,,,
// VENATOR BUG,,,,,,,,,,,,,,,,,,,,,,,,,,,,,,,,,,,,,,,,,,,,,,,,,,,,,,,,,,
Venator_Claws,jungle,,/,/,,,,,Venator_MelleeAttack,,,,,,,,,/,,40,#REF!,40,60,60,,20,1,,/,/,/,,/,,,,,0.7,1,2.2,/,,,,,extinguishable,,,,,,,,,,,,
Venator_Jump_Impact,jungle,,/,/,,Venator_Jump_Shock,,,,,,,,,,Venator_Jump_Impact,,/,,36,#REF!,60,40,40,,/,2,,/,/,/,,,,,,,/,1.5,2,70,,,,,solid; extinguishable,,,friendlyFire;unaimed;noModifierBonus;noSelfDamage; noBlastReduction,,,,,,,,,
Venator_Jump_Shock,jungle,,/,/,,,,,,,,,,,,,,/,,#VALUE!,#VALUE!,/,/,/,,200,5,,/,/,/,,,,,,,/,/,0,/,,,,,solid; extinguishable,,,friendlyFire;unaimed;noModifierBonus;noSelfDamage; noBlastReduction;longStun,,,,,,,,,
Venator_Death,jungle,,/,/,,,,,,,,,,,,Venator_Jump_Impact,,/,,#VALUE!,#VALUE!,/,/,/,,200,4,,/,/,/,,,,,,,/,/,0,/,,,,,solid; extinguishable,,,friendlyFire;unaimed;noModifierBonus;noSelfDamage; noBlastReduction;longStun,,,,,,,,,
Venator_Spit,jungle,,/,Venator_Spit,,,,,burstStart: Venator_Attack,,,Spikes_Burst,,,,Venator_Shot_Pool,,Water_Splash_Small,,12,#REF!,20,40,40,,50,2,,4,/,12,,,max: 1,40,,,0.1,1.8,3.1,/,,,,,solid; extinguishable,,hidden,forceStun; longStun,,,onHit: None,,,,,,
,,,,,,,,,,,,,,,,,,,,,,,,,,,,,,,,,,,,,,,,,,,,,,,,,,,,,,,,,,
// KING TANKER,,,,,,,,,,,,,,,,,,,,,,,,,,,,,,,,,,,,,,,,,,,,,,,,,,,,,,,,,,
King_Tanker_Claws,jungle,,/,/,,King_Tanker_Shock,,,ATT_CLAW,,,Grenade_Explosion_Concussive,,,,,,/,,300,#REF!,300,100,100,,50,4,,/,/,10,,/,,,,,1,1,6,/,,,,,extinguishable,,,,,,,,,,,,
King_Tanker_Shock,jungle,,/,/,,,,,,,,,,,,/,,,,,,/,/,/,,200,8,,/,/,/,,,/,/,,,,/,0,/,,,,,extinguishable,,,noBlastReduction,,,,,,,,,
King_Tanker_Acid,jungle,,/,Invisible_Shell,,Tanker_Acid_Pool,,,,,Tanker_Spark ,Tanker_Acid,,,,Tanker_Acid_Impact,,/,,35,#REF!,35,80,80,,40,3,,/,/,18,,/,,40,,,0.2,3,6.4,/,,,,,extinguishable; minion,,acid,,AlwaysTargetGround,,onHit: PassThroughDamage,,,,,,
,,,,,,,,,,,,,,,,,,,,,,,,,,,,,,,,,,,,,,,,,,,,,,,,,,,,,,,,,,
// VEGETATION,,,,,,,,,,,,,,,,,,,,,,,,,,,,,,,,,,,,,,,,,,,,,,,,,,,,,,,,,,
Plant_Spiker_Shot,jungle,,/,/,,Spike_Shock,1,,,,,/,,,,Spiker_Burst,,,,,,65,50,50,,30,0.5,,/,/,2,,,,,,,2,/,7,30,,,,,solid; extinguishable,,,unaimed;indirectFire;noBlastReduction;detonateOnSource,,,,,,,,,
Plant_Spitter_Shot,jungle,,/,Spitter_Spit,Needler_Shot,,,,ATT_SPITTER,,,Spikes_Burst,,,Spit_Impact,Spit_Impact,,Water_Splash_Small,,3,#REF!,5,40,40,20,20,6,,/,/,20,,,max: 1,50,,,2,0.5,3.5,/,turret,fovweighted,,,solid; extinguishable,,hidden,spreadFire,,,onHit: None,,,,,,
,,,,,,,,,,,,,,,,,,,,,,,,,,,,,,,,,,,,,,,,,,,,,,,,,,,,,,,,,,
Fire_Mine_Projectile,jungle,,/,Sensor_Flare,,,1,/,Rifle_Grenade,,,Grenade_Launcher,,,,Sensor_Activate,,Water_Splash_Small,,#VALUE!,#VALUE!,/,/,,,/,/,,/,/,35,,/,/,20,,,,/,2.6,/,,,,,/,,,indirectFire,,,onHit: None,,,,,,
Fire_Mine_Jungle_Explosion,jungle,,/,/,,,1,,,,,/,,,,Grenade_Explosion_Concussive,,,,,,250,100,,,50,7,,/,/,5,,,,,,,,/,0.5,20,,,,,solid; extinguishable,,scorching,unaimed;indirectFire;detonateOnSource;noModifierBonus;onFireKillUnit;friendlyFire;noBlastReduction,,,,,,,,,
,,,,,,,,,,,,,,,,,,,,,,,,,,,,,,,,,,,,,,,,,,,,,,,,,,,,,,,,,,
Carnivore_Claws,jungle,,/,/,,,,,Claw,,,,,,,,,/,,12,#REF!,30,30,30,,50,,,/,/,/,,/,,,,,0.75,0.75,1.5,/,,,,,extinguishable; meleeImmune,,,,,,,,,,,,
Herbivore_Claws,jungle,,/,,,,3,,ATT_GRENDR,,,Plasma_Burst_Small,,,Plasma_Explosion_Small,Plasma_Explosion_Small,,Water_Splash_Large,,20,#REF!,100,20,10,,400,2.5,,/,/,250,,16,min: 1; max: 2,15,,,1.5,1.33,10.5,50,,,,,extinguishable; minion,,,friendlyFire;spreadFire;indirectFire; noBlastReduction,,,onHit: None,,,,,,
Jungle_Mind_Control_Shot,jungle,,/,Bug_Control_Device_Projectile,,,1.2,,Dart_Gun_Shot,,,,,,Autocannon_Hit,,,Water_Splash_Tiny,,120,#REF!,/,/,,,200,,,/,/,999,,,/,60,20,0.2,1,1,2,10,,,,,solid; massive; extinguishable,,,indirectFire;forceStun;longStun;noModifierBonus,,,onHit: DetonateOnTargetOnly,,,valid: (attribute: mindControllable); range: 35; leash: (leashRadius: 30; hysteresis: 5),,,
,,,,,,,,,,,,,,,,,,,,,,,,,,,,,,,,,,,,,,,,,,,,,,,,,,,,,,,,,,
// FLEET DLC,,FleetDLC,,,,,,,,,,,,,,,,,,,,,,,,,,,,,,,,/,,,,,,,,,,,,,,,,,,,,,,,,
,,,,,,,,,,,,,,,,,,,,,,,,,,,,,,,,,,,,,,,,,,,,,,,,,,,,,,,,,,
Marines_Burst,base,FleetDLC,/,Tracer,Tracer,,1,/,burstStart: Carbine,,,Muzzle_Flash_4,,,,Bullet_Impact_Dust,Bullet_Impact_Hard,Water_Splash_Tiny,,1.4,#REF!,7,20,,3,2,,,2,0.3,35,10,/,max: 8,78,,,0.2,0.2,0.9,/,,,,,#REF!,,,burstEffect;spreadFire,,,,,,,,,
Marines_Shotgun,base,FleetDLC,/,Invisible,,,1,2,Frag_Gun_Direct,,,Frag_Shot,,,,,,/,,10,50,10,60,50,,70,,,/,/,8,3,,,100,,,0.4,0.4,6.4,/,,,,,solid; extinguishable,,scorching,spreadFire;constantFireRate;forceStun,,,onHit: None,,,,,,
MANPAD_Shot,base,FleetDLC,/,Rocket,Rocket,,2,,Missile,,,Recoilless_Rifle_Shot,,,Flak_Explosion,Flak_Explosion,,Water_Splash_Small,,36,#REF!,60,40,10,100,,5,,/,/,40,,4,max: 1,50,,,0.8,0.2,1.8,/,,,,200,solid; extinguishable,,,spreadFire;constantFireRate,,,,,,,,,
TAC_Missile_Strafe,base,FleetDLC,/,/,,,1,,/,,,Laser_Green_Flash,,,Bullet_Impact_Hard,Bullet_Impact_Hard,Bullet_Impact_Hard,Bullet_Impact_Hard,,#VALUE!,#VALUE!,/,/,/,,/,/,,/,/,40,,4,/,/,,,,/,3.5,5,,,,,solid; extinguishable,,,unaimed;constantFireRate;noModifierBonus;spreadFire,,,,,,,timeline: tac_strafe_missiles; rotation: 45; swapRotationAfterShot: true,,
TAC_Missile_Projectile,base,FleetDLC,/,Gunship_Rocket,,,1.5,,Missile,,,/,,,,Mjolnir_Explosion,,Water_Splash_Large,,150,#REF!,150,100,20,,80,2,,/,/,100,,,/,200,,,,/,4,5,,,,,solid; extinguishable,,,unaimed;forceStun;indirectFire; noModifierBonus;noBlastReduction,,,onHit: None,,,,,,
TAC_Minigun_Strafe,base,FleetDLC,/,/,,,1,,/,,,Laser_Green_Flash,,,Bullet_Impact_Hard,Bullet_Impact_Hard,Bullet_Impact_Hard,Bullet_Impact_Hard,,#VALUE!,#VALUE!,/,/,/,,/,/,,/,/,40,,4,/,/,,,,/,3.5,5,,,,,solid; extinguishable,,,unaimed;constantFireRate;noModifierBonus;spreadFire,,,,,,,timeline: tac_strafe_minigun; rotation: 45; swapRotationAfterShot: true,,
TAC_Minigun_Projectile,base,FleetDLC,/,Tracer,,,1.5,,Hover_HMG_Burst,,,/,,,,Bullet_Impact_Dust_Heavy,Bullet_Impact_Dust_Heavy,Water_Splash_Large,,35,#REF!,35,80,20,,80,2,,/,/,100,,4,max: 2,120,,,,/,4,5,,,,,solid; extinguishable,,,unaimed;forceStun;indirectFire; noModifierBonus,,,onHit: None,,,,,,
TAC_Cannon_Strafe,base,FleetDLC,/,/,,,1,,/,,,Laser_Green_Flash,,,Bullet_Impact_Hard,Bullet_Impact_Hard,Bullet_Impact_Hard,Bullet_Impact_Hard,,#VALUE!,#VALUE!,/,/,/,,/,/,,/,/,40,,4,/,/,,,,/,3.5,5,,,,,solid; extinguishable,,,unaimed;constantFireRate;noModifierBonus;spreadFire,,,,,,,timeline: tac_strafe_cannons; rotation: 45; swapRotationAfterShot: true,,
TAC_Cannon_Projectile,base,FleetDLC,/,Tracer,,,1.5,,Autocannon_V2,,,/,,,,Bullet_Impact_Dust_Heavy,Bullet_Impact_Dust_Heavy,Water_Splash_Large,,35,#REF!,35,80,20,,80,2,,/,/,100,,4,max: 2,120,,,,/,4,5,,,,,solid; extinguishable,,,unaimed;forceStun;indirectFire;noModifierBonus,,,onHit: None,,,,,,
TAC_Strike_Laser,base,FleetDLC,/,/,,,1,/,,,,Laser_Pointer_Green,,,,,,Water_Splash_Tiny,,#VALUE!,#VALUE!,/,/,,,,,,/,/,200,,/,/,/,,,/,/,1,/,,,,,solid; extinguishable,,,indirectFire;stealthFire,,,,,,,,,
Hover_Missile_Launcher_Burst,base,FleetDLC,/,Hover_Missile,,,1,,Missile_V2,,,,,,,Rocket_APHE,,Water_Splash_Small,,80,#REF!,80,60,40,,30,3,,4,0.3,65,,15,max: 2,30,,,,/,3.9,20,,,,200,solid; extinguishable,armored,,indirectFire,,,,,,,,,
Ammo_Drop_Crate_Projectile,base,FleetDLC,/,Drop_Crate,,Ammo_Drop_Crate,1,/,Mortar_Mech,,,/,,,,Ammo_Drop_Crate_Impact,,Water_Splash_Small,,200,#REF!,200,60,,,/,2,,/,/,20,,/,/,30,,,/,/,0,40,,,,,,,,indirectFire;friendlyFire,,,onHit: None,,,,,,
Ammo_Drop_Crate_Explosion,base,FleetDLC,/,/,,,1,,,,,/,,,,Demolition_Explosion,,,,64,#REF!,80,50,30,,,4,,/,/,/,,,,,,,,/,0,50,,,,,solid; extinguishable,,,friendlyFire;noModifierBonus;noBlastReduction,,,,,,,,,
Ammo_Drop_Crate_Burst,base,FleetDLC,/,/,,,1,,Frag_Mine,,,/,,,,Frag_Mine_Explosion,,,,50,667,30,30,10,,30,7,,10,0.3,30,,,,,,,,/,3.7,10,,,,,solid; extinguishable,,,unaimed;indirectFire;detonateOnSource;noModifierBonus;friendlyFire;noBlastReduction,,,,,,,,,
Support_Drop_Crate_Projectile,base,FleetDLC,/,Drop_Crate,,Support_Drop_Crate,1,/,Mortar_Mech,,,/,,,,Ammo_Drop_Crate_Impact,,Water_Splash_Small,,200,#REF!,200,60,,,/,2,,/,/,20,,/,/,30,,,/,/,0,40,,,,,,,,indirectFire;friendlyFire,,,onHit: None,,,,,,
Loitering_Munition_Shot,base,FleetDLC,/,/,,,,,,,,Firehopper_Kamikaze_Explosion,,,,,,/,,120,#REF!,120,60,,,/,2,,/,/,/,,/,,,,,/,/,1,/,,,,,extinguishable,,,onFireKillUnit,,,,,,,,,
Cruiser_Missile,base,FleetDLC,/,Orbital_Missile,,,1,,Missile,,,,,,Fireball,Fireball,,Water_Splash_Large,,,,200,40,,,100,6,,/,/,20,,/,max: 8,70,,,,/,2,70,,,,,solid; extinguishable,,,unaimed;noModifierBonus,,,,,,,,,
,,,,,,,,,,,,,,,,,,,,,,,,,,,,,,,,,,,,,,,,,,,,,,,,,,,,,,,,,,
// TEST WEAPONS,,,,,,,,,,,,,,,,,,,,,,,,,,,,,,,,,/,,,,,,,,,,,,,,,,,,,,,,,,,
Test_Weapon_NoReload,base,,/,Invisible,,,1,3,,,,,,,,,,/,,30,#REF!,30,70,50,,10,,,7,0.2,30,20,,,100,,,/,/,1.2,/,,,,,structure; solid; inanimate; extinguishable; radiationImmune,,scorching,burstEffect; StopBurstEffectManually; friendlyFire,,,onHit: PassThroughDamage,,,,,,
Test_Weapon_FiringArc_Turret,base,,,Shell_Tracer,,,0.09,,Longsword_Attack,,,Recoilless_Rifle_Shot,,,Rifle_Grenade_Explosion,Rifle_Grenade_Explosion,,Water_Splash_Tiny,,,,150,80,10,,20,,,,,40,8,,,80,,,0.2,,1.7,5,turret,fovweighted,,,solid; extinguishable,,,,,,,,,,,,
,,,,,,,,,,,,,,,,,,,,,,,,,,,,,,,,,,,,,,,,,,,,,,,,,,,,,,,,,,
Camera_Extinguisher,base,,Camera,/,,,2,,,,,,,,,,,,,,,1,/,,,,,,5,0.1,12,,,,,,,0.5,/,0.9,/,,,,,all,extinguishable,hidden,indirectFire;stealthFire,,,,,,,,,
,,,,,,,,,,,,,,,,,,,,,,,,,,,,,,,,,,,,,,,,,,,,,,,,,,,,,,,,,,
,,,,,,,,,,,,,,,,,,,,,,,,,,,,,,,,,,,,,,,,,,,,,,,,,,,,,,,,,,
// PROTOTYPING,,,,,,,,,,,,,,,,,,,,,,,,,,,,,,,,,,,,,,,,,,,,,,,,,,,,,,,,,,
,,,,,,,,,,,,,,,,,,,,,,,,,,,,,,,,,,,,,,,,,,,,,,,,,,,,,,,,,,
Native_Rifle,,UnitPrototyping,Morita_MkI,Tracer,Tracer,,1,,Rifle,,,Muzzle_Flash_Single,,,,Bullet_Impact_Dust,Bullet_Impact_Hard,Water_Splash_Tiny,,,,15,20,,6,,,,/,/,45,10,,max: 2,100,,,0.3,/,2.3,/,,,,,solid; extinguishable,,,spreadFire,,,,,,,,,
Beacon_Pod,,UnitPrototyping,/,Sensor_Flare,,Radio_Dropzone,1,/,Rifle_Grenade,,,Grenade_Launcher,,,,Sensor_Activate,,Water_Splash_Small,,#VALUE!,#VALUE!,/,/,,,/,/,,/,/,20,,/,/,20,,,,/,2.6,/,,,,,,,,indirectFire,,,onHit: None,,,,,,
Spike,,UnitPrototyping,/,/,,Spike_Shock,1,,,,,/,,,,Spiker_Burst,,,,,,50,30,,,,1,,/,/,30,,1,max: 0 4,,,,,/,0.5,/,,,,,solid; extinguishable,,,unaimed;indirectFire;noBlastReduction,,,,,,,,,
Spike_Shock,,UnitPrototyping,/,/,,,1,,,,,/,,,,,,,,,,/,/,,,70,4,,/,/,/,,,,,,,,/,0,/,,,,,solid; extinguishable,,hidden,,,,,,,,,,
Turret_Plasma,,UnitPrototyping,/,Small_Plasma,,Grenadier_Plasma_Shock,1,,ATT_GRENDR,,,Plasma_Burst_Small,,,Plasma_Explosion_Small,Plasma_Explosion_Small,,Water_Splash_Large,,10,#REF!,50,20,,,,2,,5,0.01,50,,,max: 8,40,,,1.5,3,5.54,50,,,,,extinguishable,,,friendlyFire;spreadFire;indirectFire;unaimed,,,onHit: None,,,,,,
Turret_Plasma_Accurate,,UnitPrototyping,/,Small_Plasma,,Grenadier_Plasma_Shock,1,,ATT_GRENDR,,,Plasma_Burst_Small,,,Plasma_Explosion_Small,Plasma_Explosion_Small,,Water_Splash_Large,,6,#REF!,30,20,,,,2,,/,/,50,,,max: 2,40,,,,/,0,50,,,,,extinguishable,,,friendlyFire;spreadFire;indirectFire;unaimed,,,onHit: None,,,,,,
Worm_Attack,,UnitPrototyping,/,/,,Worm_Shock,1,,,,,/,,,Spiker_Burst,,,,,,,100,60,,,,6,,/,/,2,,,,,,,3,5,8,/,,,,,solid; extinguishable,,,unaimed;indirectFire;noBlastReduction,,,,,,,,,
Worm_Shock,,UnitPrototyping,/,/,,,1,,,,,/,,,,,,,,,,/,/,,,70,4,,/,/,/,,,,,,,,/,0,/,,,,,solid; extinguishable,,hidden,,,,,,,,,,
Artillery_Shell,,UnitPrototyping,/,Mortar,,,0.075,,M11_Mortar,,,M11_Mortar,,,,M11_Mortar_Explosion,,Water_Splash_Small,,80,#REF!,200,30,30,,50,2,,/,/,130,,30,max: 2,100,,,1.2,1,3.2,50,turret,fovweighted,,,solid; extinguishable,,,indirectFire;noModifierBonus,,,onHit: None,,,,,,
Tesla_Shot,,UnitPrototyping,/,Tesla_Shot,,,1,3,burstStart: Electro_Shock,,,E-Pulse_Flash,,,,,,,,12,#REF!,15,50,10,,20,1,,4,0.2,18,,,max: 4,120,,,0.5,0.5,4.1,/,,,,,extinguishable,,scorching,burstEffect;spreadFire;noBlastReduction,,,,,,,,,
Tesla_Charging,,UnitPrototyping,/,Tesla_Shot,,,1,3,burstStart: Electro_Shock,,,E-Pulse_Flash,,,,,,,,#VALUE!,#VALUE!,/,/,,,/,/,,/,/,18,,,max: 2,120,,,0.5,0.5,3.5,/,,,,,extinguishable,,scorching,burstEffect;spreadFire;noBlastReduction,,,,,,,,,
Tesla_Shock,,UnitPrototyping,/,/,,,,,,,,,,,,,,,,,,/,/,,,10,3,,/,/,/,,,/,/,,,,/,0,/,,,,,solid; massive; extinguishable,,,,,,,,,,,,
E-Bomber_Shot_Far,,UnitPrototyping,/,E-Bomb,,E-Bomber_Shock,1,/,Chemical_Shot,,,Grenade_Launcher,,,,Plasma_Scorpion_Explosion,,Water_Splash_Small,,80,#REF!,80,80,40,,30,2,0.5,/,/,25,,,max: 3,40,,,0.2,0.5,5.2,5,,,,,solid; extinguishable,,hidden,forceStun;longStun;noModifierBonus;spreadFire,,,onHit: None,,,,,,
E-Bomber_Shot_Close,,UnitPrototyping,/,E-Bomb,,,1,/,Chemical_Shot,,,Grenade_Launcher,,,Autocannon_Hit,Autocannon_Hit,,Water_Splash_Small,,16,#REF!,40,30,10,,/,/,/,/,/,12,,,max: 2,40,,,0.2,0.5,1.2,5,,,,,solid; extinguishable,,hidden,noModifierBonus;spreadFire,,,,,,,,,
E-Bomber_Shock,,UnitPrototyping,/,/,,,,,,,,,,,,/,,,,,,/,/,,,200,4,,/,/,/,,,/,/,,,,/,0,/,,,,,solid; massive; extinguishable,,,,,,,,,,,,
Ramping_Laser,,UnitPrototyping,/,Plasma_Beam,,,1,3,,,,E-Pulse_Flash,,,,,,Water_Splash_Tiny,,30,#REF!,30,80,,,20,/,,5,0.2,45,2,/,/,200,,,,/,1,/,turret,fovweighted,,,solid; extinguishable,,scorching,forceStun,,,,,,,,,
Nightstick_Melee,,UnitPrototyping,/,/,,,,,,,,,,,,Electric_Sparks,,/,,35,#REF!,35,70,30,,110,1,,/,0.2,/,,/,,,,,0.5,0.5,1,/,,,,,solid; extinguishable,,hidden,forceStun,,,,,,,,,
,,,,,,,,,,,,,,,,,,,,,,,,,,,,,,,,,,,,,,,,,,,,,,,,,,,,,,,,,,
Container_Impact,,UnitPrototyping,/,/,,,1,,Frag_Mine,,,/,,,,Container_Impact,,,,50,#REF!,50,60,,,5,7,,/,0.5,30,,,,,,,,/,1,10,,,,,solid; extinguishable,,,unaimed;indirectFire;detonateOnSource;noModifierBonus;noBlastReduction,,,,,,,,,
Bug_Cage_Impact,,UnitPrototyping,/,/,,,1,,Frag_Mine,,,/,,,,Bug_Cage_Impact,,,,50,#REF!,50,60,,,5,7,,/,0.5,30,,,,,,,,/,1,10,,,,,solid; extinguishable,,,unaimed;indirectFire;detonateOnSource;noModifierBonus;noBlastReduction,,,,,,,,,
,,,,,,,,,,,,,,,,,,,,,,,,,,,,,,,,,,,,,,,,,,,,,,,,,,,,,,,,,,
E-Pulse_88,,UnitPrototyping,/,E-Pulse,E-Pulse,,1,/,E-Pulse,,,E-Pulse_Flash,,,E-Pulse_Hit,Bullet_Impact_Dust,Bullet_Impact_Hard,Water_Splash_Tiny,,10,#REF!,10,70,,3,/,,,3,0.2,30,4,/,max: 10; air: 20,120,,,/,/,0.6,/,,,,,solid; extinguishable,,,spreadFire,,,,,,,,,
,,,,,,,,,,,,,,,,,,,,,,,,,,,,,,,,,,,,,,,,,,,,,,,,,,,,,,,,,,
Electro-Shocker_Shot,,UnitPrototyping,/,/,,,1,,,,,Electro_Shock,,,,,,,,,,5,/,,,70,10,,/,/,5,,,,,,,,/,1.2,/,,,,,solid; extinguishable,,scorching,ignoreArmor;unaimed;friendlyFire;noModifierBonus;detonateOnSource,,attacksToOverheat: 5; cooldownTime: 10,,,,,,,
,,,,,,,,,,,,,,,,,,,,,,,,,,,,,,,,,,,,,,,,,,,,,,,,,,,,,,,,,,
Immulator_Bug_Suicide,lava,,/,/,,,,,,,,,,,,,,/,,#VALUE!,#VALUE!,/,/,/,,/,/,,/,/,/,,/,,,,,/,1,1,/,,,,,extinguishable,,,onFireKillUnit,,,,,,,,,
Immulator_Bug_Timer,lava,,/,Burster_Spit,/,,1,/,Burster_Attack_01,,Burster_Wind_Up,,,Spit_Impact,,Burster_Shot_Explosion,,Water_Splash_Small,,200,#REF!,200,100,20,,/,6,2,/,/,/,,/,max: 0.5,20,,,/,0.5,4,20,,,,,solid; extinguishable,,,friendlyFire;indirectFire;forceStun;longStun,,,onHit: None,,,,,,
P_Spaker_Explode,,UnitPrototyping,/,Burster_Spit,Needler_Shot,,1,/,Burster_Attack_01,,Burster_Wind_Up,,,Spit_Impact,,Burster_Shot_Explosion,,Water_Splash_Small,,100,#REF!,100,100,20,10,/,6,1,/,0.5,/,,7,max: 0.5,20,,,1.5,0.5,5.5,20,,,,,solid; extinguishable,,,friendlyFire;indirectFire;forceStun;longStun,,,onHit: None,,,,,,
